2026-02-04 11:24:00:105 [Appium] Welcome to Appium v3.1.2
2026-02-04 11:24:00:110 [Appium] The autodetected Appium home path: /Users/meezotech/.appium
2026-02-04 11:24:00:110 [Appium] Attempting to load driver xcuitest...
2026-02-04 11:24:00:114 [Appium] Requiring driver at /Users/meezotech/.appium/node_modules/appium-xcuitest-driver/build/lib/index.js
2026-02-04 11:24:01:452 [Appium] XCUITestDriver has been successfully loaded in 1.341s
2026-02-04 11:24:01:504 [Appium] Appium REST http interface listener started on http://0.0.0.0:4723
2026-02-04 11:24:01:506 [Appium] You can provide the following URLs in your client code to connect to this server:
	http://127.0.0.1:4723/ (only accessible from the same host)
	http://192.168.0.102:4723/
2026-02-04 11:24:01:506 [Appium] Available drivers:
2026-02-04 11:24:01:507 [Appium]   - xcuitest@10.15.0 (automationName 'XCUITest')
2026-02-04 11:24:01:507 [Appium] No plugins have been installed. Use the "appium plugin" command to install the one(s) you want to use.
2026-02-04 11:24:09:345 [HTTP] Request idempotency key: 06e063b9-5e21-43e5-a344-8769322f46be
2026-02-04 11:24:09:364 [HTTP] --> POST /session {"capabilities":{"firstMatch":[{}],"alwaysMatch":{"appium:automationName":"XCUITest","platformName":"iOS","appium:platformVersion":"17.0","appium:deviceName":"iPhone 17","appium:udid":"BF288222-4428-4E67-8878-2DAC2732FE3A","appium:bundleId":"com.yumealz.uat","appium:noReset":false,"appium:showXcodeLog":false,"appium:wdaStartupRetries":1,"appium:autoAcceptAlerts":true}}}
2026-02-04 11:24:09:366 [AppiumDriver@a33e] Calling AppiumDriver.createSession() with args: [{"firstMatch":[{}],"alwaysMatch":{"appium:automationName":"XCUITest","platformName":"iOS","appium:platformVersion":"17.0","appium:deviceName":"iPhone 17","appium:udid":"BF288222-4428-4E67-8878-2DAC2732FE3A","appium:bundleId":"com.yumealz.uat","appium:noReset":false,"appium:showXcodeLog":false,"appium:wdaStartupRetries":1,"appium:autoAcceptAlerts":true}},{"firstMatch":[{}],"alwaysMatch":{"appium:automationName":"XCUITest","platformName":"iOS","appium:platformVersion":"17.0","appium:deviceName":"iPhone 17","appium:udid":"BF288222-4428-4E67-8878-2DAC2732FE3A","appium:bundleId":"com.yumealz.uat","appium:noReset":false,"appium:showXcodeLog":false,"appium:wdaStartupRetries":1,"appium:autoAcceptAlerts":true}},{"firstMatch":[{}],"alwaysMatch":{"appium:automationName":"XCUITest","platformName":"iOS","appium:platformVersion":"17.0","appium:deviceName":"iPhone 17","appium:udid":"BF288222-4428-4E67-8878-2DAC2732FE3A","appium:bundleId":"com.yumealz.uat","appium:noReset":false,"appium:showXcodeLog":false,"appium:wdaSta...
2026-02-04 11:24:09:368 [AppiumDriver@a33e] Event 'newSessionRequested' logged at 1770204249367 (16:24:09 GMT+0500 (Pakistan Standard Time))
2026-02-04 11:24:09:372 [Appium] Attempting to find matching driver for automationName 'XCUITest' and platformName 'iOS'
2026-02-04 11:24:09:373 [Appium] The 'xcuitest' driver was installed and matched caps.
2026-02-04 11:24:09:373 [Appium] Will require it at /Users/meezotech/.appium/node_modules/appium-xcuitest-driver
2026-02-04 11:24:09:374 [Appium] Requiring driver at /Users/meezotech/.appium/node_modules/appium-xcuitest-driver/build/lib/index.js
2026-02-04 11:24:09:374 [AppiumDriver@a33e] Appium v3.1.2 creating new XCUITestDriver (v10.15.0) session
2026-02-04 11:24:09:374 [AppiumDriver@a33e] Checking BaseDriver versions for Appium and XCUITestDriver
2026-02-04 11:24:09:375 [AppiumDriver@a33e] Appium's BaseDriver version is 10.1.2
2026-02-04 11:24:09:375 [AppiumDriver@a33e] XCUITestDriver's BaseDriver version is 10.1.2
2026-02-04 11:24:09:378 [XCUITestDriver@b9d9] 
2026-02-04 11:24:09:378 [XCUITestDriver@b9d9] Creating session with W3C capabilities: {
  "alwaysMatch": {
    "platformName": "iOS",
    "appium:automationName": "XCUITest",
    "appium:platformVersion": "17.0",
    "appium:deviceName": "iPhone 17",
    "appium:udid": "BF288222-4428-4E67-8878-2DAC2732FE3A",
    "appium:bundleId": "com.yumealz.uat",
    "appium:noReset": false,
    "appium:showXcodeLog": false,
    "appium:wdaStartupRetries": 1,
    "appium:autoAcceptAlerts": true
  },
  "firstMatch": [
    {}
  ]
}
2026-02-04 11:24:09:385 [4324adab][XCUITestDriver@b9d9] Session created with session id: 4324adab-ff5a-46d8-a242-559fd2ef220d
2026-02-04 11:24:09:396 [4324adab][XCUITest] Current user: 'meezotech'
2026-02-04 11:24:09:412 [4324adab][XCUITestDriver@b9d9] Available real devices: 
2026-02-04 11:24:09:855 [4324adab][XCUITestDriver@b9d9] Constructing iOS simulator for Xcode version 26.1 with udid 'BF288222-4428-4E67-8878-2DAC2732FE3A'
2026-02-04 11:24:09:856 [4324adab][XCUITestDriver@b9d9] Determining device to run tests on: udid: 'BF288222-4428-4E67-8878-2DAC2732FE3A', real device: false
2026-02-04 11:24:09:856 [4324adab][XCUITestDriver@b9d9] Event 'xcodeDetailsRetrieved' logged at 1770204249856 (16:24:09 GMT+0500 (Pakistan Standard Time))
2026-02-04 11:24:09:857 [4324adab][XCUITestDriver@b9d9] Event 'appConfigured' logged at 1770204249857 (16:24:09 GMT+0500 (Pakistan Standard Time))
2026-02-04 11:24:09:857 [4324adab][XCUITestDriver@b9d9] Event 'resetStarted' logged at 1770204249857 (16:24:09 GMT+0500 (Pakistan Standard Time))
2026-02-04 11:24:10:438 [4324adab][XCUITestDriver@b9d9] Found 28 com.yumealz.uat app files to scrub
2026-02-04 11:24:10:634 [4324adab][simctl] Error running 'terminate': An error was encountered processing the command (domain=NSPOSIXErrorDomain, code=3):
Simulator device failed to terminate com.yumealz.uat.
found nothing to terminate
Underlying error (domain=NSPOSIXErrorDomain, code=3):
	The request to terminate "com.yumealz.uat" failed. found nothing to terminate
	found nothing to terminate
2026-02-04 11:24:10:641 [4324adab][XCUITestDriver@b9d9] Event 'resetComplete' logged at 1770204250641 (16:24:10 GMT+0500 (Pakistan Standard Time))
2026-02-04 11:24:10:642 [4324adab][XCUITestDriver@b9d9] Using WDA path: '/Users/meezotech/.appium/node_modules/appium-xcuitest-driver/node_modules/appium-webdriveragent'
2026-02-04 11:24:10:642 [4324adab][XCUITestDriver@b9d9] Using WDA agent: '/Users/meezotech/.appium/node_modules/appium-xcuitest-driver/node_modules/appium-webdriveragent/WebDriverAgent.xcodeproj'
2026-02-04 11:24:10:838 [4324adab][XCUITestDriver@b9d9] Starting log capture for iOS Simulator with udid 'BF288222-4428-4E67-8878-2DAC2732FE3A' via simctl using the following arguments 'log stream --style compact'
2026-02-04 11:24:11:814 [4324adab][XCUITestDriver@b9d9] Event 'logCaptureStarted' logged at 1770204251814 (16:24:11 GMT+0500 (Pakistan Standard Time))
2026-02-04 11:24:11:815 [4324adab][XCUITestDriver@b9d9] Setting up simulator
2026-02-04 11:24:11:816 [4324adab][XCUITestDriver@b9d9] Setting preferences of BF288222-4428-4E67-8878-2DAC2732FE3A Simulator to {"ConnectHardwareKeyboard":false}
2026-02-04 11:24:11:816 [4324adab][XCUITestDriver@b9d9] Setting common Simulator preferences to {"RotateWindowWhenSignaledByGuest":true,"StartLastDeviceOnLaunch":false,"DetachOnWindowClose":false,"AttachBootedOnStart":true,"ConnectHardwareKeyboard":false,"PasteboardAutomaticSync":false}
2026-02-04 11:24:11:867 [4324adab][XCUITestDriver@b9d9] Updated BF288222-4428-4E67-8878-2DAC2732FE3A Simulator preferences at '/Users/meezotech/Library/Preferences/com.apple.iphonesimulator.plist' with {"RotateWindowWhenSignaledByGuest":true,"StartLastDeviceOnLaunch":false,"DetachOnWindowClose":false,"AttachBootedOnStart":true,"ConnectHardwareKeyboard":false,"PasteboardAutomaticSync":false,"DevicePreferences":{"BF288222-4428-4E67-8878-2DAC2732FE3A":{"SimulatorExternalDisplay":2114,"ConnectHardwareKeyboard":false,"ChromeTint":"","SimulatorWindowGeometry":{"12ADE5F9-49F4-4C5F-B805-F5CEDB4BEE82":{"WindowCenter":"{1453.5, 543.5}","WindowScale":0.9582417582417583}},"SimulatorWindowOrientation":"Portrait","SimulatorWindowRotationAngle":0}}}
2026-02-04 11:24:12:139 [4324adab][XCUITestDriver@b9d9] Got Simulator UI client PID: 69788
2026-02-04 11:24:12:139 [4324adab][XCUITestDriver@b9d9] Both Simulator with UDID 'BF288222-4428-4E67-8878-2DAC2732FE3A' and the UI client are currently running
2026-02-04 11:24:12:141 [4324adab][XCUITestDriver@b9d9] Event 'simStarted' logged at 1770204252141 (16:24:12 GMT+0500 (Pakistan Standard Time))
2026-02-04 11:24:12:563 [4324adab][XCUITestDriver@b9d9] No obsolete cached processes from previous WDA sessions listening on port 8100 have been found
2026-02-04 11:24:12:563 [4324adab][DevCon Factory] Requesting connection for device BF288222-4428-4E67-8878-2DAC2732FE3A on local port 8100
2026-02-04 11:24:12:563 [4324adab][DevCon Factory] Cached connections count: 0
2026-02-04 11:24:12:563 [4324adab][DevCon Factory] Successfully requested the connection for BF288222-4428-4E67-8878-2DAC2732FE3A:8100
2026-02-04 11:24:12:564 [4324adab][XCUITestDriver@b9d9] Starting WebDriverAgent initialization with the synchronization key 'XCUITestDriver'
2026-02-04 11:24:12:565 [4324adab][WD Proxy] NoSessionProxy options: {"server":"127.0.0.1","port":8100,"base":"","timeout":3000,"scheme":"http","reqBasePath":"","sessionId":null}
2026-02-04 11:24:12:568 [4324adab][WD Proxy] Matched '/status' to command name 'getStatus'
2026-02-04 11:24:12:568 [4324adab][WD Proxy] Proxying [GET /status] to [GET http://127.0.0.1:8100/status] with no body
2026-02-04 11:24:12:581 [4324adab][WD Proxy] Got response with status 200: {"value":{"build":{"upgradedAt":"1768811601436","version":"11.1.0","time":"Jan 28 2026 13:44:49","productBundleIdentifier":"com.facebook.WebDriverAgentRunner"},"os":{"testmanagerdVersion":65535,"name":"iOS","sdkVersion":"26.1","version":"26.1"},"device":"iphone","ios":{"simulatorVersion":"26.1","ip":"192.168.0.102"},"message":"WebDriverAgent is ready to accept commands","state":"success","ready":true},"sessionId":"EE9AE050-975E-4A55-AA9A-715A8434EBF9"}
2026-02-04 11:24:12:582 [4324adab][XCUITestDriver@b9d9] Upgrade timestamp of the currently bundled WDA: 1768811601436
2026-02-04 11:24:12:582 [4324adab][XCUITestDriver@b9d9] Upgrade timestamp of the WDA on the device: 1768811601436
2026-02-04 11:24:12:582 [4324adab][XCUITestDriver@b9d9] Will reuse previously cached WDA instance at 'http://127.0.0.1:8100/' with 'com.facebook.WebDriverAgentRunner'. Set the wdaLocalPort capability to a value different from 8100 if this is an undesired behavior.
2026-02-04 11:24:12:582 [4324adab][XCUITestDriver@b9d9] Trying to start WebDriverAgent 1 times with 10000ms interval
2026-02-04 11:24:12:582 [4324adab][XCUITestDriver@b9d9] Event 'wdaStartAttempted' logged at 1770204252582 (16:24:12 GMT+0500 (Pakistan Standard Time))
2026-02-04 11:24:12:582 [4324adab][XCUITestDriver@b9d9] Using provided WebdriverAgent at 'http://127.0.0.1:8100/'
2026-02-04 11:24:12:583 [4324adab][XCUITestDriver@b9d9] JWProxy options: {"scheme":"http","server":"127.0.0.1","port":8100,"base":"","timeout":240000,"keepAlive":true,"reqBasePath":"","sessionId":null}
2026-02-04 11:24:12:583 [4324adab][XCUITestDriver@b9d9] NoSessionProxy options: {"scheme":"http","server":"127.0.0.1","port":8100,"base":"","timeout":240000,"keepAlive":true,"reqBasePath":"","sessionId":null}
2026-02-04 11:24:12:583 [4324adab][WD Proxy] NoSessionProxy options: {"server":"127.0.0.1","port":8100,"base":"","timeout":3000,"scheme":"http","reqBasePath":"","sessionId":null}
2026-02-04 11:24:12:584 [4324adab][WD Proxy] Matched '/status' to command name 'getStatus'
2026-02-04 11:24:12:584 [4324adab][WD Proxy] Proxying [GET /status] to [GET http://127.0.0.1:8100/status] with no body
2026-02-04 11:24:12:588 [4324adab][WD Proxy] Got response with status 200: {"value":{"build":{"upgradedAt":"1768811601436","version":"11.1.0","time":"Jan 28 2026 13:44:49","productBundleIdentifier":"com.facebook.WebDriverAgentRunner"},"os":{"testmanagerdVersion":65535,"name":"iOS","sdkVersion":"26.1","version":"26.1"},"device":"iphone","ios":{"simulatorVersion":"26.1","ip":"192.168.0.102"},"message":"WebDriverAgent is ready to accept commands","state":"success","ready":true},"sessionId":"EE9AE050-975E-4A55-AA9A-715A8434EBF9"}
2026-02-04 11:24:12:588 [4324adab][XCUITestDriver@b9d9] Event 'wdaSessionAttempted' logged at 1770204252588 (16:24:12 GMT+0500 (Pakistan Standard Time))
2026-02-04 11:24:12:588 [4324adab][XCUITestDriver@b9d9] Sending createSession command to WDA
2026-02-04 11:24:12:589 [4324adab][XCUITestDriver@b9d9] Matched '/session' to command name 'createSession'
2026-02-04 11:24:12:590 [4324adab][XCUITestDriver@b9d9] Proxying [POST /session] to [POST http://127.0.0.1:8100/session] with body: {"capabilities":{"firstMatch":[{"bundleId":"com.yumealz.uat","arguments":[],"environment":{},"eventloopIdleDelaySec":0,"shouldWaitForQuiescence":true,"shouldUseTestManagerForVisibilityDetection":false,"maxTypingFrequency":60,"shouldUseSingletonTestManager":true,"shouldTerminateApp":true,"forceAppLaunch":true,"useNativeCachingStrategy":true,"forceSimulatorSoftwareKeyboardPresence":true,"defaultAlertAction":"accept"}],"alwaysMatch":{}}}
2026-02-04 11:24:13:461 [4324adab][XCUITestDriver@b9d9] Parsed BUILD_DIR configuration value: '/Users/meezotech/.appium/node_modules/appium-xcuitest-driver/node_modules/appium-webdriveragent/build'
2026-02-04 11:24:13:462 [4324adab][XCUITestDriver@b9d9] Got derived data root: '/Users/meezotech/.appium/node_modules/appium-xcuitest-driver/node_modules'
2026-02-04 11:24:16:548 [4324adab][XCUITestDriver@b9d9] Got response with status 200: {"value":{"sessionId":"5EB332E7-FEEF-49F9-9948-43279FC4692B","capabilities":{"sdkVersion":"26.1","device":"iphone"}},"sessionId":"5EB332E7-FEEF-49F9-9948-43279FC4692B"}
2026-02-04 11:24:16:549 [4324adab][XCUITestDriver@b9d9] Determined the downstream protocol as 'W3C'
2026-02-04 11:24:16:549 [4324adab][XCUITestDriver@b9d9] WDA session startup took 3960ms
2026-02-04 11:24:16:549 [4324adab][XCUITestDriver@b9d9] Event 'wdaSessionStarted' logged at 1770204256549 (16:24:16 GMT+0500 (Pakistan Standard Time))
2026-02-04 11:24:16:549 [4324adab][XCUITestDriver@b9d9] WebDriverAgent version: '11.1.0'
2026-02-04 11:24:16:550 [4324adab][XCUITestDriver@b9d9] Event 'wdaStarted' logged at 1770204256550 (16:24:16 GMT+0500 (Pakistan Standard Time))
2026-02-04 11:24:16:550 [4324adab][BaseDriver] The value of 'elementResponseAttributes' setting did not change. Skipping the update for it
2026-02-04 11:24:16:551 [4324adab][BaseDriver] The value of 'shouldUseCompactResponses' setting did not change. Skipping the update for it
2026-02-04 11:24:16:551 [4324adab][XCUITestDriver@b9d9] Forwarding MJPEG server port 9100 to local port 9100
2026-02-04 11:24:16:551 [4324adab][DevCon Factory] Requesting connection for device BF288222-4428-4E67-8878-2DAC2732FE3A on local port 9100, device port 9100
2026-02-04 11:24:16:551 [4324adab][DevCon Factory] Cached connections count: 1
2026-02-04 11:24:16:552 [4324adab][DevCon Factory] Successfully requested the connection for BF288222-4428-4E67-8878-2DAC2732FE3A:9100
2026-02-04 11:24:16:552 [4324adab][AppiumDriver@a33e] New XCUITestDriver session created successfully, session 4324adab-ff5a-46d8-a242-559fd2ef220d added to master session list
2026-02-04 11:24:16:552 [4324adab][AppiumDriver@a33e] Event 'newSessionStarted' logged at 1770204256552 (16:24:16 GMT+0500 (Pakistan Standard Time))
2026-02-04 11:24:16:553 [4324adab][XCUITestDriver@b9d9] Cached the protocol value 'W3C' for the new session 4324adab-ff5a-46d8-a242-559fd2ef220d
2026-02-04 11:24:16:553 [4324adab][XCUITestDriver@b9d9] Responding to client with driver.createSession() result: {"capabilities":{"webStorageEnabled":false,"locationContextEnabled":false,"browserName":"","platform":"MAC","javascriptEnabled":true,"databaseEnabled":false,"takesScreenshot":true,"networkConnectionEnabled":false,"platformName":"iOS","automationName":"XCUITest","platformVersion":"17.0","deviceName":"iPhone 17","udid":"BF288222-4428-4E67-8878-2DAC2732FE3A","bundleId":"com.yumealz.uat","noReset":false,"showXcodeLog":false,"wdaStartupRetries":1,"autoAcceptAlerts":true}}
2026-02-04 11:24:16:558 [4324adab][HTTP] <-- POST /session 200 7194 ms - 532 
2026-02-04 11:24:16:561 [4324adab][HTTP] --> POST /session/4324adab-ff5a-46d8-a242-559fd2ef220d/element {"using":"name","value":"Skip"}
2026-02-04 11:24:16:563 [4324adab][XCUITestDriver@b9d9] Calling AppiumDriver.findElement() with args: ["name","Skip","4324adab-ff5a-46d8-a242-559fd2ef220d"]
2026-02-04 11:24:16:563 [4324adab][XCUITestDriver@b9d9] Executing command 'findElement'
2026-02-04 11:24:16:563 [4324adab][XCUITestDriver@b9d9] Valid locator strategies for this request: xpath, id, name, class name, -ios predicate string, -ios class chain, accessibility id, css selector
2026-02-04 11:24:16:564 [4324adab][XCUITestDriver@b9d9] Waiting up to 0 ms for condition
2026-02-04 11:24:16:566 [4324adab][XCUITestDriver@b9d9] Matched '/element' to command name 'findElement'
2026-02-04 11:24:16:566 [4324adab][XCUITestDriver@b9d9] Proxying [POST /element] to [POST http://127.0.0.1:8100/session/5EB332E7-FEEF-49F9-9948-43279FC4692B/element] with body: {"using":"name","value":"Skip"}
2026-02-04 11:24:16:727 [4324adab][XCUITestDriver@b9d9] Got response with status 404: {"value":{"error":"no such element","message":"unable to find an element using 'name', value 'Skip'","traceback":"(\n\t0   WebDriverAgentLib                   0x0000000116ad3462 FBNoSuchElementErrorResponseForRequest + 290\n\t1   WebDriverAgentLib                   0x0000000116ad3240 +[FBFindElementCommands handleFindElement:] + 352\n\t2   WebDriverAgentLib                   0x0000000116a92ccc -[FBRoute_TargetAction mountRequest:intoResponse:] + 172\n\t3   WebDriverAgentLib                   0x0000000116a79d99 __37-[FBWebServer registerRouteHandlers:]_block_invoke + 489\n\t4   WebDriverAgentLib                   0x0000000116ab5839 -[RoutingHTTPServer handleRoute:withRequest:response:] + 185\n\t5   WebDriverAgentLib                   0x0000000116ab6601 __72-[RoutingHTTPServer routeMethod:withPath:parameters:request:connection:]_block_invoke + 65\n\t6   libdispatch.dylib                   0x00007ff8026847ce _dispatch_client_callout + 6\n\t7   libdispatch.dylib                   0x00007ff80267a942 _dispatch_a...
2026-02-04 11:24:16:729 [4324adab][W3C] Matched W3C error code 'no such element' to NoSuchElementError
2026-02-04 11:24:16:730 [4324adab][XCUITestDriver@b9d9] Encountered internal error running command: NoSuchElementError: An element could not be located on the page using the given search parameters.
    at XCUITestDriver.doNativeFind (/Users/meezotech/.appium/node_modules/appium-xcuitest-driver/lib/commands/find.ts:205:13)
    at processTicksAndRejections (node:internal/process/task_queues:103:5)
    at XCUITestDriver.findNativeElementOrElements (/Users/meezotech/.appium/node_modules/appium-xcuitest-driver/lib/commands/find.ts:130:7)
    at XCUITestDriver.findElOrEls (/Users/meezotech/.appium/node_modules/appium-xcuitest-driver/lib/commands/find.ts:54:7)
    at XCUITestDriver.findElOrElsWithProcessing (/usr/local/lib/node_modules/appium/node_modules/@appium/base-driver/lib/basedriver/commands/find.ts:60:12)
    at XCUITestDriver.findElement (/usr/local/lib/node_modules/appium/node_modules/@appium/base-driver/lib/basedriver/commands/find.ts:75:12)
2026-02-04 11:24:16:731 [4324adab][HTTP] <-- POST /session/4324adab-ff5a-46d8-a242-559fd2ef220d/element 404 170 ms - 1010 
2026-02-04 11:24:17:234 [4324adab][HTTP] --> POST /session/4324adab-ff5a-46d8-a242-559fd2ef220d/element {"using":"name","value":"Skip"}
2026-02-04 11:24:17:235 [4324adab][XCUITestDriver@b9d9] Calling AppiumDriver.findElement() with args: ["name","Skip","4324adab-ff5a-46d8-a242-559fd2ef220d"]
2026-02-04 11:24:17:235 [4324adab][XCUITestDriver@b9d9] Executing command 'findElement'
2026-02-04 11:24:17:235 [4324adab][XCUITestDriver@b9d9] Valid locator strategies for this request: xpath, id, name, class name, -ios predicate string, -ios class chain, accessibility id, css selector
2026-02-04 11:24:17:235 [4324adab][XCUITestDriver@b9d9] Waiting up to 0 ms for condition
2026-02-04 11:24:17:235 [4324adab][XCUITestDriver@b9d9] Matched '/element' to command name 'findElement'
2026-02-04 11:24:17:236 [4324adab][XCUITestDriver@b9d9] Proxying [POST /element] to [POST http://127.0.0.1:8100/session/5EB332E7-FEEF-49F9-9948-43279FC4692B/element] with body: {"using":"name","value":"Skip"}
2026-02-04 11:24:17:789 [4324adab][XCUITestDriver@b9d9] Got response with status 404: {"value":{"error":"no such element","message":"unable to find an element using 'name', value 'Skip'","traceback":"(\n\t0   WebDriverAgentLib                   0x0000000116ad3462 FBNoSuchElementErrorResponseForRequest + 290\n\t1   WebDriverAgentLib                   0x0000000116ad3240 +[FBFindElementCommands handleFindElement:] + 352\n\t2   WebDriverAgentLib                   0x0000000116a92ccc -[FBRoute_TargetAction mountRequest:intoResponse:] + 172\n\t3   WebDriverAgentLib                   0x0000000116a79d99 __37-[FBWebServer registerRouteHandlers:]_block_invoke + 489\n\t4   WebDriverAgentLib                   0x0000000116ab5839 -[RoutingHTTPServer handleRoute:withRequest:response:] + 185\n\t5   WebDriverAgentLib                   0x0000000116ab6601 __72-[RoutingHTTPServer routeMethod:withPath:parameters:request:connection:]_block_invoke + 65\n\t6   libdispatch.dylib                   0x00007ff8026847ce _dispatch_client_callout + 6\n\t7   libdispatch.dylib                   0x00007ff80267a942 _dispatch_a...
2026-02-04 11:24:17:790 [4324adab][W3C] Matched W3C error code 'no such element' to NoSuchElementError
2026-02-04 11:24:17:791 [4324adab][XCUITestDriver@b9d9] Encountered internal error running command: NoSuchElementError: An element could not be located on the page using the given search parameters.
    at XCUITestDriver.doNativeFind (/Users/meezotech/.appium/node_modules/appium-xcuitest-driver/lib/commands/find.ts:205:13)
    at processTicksAndRejections (node:internal/process/task_queues:103:5)
    at XCUITestDriver.findNativeElementOrElements (/Users/meezotech/.appium/node_modules/appium-xcuitest-driver/lib/commands/find.ts:130:7)
    at XCUITestDriver.findElOrEls (/Users/meezotech/.appium/node_modules/appium-xcuitest-driver/lib/commands/find.ts:54:7)
    at XCUITestDriver.findElOrElsWithProcessing (/usr/local/lib/node_modules/appium/node_modules/@appium/base-driver/lib/basedriver/commands/find.ts:60:12)
    at XCUITestDriver.findElement (/usr/local/lib/node_modules/appium/node_modules/@appium/base-driver/lib/basedriver/commands/find.ts:75:12)
2026-02-04 11:24:17:792 [4324adab][HTTP] <-- POST /session/4324adab-ff5a-46d8-a242-559fd2ef220d/element 404 557 ms - 1010 
2026-02-04 11:24:18:296 [4324adab][HTTP] --> POST /session/4324adab-ff5a-46d8-a242-559fd2ef220d/element {"using":"name","value":"Skip"}
2026-02-04 11:24:18:297 [4324adab][XCUITestDriver@b9d9] Calling AppiumDriver.findElement() with args: ["name","Skip","4324adab-ff5a-46d8-a242-559fd2ef220d"]
2026-02-04 11:24:18:297 [4324adab][XCUITestDriver@b9d9] Executing command 'findElement'
2026-02-04 11:24:18:297 [4324adab][XCUITestDriver@b9d9] Valid locator strategies for this request: xpath, id, name, class name, -ios predicate string, -ios class chain, accessibility id, css selector
2026-02-04 11:24:18:297 [4324adab][XCUITestDriver@b9d9] Waiting up to 0 ms for condition
2026-02-04 11:24:18:297 [4324adab][XCUITestDriver@b9d9] Matched '/element' to command name 'findElement'
2026-02-04 11:24:18:298 [4324adab][XCUITestDriver@b9d9] Proxying [POST /element] to [POST http://127.0.0.1:8100/session/5EB332E7-FEEF-49F9-9948-43279FC4692B/element] with body: {"using":"name","value":"Skip"}
2026-02-04 11:24:18:428 [4324adab][XCUITestDriver@b9d9] Got response with status 404: {"value":{"error":"no such element","message":"unable to find an element using 'name', value 'Skip'","traceback":"(\n\t0   WebDriverAgentLib                   0x0000000116ad3462 FBNoSuchElementErrorResponseForRequest + 290\n\t1   WebDriverAgentLib                   0x0000000116ad3240 +[FBFindElementCommands handleFindElement:] + 352\n\t2   WebDriverAgentLib                   0x0000000116a92ccc -[FBRoute_TargetAction mountRequest:intoResponse:] + 172\n\t3   WebDriverAgentLib                   0x0000000116a79d99 __37-[FBWebServer registerRouteHandlers:]_block_invoke + 489\n\t4   WebDriverAgentLib                   0x0000000116ab5839 -[RoutingHTTPServer handleRoute:withRequest:response:] + 185\n\t5   WebDriverAgentLib                   0x0000000116ab6601 __72-[RoutingHTTPServer routeMethod:withPath:parameters:request:connection:]_block_invoke + 65\n\t6   libdispatch.dylib                   0x00007ff8026847ce _dispatch_client_callout + 6\n\t7   libdispatch.dylib                   0x00007ff80267a942 _dispatch_a...
2026-02-04 11:24:18:429 [4324adab][W3C] Matched W3C error code 'no such element' to NoSuchElementError
2026-02-04 11:24:18:430 [4324adab][XCUITestDriver@b9d9] Encountered internal error running command: NoSuchElementError: An element could not be located on the page using the given search parameters.
    at XCUITestDriver.doNativeFind (/Users/meezotech/.appium/node_modules/appium-xcuitest-driver/lib/commands/find.ts:205:13)
    at processTicksAndRejections (node:internal/process/task_queues:103:5)
    at XCUITestDriver.findNativeElementOrElements (/Users/meezotech/.appium/node_modules/appium-xcuitest-driver/lib/commands/find.ts:130:7)
    at XCUITestDriver.findElOrEls (/Users/meezotech/.appium/node_modules/appium-xcuitest-driver/lib/commands/find.ts:54:7)
    at XCUITestDriver.findElOrElsWithProcessing (/usr/local/lib/node_modules/appium/node_modules/@appium/base-driver/lib/basedriver/commands/find.ts:60:12)
    at XCUITestDriver.findElement (/usr/local/lib/node_modules/appium/node_modules/@appium/base-driver/lib/basedriver/commands/find.ts:75:12)
2026-02-04 11:24:18:430 [4324adab][HTTP] <-- POST /session/4324adab-ff5a-46d8-a242-559fd2ef220d/element 404 134 ms - 1010 
2026-02-04 11:24:18:936 [4324adab][HTTP] --> POST /session/4324adab-ff5a-46d8-a242-559fd2ef220d/element {"using":"name","value":"Skip"}
2026-02-04 11:24:18:937 [4324adab][XCUITestDriver@b9d9] Calling AppiumDriver.findElement() with args: ["name","Skip","4324adab-ff5a-46d8-a242-559fd2ef220d"]
2026-02-04 11:24:18:937 [4324adab][XCUITestDriver@b9d9] Executing command 'findElement'
2026-02-04 11:24:18:937 [4324adab][XCUITestDriver@b9d9] Valid locator strategies for this request: xpath, id, name, class name, -ios predicate string, -ios class chain, accessibility id, css selector
2026-02-04 11:24:18:937 [4324adab][XCUITestDriver@b9d9] Waiting up to 0 ms for condition
2026-02-04 11:24:18:937 [4324adab][XCUITestDriver@b9d9] Matched '/element' to command name 'findElement'
2026-02-04 11:24:18:938 [4324adab][XCUITestDriver@b9d9] Proxying [POST /element] to [POST http://127.0.0.1:8100/session/5EB332E7-FEEF-49F9-9948-43279FC4692B/element] with body: {"using":"name","value":"Skip"}
2026-02-04 11:24:18:976 [4324adab][XCUITestDriver@b9d9] Got response with status 404: {"value":{"error":"no such element","message":"unable to find an element using 'name', value 'Skip'","traceback":"(\n\t0   WebDriverAgentLib                   0x0000000116ad3462 FBNoSuchElementErrorResponseForRequest + 290\n\t1   WebDriverAgentLib                   0x0000000116ad3240 +[FBFindElementCommands handleFindElement:] + 352\n\t2   WebDriverAgentLib                   0x0000000116a92ccc -[FBRoute_TargetAction mountRequest:intoResponse:] + 172\n\t3   WebDriverAgentLib                   0x0000000116a79d99 __37-[FBWebServer registerRouteHandlers:]_block_invoke + 489\n\t4   WebDriverAgentLib                   0x0000000116ab5839 -[RoutingHTTPServer handleRoute:withRequest:response:] + 185\n\t5   WebDriverAgentLib                   0x0000000116ab6601 __72-[RoutingHTTPServer routeMethod:withPath:parameters:request:connection:]_block_invoke + 65\n\t6   libdispatch.dylib                   0x00007ff8026847ce _dispatch_client_callout + 6\n\t7   libdispatch.dylib                   0x00007ff80267a942 _dispatch_a...
2026-02-04 11:24:18:977 [4324adab][W3C] Matched W3C error code 'no such element' to NoSuchElementError
2026-02-04 11:24:18:978 [4324adab][XCUITestDriver@b9d9] Encountered internal error running command: NoSuchElementError: An element could not be located on the page using the given search parameters.
    at XCUITestDriver.doNativeFind (/Users/meezotech/.appium/node_modules/appium-xcuitest-driver/lib/commands/find.ts:205:13)
    at processTicksAndRejections (node:internal/process/task_queues:103:5)
    at XCUITestDriver.findNativeElementOrElements (/Users/meezotech/.appium/node_modules/appium-xcuitest-driver/lib/commands/find.ts:130:7)
    at XCUITestDriver.findElOrEls (/Users/meezotech/.appium/node_modules/appium-xcuitest-driver/lib/commands/find.ts:54:7)
    at XCUITestDriver.findElOrElsWithProcessing (/usr/local/lib/node_modules/appium/node_modules/@appium/base-driver/lib/basedriver/commands/find.ts:60:12)
    at XCUITestDriver.findElement (/usr/local/lib/node_modules/appium/node_modules/@appium/base-driver/lib/basedriver/commands/find.ts:75:12)
2026-02-04 11:24:18:978 [4324adab][HTTP] <-- POST /session/4324adab-ff5a-46d8-a242-559fd2ef220d/element 404 42 ms - 1010 
2026-02-04 11:24:19:480 [4324adab][HTTP] --> POST /session/4324adab-ff5a-46d8-a242-559fd2ef220d/element {"using":"name","value":"Skip"}
2026-02-04 11:24:19:481 [4324adab][XCUITestDriver@b9d9] Calling AppiumDriver.findElement() with args: ["name","Skip","4324adab-ff5a-46d8-a242-559fd2ef220d"]
2026-02-04 11:24:19:481 [4324adab][XCUITestDriver@b9d9] Executing command 'findElement'
2026-02-04 11:24:19:481 [4324adab][XCUITestDriver@b9d9] Valid locator strategies for this request: xpath, id, name, class name, -ios predicate string, -ios class chain, accessibility id, css selector
2026-02-04 11:24:19:481 [4324adab][XCUITestDriver@b9d9] Waiting up to 0 ms for condition
2026-02-04 11:24:19:481 [4324adab][XCUITestDriver@b9d9] Matched '/element' to command name 'findElement'
2026-02-04 11:24:19:481 [4324adab][XCUITestDriver@b9d9] Proxying [POST /element] to [POST http://127.0.0.1:8100/session/5EB332E7-FEEF-49F9-9948-43279FC4692B/element] with body: {"using":"name","value":"Skip"}
2026-02-04 11:24:19:510 [4324adab][XCUITestDriver@b9d9] Got response with status 404: {"value":{"error":"no such element","message":"unable to find an element using 'name', value 'Skip'","traceback":"(\n\t0   WebDriverAgentLib                   0x0000000116ad3462 FBNoSuchElementErrorResponseForRequest + 290\n\t1   WebDriverAgentLib                   0x0000000116ad3240 +[FBFindElementCommands handleFindElement:] + 352\n\t2   WebDriverAgentLib                   0x0000000116a92ccc -[FBRoute_TargetAction mountRequest:intoResponse:] + 172\n\t3   WebDriverAgentLib                   0x0000000116a79d99 __37-[FBWebServer registerRouteHandlers:]_block_invoke + 489\n\t4   WebDriverAgentLib                   0x0000000116ab5839 -[RoutingHTTPServer handleRoute:withRequest:response:] + 185\n\t5   WebDriverAgentLib                   0x0000000116ab6601 __72-[RoutingHTTPServer routeMethod:withPath:parameters:request:connection:]_block_invoke + 65\n\t6   libdispatch.dylib                   0x00007ff8026847ce _dispatch_client_callout + 6\n\t7   libdispatch.dylib                   0x00007ff80267a942 _dispatch_a...
2026-02-04 11:24:19:511 [4324adab][W3C] Matched W3C error code 'no such element' to NoSuchElementError
2026-02-04 11:24:19:511 [4324adab][XCUITestDriver@b9d9] Encountered internal error running command: NoSuchElementError: An element could not be located on the page using the given search parameters.
    at XCUITestDriver.doNativeFind (/Users/meezotech/.appium/node_modules/appium-xcuitest-driver/lib/commands/find.ts:205:13)
    at processTicksAndRejections (node:internal/process/task_queues:103:5)
    at XCUITestDriver.findNativeElementOrElements (/Users/meezotech/.appium/node_modules/appium-xcuitest-driver/lib/commands/find.ts:130:7)
    at XCUITestDriver.findElOrEls (/Users/meezotech/.appium/node_modules/appium-xcuitest-driver/lib/commands/find.ts:54:7)
    at XCUITestDriver.findElOrElsWithProcessing (/usr/local/lib/node_modules/appium/node_modules/@appium/base-driver/lib/basedriver/commands/find.ts:60:12)
    at XCUITestDriver.findElement (/usr/local/lib/node_modules/appium/node_modules/@appium/base-driver/lib/basedriver/commands/find.ts:75:12)
2026-02-04 11:24:19:512 [4324adab][HTTP] <-- POST /session/4324adab-ff5a-46d8-a242-559fd2ef220d/element 404 32 ms - 1010 
2026-02-04 11:24:20:015 [4324adab][HTTP] --> POST /session/4324adab-ff5a-46d8-a242-559fd2ef220d/element {"using":"name","value":"Skip"}
2026-02-04 11:24:20:015 [4324adab][XCUITestDriver@b9d9] Calling AppiumDriver.findElement() with args: ["name","Skip","4324adab-ff5a-46d8-a242-559fd2ef220d"]
2026-02-04 11:24:20:015 [4324adab][XCUITestDriver@b9d9] Executing command 'findElement'
2026-02-04 11:24:20:015 [4324adab][XCUITestDriver@b9d9] Valid locator strategies for this request: xpath, id, name, class name, -ios predicate string, -ios class chain, accessibility id, css selector
2026-02-04 11:24:20:016 [4324adab][XCUITestDriver@b9d9] Waiting up to 0 ms for condition
2026-02-04 11:24:20:016 [4324adab][XCUITestDriver@b9d9] Matched '/element' to command name 'findElement'
2026-02-04 11:24:20:016 [4324adab][XCUITestDriver@b9d9] Proxying [POST /element] to [POST http://127.0.0.1:8100/session/5EB332E7-FEEF-49F9-9948-43279FC4692B/element] with body: {"using":"name","value":"Skip"}
2026-02-04 11:24:20:048 [4324adab][XCUITestDriver@b9d9] Got response with status 404: {"value":{"error":"no such element","message":"unable to find an element using 'name', value 'Skip'","traceback":"(\n\t0   WebDriverAgentLib                   0x0000000116ad3462 FBNoSuchElementErrorResponseForRequest + 290\n\t1   WebDriverAgentLib                   0x0000000116ad3240 +[FBFindElementCommands handleFindElement:] + 352\n\t2   WebDriverAgentLib                   0x0000000116a92ccc -[FBRoute_TargetAction mountRequest:intoResponse:] + 172\n\t3   WebDriverAgentLib                   0x0000000116a79d99 __37-[FBWebServer registerRouteHandlers:]_block_invoke + 489\n\t4   WebDriverAgentLib                   0x0000000116ab5839 -[RoutingHTTPServer handleRoute:withRequest:response:] + 185\n\t5   WebDriverAgentLib                   0x0000000116ab6601 __72-[RoutingHTTPServer routeMethod:withPath:parameters:request:connection:]_block_invoke + 65\n\t6   libdispatch.dylib                   0x00007ff8026847ce _dispatch_client_callout + 6\n\t7   libdispatch.dylib                   0x00007ff80267a942 _dispatch_a...
2026-02-04 11:24:20:049 [4324adab][W3C] Matched W3C error code 'no such element' to NoSuchElementError
2026-02-04 11:24:20:050 [4324adab][XCUITestDriver@b9d9] Encountered internal error running command: NoSuchElementError: An element could not be located on the page using the given search parameters.
    at XCUITestDriver.doNativeFind (/Users/meezotech/.appium/node_modules/appium-xcuitest-driver/lib/commands/find.ts:205:13)
    at processTicksAndRejections (node:internal/process/task_queues:103:5)
    at XCUITestDriver.findNativeElementOrElements (/Users/meezotech/.appium/node_modules/appium-xcuitest-driver/lib/commands/find.ts:130:7)
    at XCUITestDriver.findElOrEls (/Users/meezotech/.appium/node_modules/appium-xcuitest-driver/lib/commands/find.ts:54:7)
    at XCUITestDriver.findElOrElsWithProcessing (/usr/local/lib/node_modules/appium/node_modules/@appium/base-driver/lib/basedriver/commands/find.ts:60:12)
    at XCUITestDriver.findElement (/usr/local/lib/node_modules/appium/node_modules/@appium/base-driver/lib/basedriver/commands/find.ts:75:12)
2026-02-04 11:24:20:051 [4324adab][HTTP] <-- POST /session/4324adab-ff5a-46d8-a242-559fd2ef220d/element 404 36 ms - 1010 
2026-02-04 11:24:20:558 [4324adab][HTTP] --> POST /session/4324adab-ff5a-46d8-a242-559fd2ef220d/element {"using":"name","value":"Skip"}
2026-02-04 11:24:20:559 [4324adab][XCUITestDriver@b9d9] Calling AppiumDriver.findElement() with args: ["name","Skip","4324adab-ff5a-46d8-a242-559fd2ef220d"]
2026-02-04 11:24:20:559 [4324adab][XCUITestDriver@b9d9] Executing command 'findElement'
2026-02-04 11:24:20:560 [4324adab][XCUITestDriver@b9d9] Valid locator strategies for this request: xpath, id, name, class name, -ios predicate string, -ios class chain, accessibility id, css selector
2026-02-04 11:24:20:560 [4324adab][XCUITestDriver@b9d9] Waiting up to 0 ms for condition
2026-02-04 11:24:20:560 [4324adab][XCUITestDriver@b9d9] Matched '/element' to command name 'findElement'
2026-02-04 11:24:20:560 [4324adab][XCUITestDriver@b9d9] Proxying [POST /element] to [POST http://127.0.0.1:8100/session/5EB332E7-FEEF-49F9-9948-43279FC4692B/element] with body: {"using":"name","value":"Skip"}
2026-02-04 11:24:20:595 [4324adab][XCUITestDriver@b9d9] Got response with status 404: {"value":{"error":"no such element","message":"unable to find an element using 'name', value 'Skip'","traceback":"(\n\t0   WebDriverAgentLib                   0x0000000116ad3462 FBNoSuchElementErrorResponseForRequest + 290\n\t1   WebDriverAgentLib                   0x0000000116ad3240 +[FBFindElementCommands handleFindElement:] + 352\n\t2   WebDriverAgentLib                   0x0000000116a92ccc -[FBRoute_TargetAction mountRequest:intoResponse:] + 172\n\t3   WebDriverAgentLib                   0x0000000116a79d99 __37-[FBWebServer registerRouteHandlers:]_block_invoke + 489\n\t4   WebDriverAgentLib                   0x0000000116ab5839 -[RoutingHTTPServer handleRoute:withRequest:response:] + 185\n\t5   WebDriverAgentLib                   0x0000000116ab6601 __72-[RoutingHTTPServer routeMethod:withPath:parameters:request:connection:]_block_invoke + 65\n\t6   libdispatch.dylib                   0x00007ff8026847ce _dispatch_client_callout + 6\n\t7   libdispatch.dylib                   0x00007ff80267a942 _dispatch_a...
2026-02-04 11:24:20:596 [4324adab][W3C] Matched W3C error code 'no such element' to NoSuchElementError
2026-02-04 11:24:20:597 [4324adab][XCUITestDriver@b9d9] Encountered internal error running command: NoSuchElementError: An element could not be located on the page using the given search parameters.
    at XCUITestDriver.doNativeFind (/Users/meezotech/.appium/node_modules/appium-xcuitest-driver/lib/commands/find.ts:205:13)
    at processTicksAndRejections (node:internal/process/task_queues:103:5)
    at XCUITestDriver.findNativeElementOrElements (/Users/meezotech/.appium/node_modules/appium-xcuitest-driver/lib/commands/find.ts:130:7)
    at XCUITestDriver.findElOrEls (/Users/meezotech/.appium/node_modules/appium-xcuitest-driver/lib/commands/find.ts:54:7)
    at XCUITestDriver.findElOrElsWithProcessing (/usr/local/lib/node_modules/appium/node_modules/@appium/base-driver/lib/basedriver/commands/find.ts:60:12)
    at XCUITestDriver.findElement (/usr/local/lib/node_modules/appium/node_modules/@appium/base-driver/lib/basedriver/commands/find.ts:75:12)
2026-02-04 11:24:20:598 [4324adab][HTTP] <-- POST /session/4324adab-ff5a-46d8-a242-559fd2ef220d/element 404 39 ms - 1010 
2026-02-04 11:24:21:101 [4324adab][HTTP] --> POST /session/4324adab-ff5a-46d8-a242-559fd2ef220d/element {"using":"name","value":"Skip"}
2026-02-04 11:24:21:101 [4324adab][XCUITestDriver@b9d9] Calling AppiumDriver.findElement() with args: ["name","Skip","4324adab-ff5a-46d8-a242-559fd2ef220d"]
2026-02-04 11:24:21:102 [4324adab][XCUITestDriver@b9d9] Executing command 'findElement'
2026-02-04 11:24:21:102 [4324adab][XCUITestDriver@b9d9] Valid locator strategies for this request: xpath, id, name, class name, -ios predicate string, -ios class chain, accessibility id, css selector
2026-02-04 11:24:21:102 [4324adab][XCUITestDriver@b9d9] Waiting up to 0 ms for condition
2026-02-04 11:24:21:102 [4324adab][XCUITestDriver@b9d9] Matched '/element' to command name 'findElement'
2026-02-04 11:24:21:102 [4324adab][XCUITestDriver@b9d9] Proxying [POST /element] to [POST http://127.0.0.1:8100/session/5EB332E7-FEEF-49F9-9948-43279FC4692B/element] with body: {"using":"name","value":"Skip"}
2026-02-04 11:24:21:322 [4324adab][XCUITestDriver@b9d9] Got response with status 404: {"value":{"error":"no such element","message":"unable to find an element using 'name', value 'Skip'","traceback":"(\n\t0   WebDriverAgentLib                   0x0000000116ad3462 FBNoSuchElementErrorResponseForRequest + 290\n\t1   WebDriverAgentLib                   0x0000000116ad3240 +[FBFindElementCommands handleFindElement:] + 352\n\t2   WebDriverAgentLib                   0x0000000116a92ccc -[FBRoute_TargetAction mountRequest:intoResponse:] + 172\n\t3   WebDriverAgentLib                   0x0000000116a79d99 __37-[FBWebServer registerRouteHandlers:]_block_invoke + 489\n\t4   WebDriverAgentLib                   0x0000000116ab5839 -[RoutingHTTPServer handleRoute:withRequest:response:] + 185\n\t5   WebDriverAgentLib                   0x0000000116ab6601 __72-[RoutingHTTPServer routeMethod:withPath:parameters:request:connection:]_block_invoke + 65\n\t6   libdispatch.dylib                   0x00007ff8026847ce _dispatch_client_callout + 6\n\t7   libdispatch.dylib                   0x00007ff80267a942 _dispatch_a...
2026-02-04 11:24:21:323 [4324adab][W3C] Matched W3C error code 'no such element' to NoSuchElementError
2026-02-04 11:24:21:324 [4324adab][XCUITestDriver@b9d9] Encountered internal error running command: NoSuchElementError: An element could not be located on the page using the given search parameters.
    at XCUITestDriver.doNativeFind (/Users/meezotech/.appium/node_modules/appium-xcuitest-driver/lib/commands/find.ts:205:13)
    at processTicksAndRejections (node:internal/process/task_queues:103:5)
    at XCUITestDriver.findNativeElementOrElements (/Users/meezotech/.appium/node_modules/appium-xcuitest-driver/lib/commands/find.ts:130:7)
    at XCUITestDriver.findElOrEls (/Users/meezotech/.appium/node_modules/appium-xcuitest-driver/lib/commands/find.ts:54:7)
    at XCUITestDriver.findElOrElsWithProcessing (/usr/local/lib/node_modules/appium/node_modules/@appium/base-driver/lib/basedriver/commands/find.ts:60:12)
    at XCUITestDriver.findElement (/usr/local/lib/node_modules/appium/node_modules/@appium/base-driver/lib/basedriver/commands/find.ts:75:12)
2026-02-04 11:24:21:325 [4324adab][HTTP] <-- POST /session/4324adab-ff5a-46d8-a242-559fd2ef220d/element 404 223 ms - 1010 
2026-02-04 11:24:21:828 [4324adab][HTTP] --> POST /session/4324adab-ff5a-46d8-a242-559fd2ef220d/element {"using":"name","value":"Skip"}
2026-02-04 11:24:21:829 [4324adab][XCUITestDriver@b9d9] Calling AppiumDriver.findElement() with args: ["name","Skip","4324adab-ff5a-46d8-a242-559fd2ef220d"]
2026-02-04 11:24:21:829 [4324adab][XCUITestDriver@b9d9] Executing command 'findElement'
2026-02-04 11:24:21:830 [4324adab][XCUITestDriver@b9d9] Valid locator strategies for this request: xpath, id, name, class name, -ios predicate string, -ios class chain, accessibility id, css selector
2026-02-04 11:24:21:830 [4324adab][XCUITestDriver@b9d9] Waiting up to 0 ms for condition
2026-02-04 11:24:21:830 [4324adab][XCUITestDriver@b9d9] Matched '/element' to command name 'findElement'
2026-02-04 11:24:21:830 [4324adab][XCUITestDriver@b9d9] Proxying [POST /element] to [POST http://127.0.0.1:8100/session/5EB332E7-FEEF-49F9-9948-43279FC4692B/element] with body: {"using":"name","value":"Skip"}
2026-02-04 11:24:21:920 [4324adab][XCUITestDriver@b9d9] Got response with status 200: {"value":{"ELEMENT":"19000000-0000-0000-A300-010000000000","element-6066-11e4-a52e-4f735466cecf":"19000000-0000-0000-A300-010000000000"},"sessionId":"5EB332E7-FEEF-49F9-9948-43279FC4692B"}
2026-02-04 11:24:21:921 [4324adab][XCUITestDriver@b9d9] Responding to client with driver.findElement() result: {"element-6066-11e4-a52e-4f735466cecf":"19000000-0000-0000-A300-010000000000","ELEMENT":"19000000-0000-0000-A300-010000000000"}
2026-02-04 11:24:21:921 [4324adab][HTTP] <-- POST /session/4324adab-ff5a-46d8-a242-559fd2ef220d/element 200 93 ms - 137 
2026-02-04 11:24:21:924 [4324adab][HTTP] --> GET /session/4324adab-ff5a-46d8-a242-559fd2ef220d/element/19000000-0000-0000-A300-010000000000/displayed 
2026-02-04 11:24:21:925 [4324adab][XCUITestDriver@b9d9] Driver proxy active, passing request on via HTTP proxy
2026-02-04 11:24:21:925 [4324adab][XCUITestDriver@b9d9] Executing command 'proxyReqRes'
2026-02-04 11:24:21:926 [4324adab][XCUITestDriver@b9d9] Matched '/session/4324adab-ff5a-46d8-a242-559fd2ef220d/element/19000000-0000-0000-A300-010000000000/displayed' to command name 'elementDisplayed'
2026-02-04 11:24:21:926 [4324adab][XCUITestDriver@b9d9] Proxying [GET /session/4324adab-ff5a-46d8-a242-559fd2ef220d/element/19000000-0000-0000-A300-010000000000/displayed] to [GET http://127.0.0.1:8100/session/5EB332E7-FEEF-49F9-9948-43279FC4692B/element/19000000-0000-0000-A300-010000000000/displayed] with no body
2026-02-04 11:24:21:984 [4324adab][XCUITestDriver@b9d9] Got response with status 200: {"value":true,"sessionId":"5EB332E7-FEEF-49F9-9948-43279FC4692B"}
2026-02-04 11:24:21:985 [4324adab][XCUITestDriver@b9d9] Replacing sessionId 5EB332E7-FEEF-49F9-9948-43279FC4692B with 4324adab-ff5a-46d8-a242-559fd2ef220d
2026-02-04 11:24:21:986 [4324adab][HTTP] <-- GET /session/4324adab-ff5a-46d8-a242-559fd2ef220d/element/19000000-0000-0000-A300-010000000000/displayed 200 62 ms - 14 
2026-02-04 11:24:21:987 [4324adab][HTTP] --> GET /session/4324adab-ff5a-46d8-a242-559fd2ef220d/element/19000000-0000-0000-A300-010000000000/enabled 
2026-02-04 11:24:21:987 [4324adab][XCUITestDriver@b9d9] Driver proxy active, passing request on via HTTP proxy
2026-02-04 11:24:21:988 [4324adab][XCUITestDriver@b9d9] Executing command 'proxyReqRes'
2026-02-04 11:24:21:989 [4324adab][XCUITestDriver@b9d9] Matched '/session/4324adab-ff5a-46d8-a242-559fd2ef220d/element/19000000-0000-0000-A300-010000000000/enabled' to command name 'elementEnabled'
2026-02-04 11:24:21:989 [4324adab][XCUITestDriver@b9d9] Proxying [GET /session/4324adab-ff5a-46d8-a242-559fd2ef220d/element/19000000-0000-0000-A300-010000000000/enabled] to [GET http://127.0.0.1:8100/session/5EB332E7-FEEF-49F9-9948-43279FC4692B/element/19000000-0000-0000-A300-010000000000/enabled] with no body
2026-02-04 11:24:22:032 [4324adab][XCUITestDriver@b9d9] Got response with status 200: {"value":true,"sessionId":"5EB332E7-FEEF-49F9-9948-43279FC4692B"}
2026-02-04 11:24:22:032 [4324adab][XCUITestDriver@b9d9] Replacing sessionId 5EB332E7-FEEF-49F9-9948-43279FC4692B with 4324adab-ff5a-46d8-a242-559fd2ef220d
2026-02-04 11:24:22:033 [4324adab][HTTP] <-- GET /session/4324adab-ff5a-46d8-a242-559fd2ef220d/element/19000000-0000-0000-A300-010000000000/enabled 200 46 ms - 14 
2026-02-04 11:24:22:034 [4324adab][HTTP] --> POST /session/4324adab-ff5a-46d8-a242-559fd2ef220d/element/19000000-0000-0000-A300-010000000000/click {}
2026-02-04 11:24:22:034 [4324adab][XCUITestDriver@b9d9] Driver proxy active, passing request on via HTTP proxy
2026-02-04 11:24:22:035 [4324adab][XCUITestDriver@b9d9] Executing command 'proxyReqRes'
2026-02-04 11:24:22:035 [4324adab][XCUITestDriver@b9d9] Matched '/session/4324adab-ff5a-46d8-a242-559fd2ef220d/element/19000000-0000-0000-A300-010000000000/click' to command name 'click'
2026-02-04 11:24:22:036 [4324adab][XCUITestDriver@b9d9] Proxying [POST /session/4324adab-ff5a-46d8-a242-559fd2ef220d/element/19000000-0000-0000-A300-010000000000/click] to [POST http://127.0.0.1:8100/session/5EB332E7-FEEF-49F9-9948-43279FC4692B/element/19000000-0000-0000-A300-010000000000/click] with body: {}
2026-02-04 11:24:22:592 [4324adab][XCUITestDriver@b9d9] Got response with status 200: {"value":null,"sessionId":"5EB332E7-FEEF-49F9-9948-43279FC4692B"}
2026-02-04 11:24:22:592 [4324adab][XCUITestDriver@b9d9] Replacing sessionId 5EB332E7-FEEF-49F9-9948-43279FC4692B with 4324adab-ff5a-46d8-a242-559fd2ef220d
2026-02-04 11:24:22:593 [4324adab][HTTP] <-- POST /session/4324adab-ff5a-46d8-a242-559fd2ef220d/element/19000000-0000-0000-A300-010000000000/click 200 559 ms - 14 
2026-02-04 11:24:22:594 [4324adab][HTTP] --> POST /session/4324adab-ff5a-46d8-a242-559fd2ef220d/element {"using":"name","value":"Home\nTab 1 of 5"}
2026-02-04 11:24:22:594 [4324adab][XCUITestDriver@b9d9] Calling AppiumDriver.findElement() with args: ["name","Home\nTab 1 of 5","4324adab-ff5a-46d8-a242-559fd2ef220d"]
2026-02-04 11:24:22:594 [4324adab][XCUITestDriver@b9d9] Executing command 'findElement'
2026-02-04 11:24:22:595 [4324adab][XCUITestDriver@b9d9] Valid locator strategies for this request: xpath, id, name, class name, -ios predicate string, -ios class chain, accessibility id, css selector
2026-02-04 11:24:22:595 [4324adab][XCUITestDriver@b9d9] Waiting up to 0 ms for condition
2026-02-04 11:24:22:595 [4324adab][XCUITestDriver@b9d9] Matched '/element' to command name 'findElement'
2026-02-04 11:24:22:595 [4324adab][XCUITestDriver@b9d9] Proxying [POST /element] to [POST http://127.0.0.1:8100/session/5EB332E7-FEEF-49F9-9948-43279FC4692B/element] with body: {"using":"name","value":"Home\nTab 1 of 5"}
2026-02-04 11:24:22:722 [4324adab][XCUITestDriver@b9d9] Got response with status 404: {"value":{"error":"no such element","message":"unable to find an element using 'name', value 'Home\nTab 1 of 5'","traceback":"(\n\t0   WebDriverAgentLib                   0x0000000116ad3462 FBNoSuchElementErrorResponseForRequest + 290\n\t1   WebDriverAgentLib                   0x0000000116ad3240 +[FBFindElementCommands handleFindElement:] + 352\n\t2   WebDriverAgentLib                   0x0000000116a92ccc -[FBRoute_TargetAction mountRequest:intoResponse:] + 172\n\t3   WebDriverAgentLib                   0x0000000116a79d99 __37-[FBWebServer registerRouteHandlers:]_block_invoke + 489\n\t4   WebDriverAgentLib                   0x0000000116ab5839 -[RoutingHTTPServer handleRoute:withRequest:response:] + 185\n\t5   WebDriverAgentLib                   0x0000000116ab6601 __72-[RoutingHTTPServer routeMethod:withPath:parameters:request:connection:]_block_invoke + 65\n\t6   libdispatch.dylib                   0x00007ff8026847ce _dispatch_client_callout + 6\n\t7   libdispatch.dylib                   0x00007ff80267a942...
2026-02-04 11:24:22:723 [4324adab][W3C] Matched W3C error code 'no such element' to NoSuchElementError
2026-02-04 11:24:22:723 [4324adab][XCUITestDriver@b9d9] Encountered internal error running command: NoSuchElementError: An element could not be located on the page using the given search parameters.
    at XCUITestDriver.doNativeFind (/Users/meezotech/.appium/node_modules/appium-xcuitest-driver/lib/commands/find.ts:205:13)
    at processTicksAndRejections (node:internal/process/task_queues:103:5)
    at XCUITestDriver.findNativeElementOrElements (/Users/meezotech/.appium/node_modules/appium-xcuitest-driver/lib/commands/find.ts:130:7)
    at XCUITestDriver.findElOrEls (/Users/meezotech/.appium/node_modules/appium-xcuitest-driver/lib/commands/find.ts:54:7)
    at XCUITestDriver.findElOrElsWithProcessing (/usr/local/lib/node_modules/appium/node_modules/@appium/base-driver/lib/basedriver/commands/find.ts:60:12)
    at XCUITestDriver.findElement (/usr/local/lib/node_modules/appium/node_modules/@appium/base-driver/lib/basedriver/commands/find.ts:75:12)
2026-02-04 11:24:22:724 [4324adab][HTTP] <-- POST /session/4324adab-ff5a-46d8-a242-559fd2ef220d/element 404 130 ms - 1010 
2026-02-04 11:24:23:228 [4324adab][HTTP] --> POST /session/4324adab-ff5a-46d8-a242-559fd2ef220d/element {"using":"name","value":"Home\nTab 1 of 5"}
2026-02-04 11:24:23:228 [4324adab][XCUITestDriver@b9d9] Calling AppiumDriver.findElement() with args: ["name","Home\nTab 1 of 5","4324adab-ff5a-46d8-a242-559fd2ef220d"]
2026-02-04 11:24:23:229 [4324adab][XCUITestDriver@b9d9] Executing command 'findElement'
2026-02-04 11:24:23:229 [4324adab][XCUITestDriver@b9d9] Valid locator strategies for this request: xpath, id, name, class name, -ios predicate string, -ios class chain, accessibility id, css selector
2026-02-04 11:24:23:230 [4324adab][XCUITestDriver@b9d9] Waiting up to 0 ms for condition
2026-02-04 11:24:23:230 [4324adab][XCUITestDriver@b9d9] Matched '/element' to command name 'findElement'
2026-02-04 11:24:23:231 [4324adab][XCUITestDriver@b9d9] Proxying [POST /element] to [POST http://127.0.0.1:8100/session/5EB332E7-FEEF-49F9-9948-43279FC4692B/element] with body: {"using":"name","value":"Home\nTab 1 of 5"}
2026-02-04 11:24:23:287 [4324adab][XCUITestDriver@b9d9] Got response with status 404: {"value":{"error":"no such element","message":"unable to find an element using 'name', value 'Home\nTab 1 of 5'","traceback":"(\n\t0   WebDriverAgentLib                   0x0000000116ad3462 FBNoSuchElementErrorResponseForRequest + 290\n\t1   WebDriverAgentLib                   0x0000000116ad3240 +[FBFindElementCommands handleFindElement:] + 352\n\t2   WebDriverAgentLib                   0x0000000116a92ccc -[FBRoute_TargetAction mountRequest:intoResponse:] + 172\n\t3   WebDriverAgentLib                   0x0000000116a79d99 __37-[FBWebServer registerRouteHandlers:]_block_invoke + 489\n\t4   WebDriverAgentLib                   0x0000000116ab5839 -[RoutingHTTPServer handleRoute:withRequest:response:] + 185\n\t5   WebDriverAgentLib                   0x0000000116ab6601 __72-[RoutingHTTPServer routeMethod:withPath:parameters:request:connection:]_block_invoke + 65\n\t6   libdispatch.dylib                   0x00007ff8026847ce _dispatch_client_callout + 6\n\t7   libdispatch.dylib                   0x00007ff80267a942...
2026-02-04 11:24:23:288 [4324adab][W3C] Matched W3C error code 'no such element' to NoSuchElementError
2026-02-04 11:24:23:289 [4324adab][XCUITestDriver@b9d9] Encountered internal error running command: NoSuchElementError: An element could not be located on the page using the given search parameters.
    at XCUITestDriver.doNativeFind (/Users/meezotech/.appium/node_modules/appium-xcuitest-driver/lib/commands/find.ts:205:13)
    at processTicksAndRejections (node:internal/process/task_queues:103:5)
    at XCUITestDriver.findNativeElementOrElements (/Users/meezotech/.appium/node_modules/appium-xcuitest-driver/lib/commands/find.ts:130:7)
    at XCUITestDriver.findElOrEls (/Users/meezotech/.appium/node_modules/appium-xcuitest-driver/lib/commands/find.ts:54:7)
    at XCUITestDriver.findElOrElsWithProcessing (/usr/local/lib/node_modules/appium/node_modules/@appium/base-driver/lib/basedriver/commands/find.ts:60:12)
    at XCUITestDriver.findElement (/usr/local/lib/node_modules/appium/node_modules/@appium/base-driver/lib/basedriver/commands/find.ts:75:12)
2026-02-04 11:24:23:290 [4324adab][HTTP] <-- POST /session/4324adab-ff5a-46d8-a242-559fd2ef220d/element 404 62 ms - 1010 
2026-02-04 11:24:23:795 [4324adab][HTTP] --> POST /session/4324adab-ff5a-46d8-a242-559fd2ef220d/element {"using":"name","value":"Home\nTab 1 of 5"}
2026-02-04 11:24:23:796 [4324adab][XCUITestDriver@b9d9] Calling AppiumDriver.findElement() with args: ["name","Home\nTab 1 of 5","4324adab-ff5a-46d8-a242-559fd2ef220d"]
2026-02-04 11:24:23:796 [4324adab][XCUITestDriver@b9d9] Executing command 'findElement'
2026-02-04 11:24:23:797 [4324adab][XCUITestDriver@b9d9] Valid locator strategies for this request: xpath, id, name, class name, -ios predicate string, -ios class chain, accessibility id, css selector
2026-02-04 11:24:23:797 [4324adab][XCUITestDriver@b9d9] Waiting up to 0 ms for condition
2026-02-04 11:24:23:797 [4324adab][XCUITestDriver@b9d9] Matched '/element' to command name 'findElement'
2026-02-04 11:24:23:797 [4324adab][XCUITestDriver@b9d9] Proxying [POST /element] to [POST http://127.0.0.1:8100/session/5EB332E7-FEEF-49F9-9948-43279FC4692B/element] with body: {"using":"name","value":"Home\nTab 1 of 5"}
2026-02-04 11:24:23:855 [4324adab][XCUITestDriver@b9d9] Got response with status 404: {"value":{"error":"no such element","message":"unable to find an element using 'name', value 'Home\nTab 1 of 5'","traceback":"(\n\t0   WebDriverAgentLib                   0x0000000116ad3462 FBNoSuchElementErrorResponseForRequest + 290\n\t1   WebDriverAgentLib                   0x0000000116ad3240 +[FBFindElementCommands handleFindElement:] + 352\n\t2   WebDriverAgentLib                   0x0000000116a92ccc -[FBRoute_TargetAction mountRequest:intoResponse:] + 172\n\t3   WebDriverAgentLib                   0x0000000116a79d99 __37-[FBWebServer registerRouteHandlers:]_block_invoke + 489\n\t4   WebDriverAgentLib                   0x0000000116ab5839 -[RoutingHTTPServer handleRoute:withRequest:response:] + 185\n\t5   WebDriverAgentLib                   0x0000000116ab6601 __72-[RoutingHTTPServer routeMethod:withPath:parameters:request:connection:]_block_invoke + 65\n\t6   libdispatch.dylib                   0x00007ff8026847ce _dispatch_client_callout + 6\n\t7   libdispatch.dylib                   0x00007ff80267a942...
2026-02-04 11:24:23:856 [4324adab][W3C] Matched W3C error code 'no such element' to NoSuchElementError
2026-02-04 11:24:23:857 [4324adab][XCUITestDriver@b9d9] Encountered internal error running command: NoSuchElementError: An element could not be located on the page using the given search parameters.
    at XCUITestDriver.doNativeFind (/Users/meezotech/.appium/node_modules/appium-xcuitest-driver/lib/commands/find.ts:205:13)
    at processTicksAndRejections (node:internal/process/task_queues:103:5)
    at XCUITestDriver.findNativeElementOrElements (/Users/meezotech/.appium/node_modules/appium-xcuitest-driver/lib/commands/find.ts:130:7)
    at XCUITestDriver.findElOrEls (/Users/meezotech/.appium/node_modules/appium-xcuitest-driver/lib/commands/find.ts:54:7)
    at XCUITestDriver.findElOrElsWithProcessing (/usr/local/lib/node_modules/appium/node_modules/@appium/base-driver/lib/basedriver/commands/find.ts:60:12)
    at XCUITestDriver.findElement (/usr/local/lib/node_modules/appium/node_modules/@appium/base-driver/lib/basedriver/commands/find.ts:75:12)
2026-02-04 11:24:23:857 [4324adab][HTTP] <-- POST /session/4324adab-ff5a-46d8-a242-559fd2ef220d/element 404 62 ms - 1010 
2026-02-04 11:24:24:362 [4324adab][HTTP] --> POST /session/4324adab-ff5a-46d8-a242-559fd2ef220d/element {"using":"name","value":"Home\nTab 1 of 5"}
2026-02-04 11:24:24:363 [4324adab][XCUITestDriver@b9d9] Calling AppiumDriver.findElement() with args: ["name","Home\nTab 1 of 5","4324adab-ff5a-46d8-a242-559fd2ef220d"]
2026-02-04 11:24:24:364 [4324adab][XCUITestDriver@b9d9] Executing command 'findElement'
2026-02-04 11:24:24:364 [4324adab][XCUITestDriver@b9d9] Valid locator strategies for this request: xpath, id, name, class name, -ios predicate string, -ios class chain, accessibility id, css selector
2026-02-04 11:24:24:364 [4324adab][XCUITestDriver@b9d9] Waiting up to 0 ms for condition
2026-02-04 11:24:24:365 [4324adab][XCUITestDriver@b9d9] Matched '/element' to command name 'findElement'
2026-02-04 11:24:24:365 [4324adab][XCUITestDriver@b9d9] Proxying [POST /element] to [POST http://127.0.0.1:8100/session/5EB332E7-FEEF-49F9-9948-43279FC4692B/element] with body: {"using":"name","value":"Home\nTab 1 of 5"}
2026-02-04 11:24:24:424 [4324adab][XCUITestDriver@b9d9] Got response with status 404: {"value":{"error":"no such element","message":"unable to find an element using 'name', value 'Home\nTab 1 of 5'","traceback":"(\n\t0   WebDriverAgentLib                   0x0000000116ad3462 FBNoSuchElementErrorResponseForRequest + 290\n\t1   WebDriverAgentLib                   0x0000000116ad3240 +[FBFindElementCommands handleFindElement:] + 352\n\t2   WebDriverAgentLib                   0x0000000116a92ccc -[FBRoute_TargetAction mountRequest:intoResponse:] + 172\n\t3   WebDriverAgentLib                   0x0000000116a79d99 __37-[FBWebServer registerRouteHandlers:]_block_invoke + 489\n\t4   WebDriverAgentLib                   0x0000000116ab5839 -[RoutingHTTPServer handleRoute:withRequest:response:] + 185\n\t5   WebDriverAgentLib                   0x0000000116ab6601 __72-[RoutingHTTPServer routeMethod:withPath:parameters:request:connection:]_block_invoke + 65\n\t6   libdispatch.dylib                   0x00007ff8026847ce _dispatch_client_callout + 6\n\t7   libdispatch.dylib                   0x00007ff80267a942...
2026-02-04 11:24:24:425 [4324adab][W3C] Matched W3C error code 'no such element' to NoSuchElementError
2026-02-04 11:24:24:425 [4324adab][XCUITestDriver@b9d9] Encountered internal error running command: NoSuchElementError: An element could not be located on the page using the given search parameters.
    at XCUITestDriver.doNativeFind (/Users/meezotech/.appium/node_modules/appium-xcuitest-driver/lib/commands/find.ts:205:13)
    at processTicksAndRejections (node:internal/process/task_queues:103:5)
    at XCUITestDriver.findNativeElementOrElements (/Users/meezotech/.appium/node_modules/appium-xcuitest-driver/lib/commands/find.ts:130:7)
    at XCUITestDriver.findElOrEls (/Users/meezotech/.appium/node_modules/appium-xcuitest-driver/lib/commands/find.ts:54:7)
    at XCUITestDriver.findElOrElsWithProcessing (/usr/local/lib/node_modules/appium/node_modules/@appium/base-driver/lib/basedriver/commands/find.ts:60:12)
    at XCUITestDriver.findElement (/usr/local/lib/node_modules/appium/node_modules/@appium/base-driver/lib/basedriver/commands/find.ts:75:12)
2026-02-04 11:24:24:426 [4324adab][HTTP] <-- POST /session/4324adab-ff5a-46d8-a242-559fd2ef220d/element 404 64 ms - 1010 
2026-02-04 11:24:24:932 [4324adab][HTTP] --> POST /session/4324adab-ff5a-46d8-a242-559fd2ef220d/element {"using":"name","value":"Home\nTab 1 of 5"}
2026-02-04 11:24:24:932 [4324adab][XCUITestDriver@b9d9] Calling AppiumDriver.findElement() with args: ["name","Home\nTab 1 of 5","4324adab-ff5a-46d8-a242-559fd2ef220d"]
2026-02-04 11:24:24:933 [4324adab][XCUITestDriver@b9d9] Executing command 'findElement'
2026-02-04 11:24:24:933 [4324adab][XCUITestDriver@b9d9] Valid locator strategies for this request: xpath, id, name, class name, -ios predicate string, -ios class chain, accessibility id, css selector
2026-02-04 11:24:24:933 [4324adab][XCUITestDriver@b9d9] Waiting up to 0 ms for condition
2026-02-04 11:24:24:933 [4324adab][XCUITestDriver@b9d9] Matched '/element' to command name 'findElement'
2026-02-04 11:24:24:933 [4324adab][XCUITestDriver@b9d9] Proxying [POST /element] to [POST http://127.0.0.1:8100/session/5EB332E7-FEEF-49F9-9948-43279FC4692B/element] with body: {"using":"name","value":"Home\nTab 1 of 5"}
2026-02-04 11:24:25:043 [4324adab][XCUITestDriver@b9d9] Got response with status 404: {"value":{"error":"no such element","message":"unable to find an element using 'name', value 'Home\nTab 1 of 5'","traceback":"(\n\t0   WebDriverAgentLib                   0x0000000116ad3462 FBNoSuchElementErrorResponseForRequest + 290\n\t1   WebDriverAgentLib                   0x0000000116ad3240 +[FBFindElementCommands handleFindElement:] + 352\n\t2   WebDriverAgentLib                   0x0000000116a92ccc -[FBRoute_TargetAction mountRequest:intoResponse:] + 172\n\t3   WebDriverAgentLib                   0x0000000116a79d99 __37-[FBWebServer registerRouteHandlers:]_block_invoke + 489\n\t4   WebDriverAgentLib                   0x0000000116ab5839 -[RoutingHTTPServer handleRoute:withRequest:response:] + 185\n\t5   WebDriverAgentLib                   0x0000000116ab6601 __72-[RoutingHTTPServer routeMethod:withPath:parameters:request:connection:]_block_invoke + 65\n\t6   libdispatch.dylib                   0x00007ff8026847ce _dispatch_client_callout + 6\n\t7   libdispatch.dylib                   0x00007ff80267a942...
2026-02-04 11:24:25:044 [4324adab][W3C] Matched W3C error code 'no such element' to NoSuchElementError
2026-02-04 11:24:25:045 [4324adab][XCUITestDriver@b9d9] Encountered internal error running command: NoSuchElementError: An element could not be located on the page using the given search parameters.
    at XCUITestDriver.doNativeFind (/Users/meezotech/.appium/node_modules/appium-xcuitest-driver/lib/commands/find.ts:205:13)
    at processTicksAndRejections (node:internal/process/task_queues:103:5)
    at XCUITestDriver.findNativeElementOrElements (/Users/meezotech/.appium/node_modules/appium-xcuitest-driver/lib/commands/find.ts:130:7)
    at XCUITestDriver.findElOrEls (/Users/meezotech/.appium/node_modules/appium-xcuitest-driver/lib/commands/find.ts:54:7)
    at XCUITestDriver.findElOrElsWithProcessing (/usr/local/lib/node_modules/appium/node_modules/@appium/base-driver/lib/basedriver/commands/find.ts:60:12)
    at XCUITestDriver.findElement (/usr/local/lib/node_modules/appium/node_modules/@appium/base-driver/lib/basedriver/commands/find.ts:75:12)
2026-02-04 11:24:25:046 [4324adab][HTTP] <-- POST /session/4324adab-ff5a-46d8-a242-559fd2ef220d/element 404 113 ms - 1010 
2026-02-04 11:24:25:548 [4324adab][HTTP] --> POST /session/4324adab-ff5a-46d8-a242-559fd2ef220d/element {"using":"name","value":"Home\nTab 1 of 5"}
2026-02-04 11:24:25:549 [4324adab][XCUITestDriver@b9d9] Calling AppiumDriver.findElement() with args: ["name","Home\nTab 1 of 5","4324adab-ff5a-46d8-a242-559fd2ef220d"]
2026-02-04 11:24:25:549 [4324adab][XCUITestDriver@b9d9] Executing command 'findElement'
2026-02-04 11:24:25:549 [4324adab][XCUITestDriver@b9d9] Valid locator strategies for this request: xpath, id, name, class name, -ios predicate string, -ios class chain, accessibility id, css selector
2026-02-04 11:24:25:549 [4324adab][XCUITestDriver@b9d9] Waiting up to 0 ms for condition
2026-02-04 11:24:25:549 [4324adab][XCUITestDriver@b9d9] Matched '/element' to command name 'findElement'
2026-02-04 11:24:25:549 [4324adab][XCUITestDriver@b9d9] Proxying [POST /element] to [POST http://127.0.0.1:8100/session/5EB332E7-FEEF-49F9-9948-43279FC4692B/element] with body: {"using":"name","value":"Home\nTab 1 of 5"}
2026-02-04 11:24:25:604 [4324adab][XCUITestDriver@b9d9] Got response with status 404: {"value":{"error":"no such element","message":"unable to find an element using 'name', value 'Home\nTab 1 of 5'","traceback":"(\n\t0   WebDriverAgentLib                   0x0000000116ad3462 FBNoSuchElementErrorResponseForRequest + 290\n\t1   WebDriverAgentLib                   0x0000000116ad3240 +[FBFindElementCommands handleFindElement:] + 352\n\t2   WebDriverAgentLib                   0x0000000116a92ccc -[FBRoute_TargetAction mountRequest:intoResponse:] + 172\n\t3   WebDriverAgentLib                   0x0000000116a79d99 __37-[FBWebServer registerRouteHandlers:]_block_invoke + 489\n\t4   WebDriverAgentLib                   0x0000000116ab5839 -[RoutingHTTPServer handleRoute:withRequest:response:] + 185\n\t5   WebDriverAgentLib                   0x0000000116ab6601 __72-[RoutingHTTPServer routeMethod:withPath:parameters:request:connection:]_block_invoke + 65\n\t6   libdispatch.dylib                   0x00007ff8026847ce _dispatch_client_callout + 6\n\t7   libdispatch.dylib                   0x00007ff80267a942...
2026-02-04 11:24:25:605 [4324adab][W3C] Matched W3C error code 'no such element' to NoSuchElementError
2026-02-04 11:24:25:605 [4324adab][XCUITestDriver@b9d9] Encountered internal error running command: NoSuchElementError: An element could not be located on the page using the given search parameters.
    at XCUITestDriver.doNativeFind (/Users/meezotech/.appium/node_modules/appium-xcuitest-driver/lib/commands/find.ts:205:13)
    at processTicksAndRejections (node:internal/process/task_queues:103:5)
    at XCUITestDriver.findNativeElementOrElements (/Users/meezotech/.appium/node_modules/appium-xcuitest-driver/lib/commands/find.ts:130:7)
    at XCUITestDriver.findElOrEls (/Users/meezotech/.appium/node_modules/appium-xcuitest-driver/lib/commands/find.ts:54:7)
    at XCUITestDriver.findElOrElsWithProcessing (/usr/local/lib/node_modules/appium/node_modules/@appium/base-driver/lib/basedriver/commands/find.ts:60:12)
    at XCUITestDriver.findElement (/usr/local/lib/node_modules/appium/node_modules/@appium/base-driver/lib/basedriver/commands/find.ts:75:12)
2026-02-04 11:24:25:606 [4324adab][HTTP] <-- POST /session/4324adab-ff5a-46d8-a242-559fd2ef220d/element 404 58 ms - 1010 
2026-02-04 11:24:26:111 [4324adab][HTTP] --> POST /session/4324adab-ff5a-46d8-a242-559fd2ef220d/element {"using":"name","value":"Home\nTab 1 of 5"}
2026-02-04 11:24:26:112 [4324adab][XCUITestDriver@b9d9] Calling AppiumDriver.findElement() with args: ["name","Home\nTab 1 of 5","4324adab-ff5a-46d8-a242-559fd2ef220d"]
2026-02-04 11:24:26:112 [4324adab][XCUITestDriver@b9d9] Executing command 'findElement'
2026-02-04 11:24:26:112 [4324adab][XCUITestDriver@b9d9] Valid locator strategies for this request: xpath, id, name, class name, -ios predicate string, -ios class chain, accessibility id, css selector
2026-02-04 11:24:26:112 [4324adab][XCUITestDriver@b9d9] Waiting up to 0 ms for condition
2026-02-04 11:24:26:113 [4324adab][XCUITestDriver@b9d9] Matched '/element' to command name 'findElement'
2026-02-04 11:24:26:113 [4324adab][XCUITestDriver@b9d9] Proxying [POST /element] to [POST http://127.0.0.1:8100/session/5EB332E7-FEEF-49F9-9948-43279FC4692B/element] with body: {"using":"name","value":"Home\nTab 1 of 5"}
2026-02-04 11:24:26:173 [4324adab][XCUITestDriver@b9d9] Got response with status 404: {"value":{"error":"no such element","message":"unable to find an element using 'name', value 'Home\nTab 1 of 5'","traceback":"(\n\t0   WebDriverAgentLib                   0x0000000116ad3462 FBNoSuchElementErrorResponseForRequest + 290\n\t1   WebDriverAgentLib                   0x0000000116ad3240 +[FBFindElementCommands handleFindElement:] + 352\n\t2   WebDriverAgentLib                   0x0000000116a92ccc -[FBRoute_TargetAction mountRequest:intoResponse:] + 172\n\t3   WebDriverAgentLib                   0x0000000116a79d99 __37-[FBWebServer registerRouteHandlers:]_block_invoke + 489\n\t4   WebDriverAgentLib                   0x0000000116ab5839 -[RoutingHTTPServer handleRoute:withRequest:response:] + 185\n\t5   WebDriverAgentLib                   0x0000000116ab6601 __72-[RoutingHTTPServer routeMethod:withPath:parameters:request:connection:]_block_invoke + 65\n\t6   libdispatch.dylib                   0x00007ff8026847ce _dispatch_client_callout + 6\n\t7   libdispatch.dylib                   0x00007ff80267a942...
2026-02-04 11:24:26:174 [4324adab][W3C] Matched W3C error code 'no such element' to NoSuchElementError
2026-02-04 11:24:26:175 [4324adab][XCUITestDriver@b9d9] Encountered internal error running command: NoSuchElementError: An element could not be located on the page using the given search parameters.
    at XCUITestDriver.doNativeFind (/Users/meezotech/.appium/node_modules/appium-xcuitest-driver/lib/commands/find.ts:205:13)
    at processTicksAndRejections (node:internal/process/task_queues:103:5)
    at XCUITestDriver.findNativeElementOrElements (/Users/meezotech/.appium/node_modules/appium-xcuitest-driver/lib/commands/find.ts:130:7)
    at XCUITestDriver.findElOrEls (/Users/meezotech/.appium/node_modules/appium-xcuitest-driver/lib/commands/find.ts:54:7)
    at XCUITestDriver.findElOrElsWithProcessing (/usr/local/lib/node_modules/appium/node_modules/@appium/base-driver/lib/basedriver/commands/find.ts:60:12)
    at XCUITestDriver.findElement (/usr/local/lib/node_modules/appium/node_modules/@appium/base-driver/lib/basedriver/commands/find.ts:75:12)
2026-02-04 11:24:26:176 [4324adab][HTTP] <-- POST /session/4324adab-ff5a-46d8-a242-559fd2ef220d/element 404 64 ms - 1010 
2026-02-04 11:24:26:682 [4324adab][HTTP] --> POST /session/4324adab-ff5a-46d8-a242-559fd2ef220d/element {"using":"name","value":"Home\nTab 1 of 5"}
2026-02-04 11:24:26:682 [4324adab][XCUITestDriver@b9d9] Calling AppiumDriver.findElement() with args: ["name","Home\nTab 1 of 5","4324adab-ff5a-46d8-a242-559fd2ef220d"]
2026-02-04 11:24:26:682 [4324adab][XCUITestDriver@b9d9] Executing command 'findElement'
2026-02-04 11:24:26:683 [4324adab][XCUITestDriver@b9d9] Valid locator strategies for this request: xpath, id, name, class name, -ios predicate string, -ios class chain, accessibility id, css selector
2026-02-04 11:24:26:683 [4324adab][XCUITestDriver@b9d9] Waiting up to 0 ms for condition
2026-02-04 11:24:26:683 [4324adab][XCUITestDriver@b9d9] Matched '/element' to command name 'findElement'
2026-02-04 11:24:26:683 [4324adab][XCUITestDriver@b9d9] Proxying [POST /element] to [POST http://127.0.0.1:8100/session/5EB332E7-FEEF-49F9-9948-43279FC4692B/element] with body: {"using":"name","value":"Home\nTab 1 of 5"}
2026-02-04 11:24:26:738 [4324adab][XCUITestDriver@b9d9] Got response with status 404: {"value":{"error":"no such element","message":"unable to find an element using 'name', value 'Home\nTab 1 of 5'","traceback":"(\n\t0   WebDriverAgentLib                   0x0000000116ad3462 FBNoSuchElementErrorResponseForRequest + 290\n\t1   WebDriverAgentLib                   0x0000000116ad3240 +[FBFindElementCommands handleFindElement:] + 352\n\t2   WebDriverAgentLib                   0x0000000116a92ccc -[FBRoute_TargetAction mountRequest:intoResponse:] + 172\n\t3   WebDriverAgentLib                   0x0000000116a79d99 __37-[FBWebServer registerRouteHandlers:]_block_invoke + 489\n\t4   WebDriverAgentLib                   0x0000000116ab5839 -[RoutingHTTPServer handleRoute:withRequest:response:] + 185\n\t5   WebDriverAgentLib                   0x0000000116ab6601 __72-[RoutingHTTPServer routeMethod:withPath:parameters:request:connection:]_block_invoke + 65\n\t6   libdispatch.dylib                   0x00007ff8026847ce _dispatch_client_callout + 6\n\t7   libdispatch.dylib                   0x00007ff80267a942...
2026-02-04 11:24:26:739 [4324adab][W3C] Matched W3C error code 'no such element' to NoSuchElementError
2026-02-04 11:24:26:740 [4324adab][XCUITestDriver@b9d9] Encountered internal error running command: NoSuchElementError: An element could not be located on the page using the given search parameters.
    at XCUITestDriver.doNativeFind (/Users/meezotech/.appium/node_modules/appium-xcuitest-driver/lib/commands/find.ts:205:13)
    at processTicksAndRejections (node:internal/process/task_queues:103:5)
    at XCUITestDriver.findNativeElementOrElements (/Users/meezotech/.appium/node_modules/appium-xcuitest-driver/lib/commands/find.ts:130:7)
    at XCUITestDriver.findElOrEls (/Users/meezotech/.appium/node_modules/appium-xcuitest-driver/lib/commands/find.ts:54:7)
    at XCUITestDriver.findElOrElsWithProcessing (/usr/local/lib/node_modules/appium/node_modules/@appium/base-driver/lib/basedriver/commands/find.ts:60:12)
    at XCUITestDriver.findElement (/usr/local/lib/node_modules/appium/node_modules/@appium/base-driver/lib/basedriver/commands/find.ts:75:12)
2026-02-04 11:24:26:740 [4324adab][HTTP] <-- POST /session/4324adab-ff5a-46d8-a242-559fd2ef220d/element 404 58 ms - 1010 
2026-02-04 11:24:27:245 [4324adab][HTTP] --> POST /session/4324adab-ff5a-46d8-a242-559fd2ef220d/element {"using":"name","value":"Home\nTab 1 of 5"}
2026-02-04 11:24:27:245 [4324adab][XCUITestDriver@b9d9] Calling AppiumDriver.findElement() with args: ["name","Home\nTab 1 of 5","4324adab-ff5a-46d8-a242-559fd2ef220d"]
2026-02-04 11:24:27:245 [4324adab][XCUITestDriver@b9d9] Executing command 'findElement'
2026-02-04 11:24:27:245 [4324adab][XCUITestDriver@b9d9] Valid locator strategies for this request: xpath, id, name, class name, -ios predicate string, -ios class chain, accessibility id, css selector
2026-02-04 11:24:27:246 [4324adab][XCUITestDriver@b9d9] Waiting up to 0 ms for condition
2026-02-04 11:24:27:246 [4324adab][XCUITestDriver@b9d9] Matched '/element' to command name 'findElement'
2026-02-04 11:24:27:246 [4324adab][XCUITestDriver@b9d9] Proxying [POST /element] to [POST http://127.0.0.1:8100/session/5EB332E7-FEEF-49F9-9948-43279FC4692B/element] with body: {"using":"name","value":"Home\nTab 1 of 5"}
2026-02-04 11:24:27:305 [4324adab][XCUITestDriver@b9d9] Got response with status 404: {"value":{"error":"no such element","message":"unable to find an element using 'name', value 'Home\nTab 1 of 5'","traceback":"(\n\t0   WebDriverAgentLib                   0x0000000116ad3462 FBNoSuchElementErrorResponseForRequest + 290\n\t1   WebDriverAgentLib                   0x0000000116ad3240 +[FBFindElementCommands handleFindElement:] + 352\n\t2   WebDriverAgentLib                   0x0000000116a92ccc -[FBRoute_TargetAction mountRequest:intoResponse:] + 172\n\t3   WebDriverAgentLib                   0x0000000116a79d99 __37-[FBWebServer registerRouteHandlers:]_block_invoke + 489\n\t4   WebDriverAgentLib                   0x0000000116ab5839 -[RoutingHTTPServer handleRoute:withRequest:response:] + 185\n\t5   WebDriverAgentLib                   0x0000000116ab6601 __72-[RoutingHTTPServer routeMethod:withPath:parameters:request:connection:]_block_invoke + 65\n\t6   libdispatch.dylib                   0x00007ff8026847ce _dispatch_client_callout + 6\n\t7   libdispatch.dylib                   0x00007ff80267a942...
2026-02-04 11:24:27:306 [4324adab][W3C] Matched W3C error code 'no such element' to NoSuchElementError
2026-02-04 11:24:27:307 [4324adab][XCUITestDriver@b9d9] Encountered internal error running command: NoSuchElementError: An element could not be located on the page using the given search parameters.
    at XCUITestDriver.doNativeFind (/Users/meezotech/.appium/node_modules/appium-xcuitest-driver/lib/commands/find.ts:205:13)
    at processTicksAndRejections (node:internal/process/task_queues:103:5)
    at XCUITestDriver.findNativeElementOrElements (/Users/meezotech/.appium/node_modules/appium-xcuitest-driver/lib/commands/find.ts:130:7)
    at XCUITestDriver.findElOrEls (/Users/meezotech/.appium/node_modules/appium-xcuitest-driver/lib/commands/find.ts:54:7)
    at XCUITestDriver.findElOrElsWithProcessing (/usr/local/lib/node_modules/appium/node_modules/@appium/base-driver/lib/basedriver/commands/find.ts:60:12)
    at XCUITestDriver.findElement (/usr/local/lib/node_modules/appium/node_modules/@appium/base-driver/lib/basedriver/commands/find.ts:75:12)
2026-02-04 11:24:27:307 [4324adab][HTTP] <-- POST /session/4324adab-ff5a-46d8-a242-559fd2ef220d/element 404 63 ms - 1010 
2026-02-04 11:24:27:812 [4324adab][HTTP] --> POST /session/4324adab-ff5a-46d8-a242-559fd2ef220d/element {"using":"name","value":"Home\nTab 1 of 5"}
2026-02-04 11:24:27:813 [4324adab][XCUITestDriver@b9d9] Calling AppiumDriver.findElement() with args: ["name","Home\nTab 1 of 5","4324adab-ff5a-46d8-a242-559fd2ef220d"]
2026-02-04 11:24:27:813 [4324adab][XCUITestDriver@b9d9] Executing command 'findElement'
2026-02-04 11:24:27:813 [4324adab][XCUITestDriver@b9d9] Valid locator strategies for this request: xpath, id, name, class name, -ios predicate string, -ios class chain, accessibility id, css selector
2026-02-04 11:24:27:813 [4324adab][XCUITestDriver@b9d9] Waiting up to 0 ms for condition
2026-02-04 11:24:27:813 [4324adab][XCUITestDriver@b9d9] Matched '/element' to command name 'findElement'
2026-02-04 11:24:27:814 [4324adab][XCUITestDriver@b9d9] Proxying [POST /element] to [POST http://127.0.0.1:8100/session/5EB332E7-FEEF-49F9-9948-43279FC4692B/element] with body: {"using":"name","value":"Home\nTab 1 of 5"}
2026-02-04 11:24:27:874 [4324adab][XCUITestDriver@b9d9] Got response with status 404: {"value":{"error":"no such element","message":"unable to find an element using 'name', value 'Home\nTab 1 of 5'","traceback":"(\n\t0   WebDriverAgentLib                   0x0000000116ad3462 FBNoSuchElementErrorResponseForRequest + 290\n\t1   WebDriverAgentLib                   0x0000000116ad3240 +[FBFindElementCommands handleFindElement:] + 352\n\t2   WebDriverAgentLib                   0x0000000116a92ccc -[FBRoute_TargetAction mountRequest:intoResponse:] + 172\n\t3   WebDriverAgentLib                   0x0000000116a79d99 __37-[FBWebServer registerRouteHandlers:]_block_invoke + 489\n\t4   WebDriverAgentLib                   0x0000000116ab5839 -[RoutingHTTPServer handleRoute:withRequest:response:] + 185\n\t5   WebDriverAgentLib                   0x0000000116ab6601 __72-[RoutingHTTPServer routeMethod:withPath:parameters:request:connection:]_block_invoke + 65\n\t6   libdispatch.dylib                   0x00007ff8026847ce _dispatch_client_callout + 6\n\t7   libdispatch.dylib                   0x00007ff80267a942...
2026-02-04 11:24:27:875 [4324adab][W3C] Matched W3C error code 'no such element' to NoSuchElementError
2026-02-04 11:24:27:876 [4324adab][XCUITestDriver@b9d9] Encountered internal error running command: NoSuchElementError: An element could not be located on the page using the given search parameters.
    at XCUITestDriver.doNativeFind (/Users/meezotech/.appium/node_modules/appium-xcuitest-driver/lib/commands/find.ts:205:13)
    at processTicksAndRejections (node:internal/process/task_queues:103:5)
    at XCUITestDriver.findNativeElementOrElements (/Users/meezotech/.appium/node_modules/appium-xcuitest-driver/lib/commands/find.ts:130:7)
    at XCUITestDriver.findElOrEls (/Users/meezotech/.appium/node_modules/appium-xcuitest-driver/lib/commands/find.ts:54:7)
    at XCUITestDriver.findElOrElsWithProcessing (/usr/local/lib/node_modules/appium/node_modules/@appium/base-driver/lib/basedriver/commands/find.ts:60:12)
    at XCUITestDriver.findElement (/usr/local/lib/node_modules/appium/node_modules/@appium/base-driver/lib/basedriver/commands/find.ts:75:12)
2026-02-04 11:24:27:877 [4324adab][HTTP] <-- POST /session/4324adab-ff5a-46d8-a242-559fd2ef220d/element 404 64 ms - 1010 
2026-02-04 11:24:27:879 [4324adab][HTTP] --> POST /session/4324adab-ff5a-46d8-a242-559fd2ef220d/element {"using":"accessibility id","value":"Continue as Guest"}
2026-02-04 11:24:27:880 [4324adab][XCUITestDriver@b9d9] Calling AppiumDriver.findElement() with args: ["accessibility id","Continue as Guest","4324adab-ff5a-46d8-a242-559fd2ef220d"]
2026-02-04 11:24:27:880 [4324adab][XCUITestDriver@b9d9] Executing command 'findElement'
2026-02-04 11:24:27:880 [4324adab][XCUITestDriver@b9d9] Valid locator strategies for this request: xpath, id, name, class name, -ios predicate string, -ios class chain, accessibility id, css selector
2026-02-04 11:24:27:881 [4324adab][XCUITestDriver@b9d9] Waiting up to 0 ms for condition
2026-02-04 11:24:27:881 [4324adab][XCUITestDriver@b9d9] Matched '/element' to command name 'findElement'
2026-02-04 11:24:27:881 [4324adab][XCUITestDriver@b9d9] Proxying [POST /element] to [POST http://127.0.0.1:8100/session/5EB332E7-FEEF-49F9-9948-43279FC4692B/element] with body: {"using":"accessibility id","value":"Continue as Guest"}
2026-02-04 11:24:28:001 [4324adab][XCUITestDriver@b9d9] Got response with status 200: {"value":{"ELEMENT":"31000000-0000-0000-A300-010000000000","element-6066-11e4-a52e-4f735466cecf":"31000000-0000-0000-A300-010000000000"},"sessionId":"5EB332E7-FEEF-49F9-9948-43279FC4692B"}
2026-02-04 11:24:28:001 [4324adab][XCUITestDriver@b9d9] Responding to client with driver.findElement() result: {"element-6066-11e4-a52e-4f735466cecf":"31000000-0000-0000-A300-010000000000","ELEMENT":"31000000-0000-0000-A300-010000000000"}
2026-02-04 11:24:28:001 [4324adab][HTTP] <-- POST /session/4324adab-ff5a-46d8-a242-559fd2ef220d/element 200 123 ms - 137 
2026-02-04 11:24:28:003 [4324adab][HTTP] --> GET /session/4324adab-ff5a-46d8-a242-559fd2ef220d/element/31000000-0000-0000-A300-010000000000/displayed 
2026-02-04 11:24:28:003 [4324adab][XCUITestDriver@b9d9] Driver proxy active, passing request on via HTTP proxy
2026-02-04 11:24:28:003 [4324adab][XCUITestDriver@b9d9] Executing command 'proxyReqRes'
2026-02-04 11:24:28:004 [4324adab][XCUITestDriver@b9d9] Matched '/session/4324adab-ff5a-46d8-a242-559fd2ef220d/element/31000000-0000-0000-A300-010000000000/displayed' to command name 'elementDisplayed'
2026-02-04 11:24:28:004 [4324adab][XCUITestDriver@b9d9] Proxying [GET /session/4324adab-ff5a-46d8-a242-559fd2ef220d/element/31000000-0000-0000-A300-010000000000/displayed] to [GET http://127.0.0.1:8100/session/5EB332E7-FEEF-49F9-9948-43279FC4692B/element/31000000-0000-0000-A300-010000000000/displayed] with no body
2026-02-04 11:24:28:071 [4324adab][XCUITestDriver@b9d9] Got response with status 200: {"value":true,"sessionId":"5EB332E7-FEEF-49F9-9948-43279FC4692B"}
2026-02-04 11:24:28:071 [4324adab][XCUITestDriver@b9d9] Replacing sessionId 5EB332E7-FEEF-49F9-9948-43279FC4692B with 4324adab-ff5a-46d8-a242-559fd2ef220d
2026-02-04 11:24:28:071 [4324adab][HTTP] <-- GET /session/4324adab-ff5a-46d8-a242-559fd2ef220d/element/31000000-0000-0000-A300-010000000000/displayed 200 68 ms - 14 
2026-02-04 11:24:28:072 [4324adab][HTTP] --> GET /session/4324adab-ff5a-46d8-a242-559fd2ef220d/element/31000000-0000-0000-A300-010000000000/enabled 
2026-02-04 11:24:28:073 [4324adab][XCUITestDriver@b9d9] Driver proxy active, passing request on via HTTP proxy
2026-02-04 11:24:28:073 [4324adab][XCUITestDriver@b9d9] Executing command 'proxyReqRes'
2026-02-04 11:24:28:074 [4324adab][XCUITestDriver@b9d9] Matched '/session/4324adab-ff5a-46d8-a242-559fd2ef220d/element/31000000-0000-0000-A300-010000000000/enabled' to command name 'elementEnabled'
2026-02-04 11:24:28:074 [4324adab][XCUITestDriver@b9d9] Proxying [GET /session/4324adab-ff5a-46d8-a242-559fd2ef220d/element/31000000-0000-0000-A300-010000000000/enabled] to [GET http://127.0.0.1:8100/session/5EB332E7-FEEF-49F9-9948-43279FC4692B/element/31000000-0000-0000-A300-010000000000/enabled] with no body
2026-02-04 11:24:28:138 [4324adab][XCUITestDriver@b9d9] Got response with status 200: {"value":true,"sessionId":"5EB332E7-FEEF-49F9-9948-43279FC4692B"}
2026-02-04 11:24:28:138 [4324adab][XCUITestDriver@b9d9] Replacing sessionId 5EB332E7-FEEF-49F9-9948-43279FC4692B with 4324adab-ff5a-46d8-a242-559fd2ef220d
2026-02-04 11:24:28:139 [4324adab][HTTP] <-- GET /session/4324adab-ff5a-46d8-a242-559fd2ef220d/element/31000000-0000-0000-A300-010000000000/enabled 200 66 ms - 14 
2026-02-04 11:24:28:140 [4324adab][HTTP] --> POST /session/4324adab-ff5a-46d8-a242-559fd2ef220d/element/31000000-0000-0000-A300-010000000000/click {}
2026-02-04 11:24:28:141 [4324adab][XCUITestDriver@b9d9] Driver proxy active, passing request on via HTTP proxy
2026-02-04 11:24:28:141 [4324adab][XCUITestDriver@b9d9] Executing command 'proxyReqRes'
2026-02-04 11:24:28:142 [4324adab][XCUITestDriver@b9d9] Matched '/session/4324adab-ff5a-46d8-a242-559fd2ef220d/element/31000000-0000-0000-A300-010000000000/click' to command name 'click'
2026-02-04 11:24:28:142 [4324adab][XCUITestDriver@b9d9] Proxying [POST /session/4324adab-ff5a-46d8-a242-559fd2ef220d/element/31000000-0000-0000-A300-010000000000/click] to [POST http://127.0.0.1:8100/session/5EB332E7-FEEF-49F9-9948-43279FC4692B/element/31000000-0000-0000-A300-010000000000/click] with body: {}
2026-02-04 11:24:28:651 [4324adab][XCUITestDriver@b9d9] Got response with status 200: {"value":null,"sessionId":"5EB332E7-FEEF-49F9-9948-43279FC4692B"}
2026-02-04 11:24:28:651 [4324adab][XCUITestDriver@b9d9] Replacing sessionId 5EB332E7-FEEF-49F9-9948-43279FC4692B with 4324adab-ff5a-46d8-a242-559fd2ef220d
2026-02-04 11:24:28:652 [4324adab][HTTP] <-- POST /session/4324adab-ff5a-46d8-a242-559fd2ef220d/element/31000000-0000-0000-A300-010000000000/click 200 511 ms - 14 
2026-02-04 11:24:30:657 [4324adab][HTTP] --> GET /session/4324adab-ff5a-46d8-a242-559fd2ef220d/alert/text 
2026-02-04 11:24:30:658 [4324adab][XCUITestDriver@b9d9] Calling AppiumDriver.getAlertText() with args: ["4324adab-ff5a-46d8-a242-559fd2ef220d"]
2026-02-04 11:24:30:658 [4324adab][XCUITestDriver@b9d9] Executing command 'getAlertText'
2026-02-04 11:24:30:662 [4324adab][XCUITestDriver@b9d9] Matched '/alert/text' to command name 'getAlertText'
2026-02-04 11:24:30:662 [4324adab][XCUITestDriver@b9d9] Proxying [GET /alert/text] to [GET http://127.0.0.1:8100/session/5EB332E7-FEEF-49F9-9948-43279FC4692B/alert/text] with no body
2026-02-04 11:24:30:935 [4324adab][XCUITestDriver@b9d9] Got response with status 404: {"value":{"error":"no such alert","message":"An attempt was made to operate on a modal dialog when one was not open","traceback":""},"sessionId":"5EB332E7-FEEF-49F9-9948-43279FC4692B"}
2026-02-04 11:24:30:935 [4324adab][W3C] Matched W3C error code 'no such alert' to NoSuchAlertError
2026-02-04 11:24:30:936 [4324adab][XCUITestDriver@b9d9] Encountered internal error running command: An attempt was made to operate on a modal dialog when one was not open
ProxyRequestError: Request failed with status code 404
    at JWProxy.proxy (/Users/meezotech/.appium/node_modules/appium-xcuitest-driver/node_modules/@appium/base-driver/lib/jsonwp-proxy/proxy.js:279:13)
    at processTicksAndRejections (node:internal/process/task_queues:103:5)
    at ProtocolConverter.convertAndProxy (/Users/meezotech/.appium/node_modules/appium-xcuitest-driver/node_modules/@appium/base-driver/lib/jsonwp-proxy/protocol-converter.js:309:12)
    at JWProxy.proxyCommand (/Users/meezotech/.appium/node_modules/appium-xcuitest-driver/node_modules/@appium/base-driver/lib/jsonwp-proxy/proxy.js:313:12)
    at JWProxy.command (/Users/meezotech/.appium/node_modules/appium-xcuitest-driver/node_modules/@appium/base-driver/lib/jsonwp-proxy/proxy.js:327:32)
    at XCUITestDriver.proxyCommand (/Users/meezotech/.appium/node_modules/appium-xcuitest-driver/lib/commands/proxy-helper.ts:95:12)
    at XCUITestDriver.getAlertText (/Users/meezotech/.appium/node_modules/appium-xcuitest-driver/lib/commands/alert.ts:11:10)
2026-02-04 11:24:30:936 [4324adab][HTTP] <-- GET /session/4324adab-ff5a-46d8-a242-559fd2ef220d/alert/text 404 280 ms - 1171 
2026-02-04 11:24:30:938 [4324adab][HTTP] --> POST /session/4324adab-ff5a-46d8-a242-559fd2ef220d/element {"using":"name","value":"Jeddah"}
2026-02-04 11:24:30:938 [4324adab][XCUITestDriver@b9d9] Calling AppiumDriver.findElement() with args: ["name","Jeddah","4324adab-ff5a-46d8-a242-559fd2ef220d"]
2026-02-04 11:24:30:938 [4324adab][XCUITestDriver@b9d9] Executing command 'findElement'
2026-02-04 11:24:30:938 [4324adab][XCUITestDriver@b9d9] Valid locator strategies for this request: xpath, id, name, class name, -ios predicate string, -ios class chain, accessibility id, css selector
2026-02-04 11:24:30:938 [4324adab][XCUITestDriver@b9d9] Waiting up to 0 ms for condition
2026-02-04 11:24:30:939 [4324adab][XCUITestDriver@b9d9] Matched '/element' to command name 'findElement'
2026-02-04 11:24:30:939 [4324adab][XCUITestDriver@b9d9] Proxying [POST /element] to [POST http://127.0.0.1:8100/session/5EB332E7-FEEF-49F9-9948-43279FC4692B/element] with body: {"using":"name","value":"Jeddah"}
2026-02-04 11:24:30:986 [4324adab][XCUITestDriver@b9d9] Got response with status 404: {"value":{"error":"no such element","message":"unable to find an element using 'name', value 'Jeddah'","traceback":"(\n\t0   WebDriverAgentLib                   0x0000000116ad3462 FBNoSuchElementErrorResponseForRequest + 290\n\t1   WebDriverAgentLib                   0x0000000116ad3240 +[FBFindElementCommands handleFindElement:] + 352\n\t2   WebDriverAgentLib                   0x0000000116a92ccc -[FBRoute_TargetAction mountRequest:intoResponse:] + 172\n\t3   WebDriverAgentLib                   0x0000000116a79d99 __37-[FBWebServer registerRouteHandlers:]_block_invoke + 489\n\t4   WebDriverAgentLib                   0x0000000116ab5839 -[RoutingHTTPServer handleRoute:withRequest:response:] + 185\n\t5   WebDriverAgentLib                   0x0000000116ab6601 __72-[RoutingHTTPServer routeMethod:withPath:parameters:request:connection:]_block_invoke + 65\n\t6   libdispatch.dylib                   0x00007ff8026847ce _dispatch_client_callout + 6\n\t7   libdispatch.dylib                   0x00007ff80267a942 _dispatch...
2026-02-04 11:24:30:987 [4324adab][W3C] Matched W3C error code 'no such element' to NoSuchElementError
2026-02-04 11:24:30:987 [4324adab][XCUITestDriver@b9d9] Encountered internal error running command: NoSuchElementError: An element could not be located on the page using the given search parameters.
    at XCUITestDriver.doNativeFind (/Users/meezotech/.appium/node_modules/appium-xcuitest-driver/lib/commands/find.ts:205:13)
    at processTicksAndRejections (node:internal/process/task_queues:103:5)
    at XCUITestDriver.findNativeElementOrElements (/Users/meezotech/.appium/node_modules/appium-xcuitest-driver/lib/commands/find.ts:130:7)
    at XCUITestDriver.findElOrEls (/Users/meezotech/.appium/node_modules/appium-xcuitest-driver/lib/commands/find.ts:54:7)
    at XCUITestDriver.findElOrElsWithProcessing (/usr/local/lib/node_modules/appium/node_modules/@appium/base-driver/lib/basedriver/commands/find.ts:60:12)
    at XCUITestDriver.findElement (/usr/local/lib/node_modules/appium/node_modules/@appium/base-driver/lib/basedriver/commands/find.ts:75:12)
2026-02-04 11:24:30:988 [4324adab][HTTP] <-- POST /session/4324adab-ff5a-46d8-a242-559fd2ef220d/element 404 50 ms - 1010 
2026-02-04 11:24:31:494 [4324adab][HTTP] --> POST /session/4324adab-ff5a-46d8-a242-559fd2ef220d/element {"using":"name","value":"Jeddah"}
2026-02-04 11:24:31:495 [4324adab][XCUITestDriver@b9d9] Calling AppiumDriver.findElement() with args: ["name","Jeddah","4324adab-ff5a-46d8-a242-559fd2ef220d"]
2026-02-04 11:24:31:495 [4324adab][XCUITestDriver@b9d9] Executing command 'findElement'
2026-02-04 11:24:31:495 [4324adab][XCUITestDriver@b9d9] Valid locator strategies for this request: xpath, id, name, class name, -ios predicate string, -ios class chain, accessibility id, css selector
2026-02-04 11:24:31:495 [4324adab][XCUITestDriver@b9d9] Waiting up to 0 ms for condition
2026-02-04 11:24:31:495 [4324adab][XCUITestDriver@b9d9] Matched '/element' to command name 'findElement'
2026-02-04 11:24:31:496 [4324adab][XCUITestDriver@b9d9] Proxying [POST /element] to [POST http://127.0.0.1:8100/session/5EB332E7-FEEF-49F9-9948-43279FC4692B/element] with body: {"using":"name","value":"Jeddah"}
2026-02-04 11:24:31:590 [4324adab][XCUITestDriver@b9d9] Got response with status 404: {"value":{"error":"no such element","message":"unable to find an element using 'name', value 'Jeddah'","traceback":"(\n\t0   WebDriverAgentLib                   0x0000000116ad3462 FBNoSuchElementErrorResponseForRequest + 290\n\t1   WebDriverAgentLib                   0x0000000116ad3240 +[FBFindElementCommands handleFindElement:] + 352\n\t2   WebDriverAgentLib                   0x0000000116a92ccc -[FBRoute_TargetAction mountRequest:intoResponse:] + 172\n\t3   WebDriverAgentLib                   0x0000000116a79d99 __37-[FBWebServer registerRouteHandlers:]_block_invoke + 489\n\t4   WebDriverAgentLib                   0x0000000116ab5839 -[RoutingHTTPServer handleRoute:withRequest:response:] + 185\n\t5   WebDriverAgentLib                   0x0000000116ab6601 __72-[RoutingHTTPServer routeMethod:withPath:parameters:request:connection:]_block_invoke + 65\n\t6   libdispatch.dylib                   0x00007ff8026847ce _dispatch_client_callout + 6\n\t7   libdispatch.dylib                   0x00007ff80267a942 _dispatch...
2026-02-04 11:24:31:592 [4324adab][W3C] Matched W3C error code 'no such element' to NoSuchElementError
2026-02-04 11:24:31:594 [4324adab][XCUITestDriver@b9d9] Encountered internal error running command: NoSuchElementError: An element could not be located on the page using the given search parameters.
    at XCUITestDriver.doNativeFind (/Users/meezotech/.appium/node_modules/appium-xcuitest-driver/lib/commands/find.ts:205:13)
    at processTicksAndRejections (node:internal/process/task_queues:103:5)
    at XCUITestDriver.findNativeElementOrElements (/Users/meezotech/.appium/node_modules/appium-xcuitest-driver/lib/commands/find.ts:130:7)
    at XCUITestDriver.findElOrEls (/Users/meezotech/.appium/node_modules/appium-xcuitest-driver/lib/commands/find.ts:54:7)
    at XCUITestDriver.findElOrElsWithProcessing (/usr/local/lib/node_modules/appium/node_modules/@appium/base-driver/lib/basedriver/commands/find.ts:60:12)
    at XCUITestDriver.findElement (/usr/local/lib/node_modules/appium/node_modules/@appium/base-driver/lib/basedriver/commands/find.ts:75:12)
2026-02-04 11:24:31:595 [4324adab][HTTP] <-- POST /session/4324adab-ff5a-46d8-a242-559fd2ef220d/element 404 100 ms - 1010 
2026-02-04 11:24:32:101 [4324adab][HTTP] --> POST /session/4324adab-ff5a-46d8-a242-559fd2ef220d/element {"using":"name","value":"Jeddah"}
2026-02-04 11:24:32:102 [4324adab][XCUITestDriver@b9d9] Calling AppiumDriver.findElement() with args: ["name","Jeddah","4324adab-ff5a-46d8-a242-559fd2ef220d"]
2026-02-04 11:24:32:102 [4324adab][XCUITestDriver@b9d9] Executing command 'findElement'
2026-02-04 11:24:32:102 [4324adab][XCUITestDriver@b9d9] Valid locator strategies for this request: xpath, id, name, class name, -ios predicate string, -ios class chain, accessibility id, css selector
2026-02-04 11:24:32:102 [4324adab][XCUITestDriver@b9d9] Waiting up to 0 ms for condition
2026-02-04 11:24:32:102 [4324adab][XCUITestDriver@b9d9] Matched '/element' to command name 'findElement'
2026-02-04 11:24:32:102 [4324adab][XCUITestDriver@b9d9] Proxying [POST /element] to [POST http://127.0.0.1:8100/session/5EB332E7-FEEF-49F9-9948-43279FC4692B/element] with body: {"using":"name","value":"Jeddah"}
2026-02-04 11:24:32:775 [4324adab][XCUITestDriver@b9d9] Got response with status 404: {"value":{"error":"no such element","message":"unable to find an element using 'name', value 'Jeddah'","traceback":"(\n\t0   WebDriverAgentLib                   0x0000000116ad3462 FBNoSuchElementErrorResponseForRequest + 290\n\t1   WebDriverAgentLib                   0x0000000116ad3240 +[FBFindElementCommands handleFindElement:] + 352\n\t2   WebDriverAgentLib                   0x0000000116a92ccc -[FBRoute_TargetAction mountRequest:intoResponse:] + 172\n\t3   WebDriverAgentLib                   0x0000000116a79d99 __37-[FBWebServer registerRouteHandlers:]_block_invoke + 489\n\t4   WebDriverAgentLib                   0x0000000116ab5839 -[RoutingHTTPServer handleRoute:withRequest:response:] + 185\n\t5   WebDriverAgentLib                   0x0000000116ab6601 __72-[RoutingHTTPServer routeMethod:withPath:parameters:request:connection:]_block_invoke + 65\n\t6   libdispatch.dylib                   0x00007ff8026847ce _dispatch_client_callout + 6\n\t7   libdispatch.dylib                   0x00007ff80267a942 _dispatch...
2026-02-04 11:24:32:776 [4324adab][W3C] Matched W3C error code 'no such element' to NoSuchElementError
2026-02-04 11:24:32:776 [4324adab][XCUITestDriver@b9d9] Encountered internal error running command: NoSuchElementError: An element could not be located on the page using the given search parameters.
    at XCUITestDriver.doNativeFind (/Users/meezotech/.appium/node_modules/appium-xcuitest-driver/lib/commands/find.ts:205:13)
    at processTicksAndRejections (node:internal/process/task_queues:103:5)
    at XCUITestDriver.findNativeElementOrElements (/Users/meezotech/.appium/node_modules/appium-xcuitest-driver/lib/commands/find.ts:130:7)
    at XCUITestDriver.findElOrEls (/Users/meezotech/.appium/node_modules/appium-xcuitest-driver/lib/commands/find.ts:54:7)
    at XCUITestDriver.findElOrElsWithProcessing (/usr/local/lib/node_modules/appium/node_modules/@appium/base-driver/lib/basedriver/commands/find.ts:60:12)
    at XCUITestDriver.findElement (/usr/local/lib/node_modules/appium/node_modules/@appium/base-driver/lib/basedriver/commands/find.ts:75:12)
2026-02-04 11:24:32:777 [4324adab][HTTP] <-- POST /session/4324adab-ff5a-46d8-a242-559fd2ef220d/element 404 675 ms - 1010 
2026-02-04 11:24:33:279 [4324adab][HTTP] --> POST /session/4324adab-ff5a-46d8-a242-559fd2ef220d/element {"using":"name","value":"Jeddah"}
2026-02-04 11:24:33:279 [4324adab][XCUITestDriver@b9d9] Calling AppiumDriver.findElement() with args: ["name","Jeddah","4324adab-ff5a-46d8-a242-559fd2ef220d"]
2026-02-04 11:24:33:279 [4324adab][XCUITestDriver@b9d9] Executing command 'findElement'
2026-02-04 11:24:33:279 [4324adab][XCUITestDriver@b9d9] Valid locator strategies for this request: xpath, id, name, class name, -ios predicate string, -ios class chain, accessibility id, css selector
2026-02-04 11:24:33:279 [4324adab][XCUITestDriver@b9d9] Waiting up to 0 ms for condition
2026-02-04 11:24:33:280 [4324adab][XCUITestDriver@b9d9] Matched '/element' to command name 'findElement'
2026-02-04 11:24:33:280 [4324adab][XCUITestDriver@b9d9] Proxying [POST /element] to [POST http://127.0.0.1:8100/session/5EB332E7-FEEF-49F9-9948-43279FC4692B/element] with body: {"using":"name","value":"Jeddah"}
2026-02-04 11:24:33:344 [4324adab][XCUITestDriver@b9d9] Got response with status 404: {"value":{"error":"no such element","message":"unable to find an element using 'name', value 'Jeddah'","traceback":"(\n\t0   WebDriverAgentLib                   0x0000000116ad3462 FBNoSuchElementErrorResponseForRequest + 290\n\t1   WebDriverAgentLib                   0x0000000116ad3240 +[FBFindElementCommands handleFindElement:] + 352\n\t2   WebDriverAgentLib                   0x0000000116a92ccc -[FBRoute_TargetAction mountRequest:intoResponse:] + 172\n\t3   WebDriverAgentLib                   0x0000000116a79d99 __37-[FBWebServer registerRouteHandlers:]_block_invoke + 489\n\t4   WebDriverAgentLib                   0x0000000116ab5839 -[RoutingHTTPServer handleRoute:withRequest:response:] + 185\n\t5   WebDriverAgentLib                   0x0000000116ab6601 __72-[RoutingHTTPServer routeMethod:withPath:parameters:request:connection:]_block_invoke + 65\n\t6   libdispatch.dylib                   0x00007ff8026847ce _dispatch_client_callout + 6\n\t7   libdispatch.dylib                   0x00007ff80267a942 _dispatch...
2026-02-04 11:24:33:345 [4324adab][W3C] Matched W3C error code 'no such element' to NoSuchElementError
2026-02-04 11:24:33:346 [4324adab][XCUITestDriver@b9d9] Encountered internal error running command: NoSuchElementError: An element could not be located on the page using the given search parameters.
    at XCUITestDriver.doNativeFind (/Users/meezotech/.appium/node_modules/appium-xcuitest-driver/lib/commands/find.ts:205:13)
    at processTicksAndRejections (node:internal/process/task_queues:103:5)
    at XCUITestDriver.findNativeElementOrElements (/Users/meezotech/.appium/node_modules/appium-xcuitest-driver/lib/commands/find.ts:130:7)
    at XCUITestDriver.findElOrEls (/Users/meezotech/.appium/node_modules/appium-xcuitest-driver/lib/commands/find.ts:54:7)
    at XCUITestDriver.findElOrElsWithProcessing (/usr/local/lib/node_modules/appium/node_modules/@appium/base-driver/lib/basedriver/commands/find.ts:60:12)
    at XCUITestDriver.findElement (/usr/local/lib/node_modules/appium/node_modules/@appium/base-driver/lib/basedriver/commands/find.ts:75:12)
2026-02-04 11:24:33:346 [4324adab][HTTP] <-- POST /session/4324adab-ff5a-46d8-a242-559fd2ef220d/element 404 67 ms - 1010 
2026-02-04 11:24:33:849 [4324adab][HTTP] --> POST /session/4324adab-ff5a-46d8-a242-559fd2ef220d/element {"using":"name","value":"Jeddah"}
2026-02-04 11:24:33:849 [4324adab][XCUITestDriver@b9d9] Calling AppiumDriver.findElement() with args: ["name","Jeddah","4324adab-ff5a-46d8-a242-559fd2ef220d"]
2026-02-04 11:24:33:849 [4324adab][XCUITestDriver@b9d9] Executing command 'findElement'
2026-02-04 11:24:33:849 [4324adab][XCUITestDriver@b9d9] Valid locator strategies for this request: xpath, id, name, class name, -ios predicate string, -ios class chain, accessibility id, css selector
2026-02-04 11:24:33:850 [4324adab][XCUITestDriver@b9d9] Waiting up to 0 ms for condition
2026-02-04 11:24:33:850 [4324adab][XCUITestDriver@b9d9] Matched '/element' to command name 'findElement'
2026-02-04 11:24:33:850 [4324adab][XCUITestDriver@b9d9] Proxying [POST /element] to [POST http://127.0.0.1:8100/session/5EB332E7-FEEF-49F9-9948-43279FC4692B/element] with body: {"using":"name","value":"Jeddah"}
2026-02-04 11:24:33:906 [4324adab][XCUITestDriver@b9d9] Got response with status 404: {"value":{"error":"no such element","message":"unable to find an element using 'name', value 'Jeddah'","traceback":"(\n\t0   WebDriverAgentLib                   0x0000000116ad3462 FBNoSuchElementErrorResponseForRequest + 290\n\t1   WebDriverAgentLib                   0x0000000116ad3240 +[FBFindElementCommands handleFindElement:] + 352\n\t2   WebDriverAgentLib                   0x0000000116a92ccc -[FBRoute_TargetAction mountRequest:intoResponse:] + 172\n\t3   WebDriverAgentLib                   0x0000000116a79d99 __37-[FBWebServer registerRouteHandlers:]_block_invoke + 489\n\t4   WebDriverAgentLib                   0x0000000116ab5839 -[RoutingHTTPServer handleRoute:withRequest:response:] + 185\n\t5   WebDriverAgentLib                   0x0000000116ab6601 __72-[RoutingHTTPServer routeMethod:withPath:parameters:request:connection:]_block_invoke + 65\n\t6   libdispatch.dylib                   0x00007ff8026847ce _dispatch_client_callout + 6\n\t7   libdispatch.dylib                   0x00007ff80267a942 _dispatch...
2026-02-04 11:24:33:907 [4324adab][W3C] Matched W3C error code 'no such element' to NoSuchElementError
2026-02-04 11:24:33:908 [4324adab][XCUITestDriver@b9d9] Encountered internal error running command: NoSuchElementError: An element could not be located on the page using the given search parameters.
    at XCUITestDriver.doNativeFind (/Users/meezotech/.appium/node_modules/appium-xcuitest-driver/lib/commands/find.ts:205:13)
    at processTicksAndRejections (node:internal/process/task_queues:103:5)
    at XCUITestDriver.findNativeElementOrElements (/Users/meezotech/.appium/node_modules/appium-xcuitest-driver/lib/commands/find.ts:130:7)
    at XCUITestDriver.findElOrEls (/Users/meezotech/.appium/node_modules/appium-xcuitest-driver/lib/commands/find.ts:54:7)
    at XCUITestDriver.findElOrElsWithProcessing (/usr/local/lib/node_modules/appium/node_modules/@appium/base-driver/lib/basedriver/commands/find.ts:60:12)
    at XCUITestDriver.findElement (/usr/local/lib/node_modules/appium/node_modules/@appium/base-driver/lib/basedriver/commands/find.ts:75:12)
2026-02-04 11:24:33:908 [4324adab][HTTP] <-- POST /session/4324adab-ff5a-46d8-a242-559fd2ef220d/element 404 59 ms - 1010 
2026-02-04 11:24:34:414 [4324adab][HTTP] --> POST /session/4324adab-ff5a-46d8-a242-559fd2ef220d/element {"using":"name","value":"Jeddah"}
2026-02-04 11:24:34:414 [4324adab][XCUITestDriver@b9d9] Calling AppiumDriver.findElement() with args: ["name","Jeddah","4324adab-ff5a-46d8-a242-559fd2ef220d"]
2026-02-04 11:24:34:414 [4324adab][XCUITestDriver@b9d9] Executing command 'findElement'
2026-02-04 11:24:34:414 [4324adab][XCUITestDriver@b9d9] Valid locator strategies for this request: xpath, id, name, class name, -ios predicate string, -ios class chain, accessibility id, css selector
2026-02-04 11:24:34:415 [4324adab][XCUITestDriver@b9d9] Waiting up to 0 ms for condition
2026-02-04 11:24:34:415 [4324adab][XCUITestDriver@b9d9] Matched '/element' to command name 'findElement'
2026-02-04 11:24:34:415 [4324adab][XCUITestDriver@b9d9] Proxying [POST /element] to [POST http://127.0.0.1:8100/session/5EB332E7-FEEF-49F9-9948-43279FC4692B/element] with body: {"using":"name","value":"Jeddah"}
2026-02-04 11:24:35:365 [4324adab][XCUITestDriver@b9d9] Got response with status 404: {"value":{"error":"no such element","message":"unable to find an element using 'name', value 'Jeddah'","traceback":"(\n\t0   WebDriverAgentLib                   0x0000000116ad3462 FBNoSuchElementErrorResponseForRequest + 290\n\t1   WebDriverAgentLib                   0x0000000116ad3240 +[FBFindElementCommands handleFindElement:] + 352\n\t2   WebDriverAgentLib                   0x0000000116a92ccc -[FBRoute_TargetAction mountRequest:intoResponse:] + 172\n\t3   WebDriverAgentLib                   0x0000000116a79d99 __37-[FBWebServer registerRouteHandlers:]_block_invoke + 489\n\t4   WebDriverAgentLib                   0x0000000116ab5839 -[RoutingHTTPServer handleRoute:withRequest:response:] + 185\n\t5   WebDriverAgentLib                   0x0000000116ab6601 __72-[RoutingHTTPServer routeMethod:withPath:parameters:request:connection:]_block_invoke + 65\n\t6   libdispatch.dylib                   0x00007ff8026847ce _dispatch_client_callout + 6\n\t7   libdispatch.dylib                   0x00007ff80267a942 _dispatch...
2026-02-04 11:24:35:366 [4324adab][W3C] Matched W3C error code 'no such element' to NoSuchElementError
2026-02-04 11:24:35:368 [4324adab][XCUITestDriver@b9d9] Encountered internal error running command: NoSuchElementError: An element could not be located on the page using the given search parameters.
    at XCUITestDriver.doNativeFind (/Users/meezotech/.appium/node_modules/appium-xcuitest-driver/lib/commands/find.ts:205:13)
    at processTicksAndRejections (node:internal/process/task_queues:103:5)
    at XCUITestDriver.findNativeElementOrElements (/Users/meezotech/.appium/node_modules/appium-xcuitest-driver/lib/commands/find.ts:130:7)
    at XCUITestDriver.findElOrEls (/Users/meezotech/.appium/node_modules/appium-xcuitest-driver/lib/commands/find.ts:54:7)
    at XCUITestDriver.findElOrElsWithProcessing (/usr/local/lib/node_modules/appium/node_modules/@appium/base-driver/lib/basedriver/commands/find.ts:60:12)
    at XCUITestDriver.findElement (/usr/local/lib/node_modules/appium/node_modules/@appium/base-driver/lib/basedriver/commands/find.ts:75:12)
2026-02-04 11:24:35:368 [4324adab][HTTP] <-- POST /session/4324adab-ff5a-46d8-a242-559fd2ef220d/element 404 955 ms - 1010 
2026-02-04 11:24:35:871 [4324adab][HTTP] --> POST /session/4324adab-ff5a-46d8-a242-559fd2ef220d/element {"using":"name","value":"Jeddah"}
2026-02-04 11:24:35:871 [4324adab][XCUITestDriver@b9d9] Calling AppiumDriver.findElement() with args: ["name","Jeddah","4324adab-ff5a-46d8-a242-559fd2ef220d"]
2026-02-04 11:24:35:871 [4324adab][XCUITestDriver@b9d9] Executing command 'findElement'
2026-02-04 11:24:35:871 [4324adab][XCUITestDriver@b9d9] Valid locator strategies for this request: xpath, id, name, class name, -ios predicate string, -ios class chain, accessibility id, css selector
2026-02-04 11:24:35:871 [4324adab][XCUITestDriver@b9d9] Waiting up to 0 ms for condition
2026-02-04 11:24:35:872 [4324adab][XCUITestDriver@b9d9] Matched '/element' to command name 'findElement'
2026-02-04 11:24:35:872 [4324adab][XCUITestDriver@b9d9] Proxying [POST /element] to [POST http://127.0.0.1:8100/session/5EB332E7-FEEF-49F9-9948-43279FC4692B/element] with body: {"using":"name","value":"Jeddah"}
2026-02-04 11:24:36:006 [4324adab][XCUITestDriver@b9d9] Got response with status 404: {"value":{"error":"no such element","message":"unable to find an element using 'name', value 'Jeddah'","traceback":"(\n\t0   WebDriverAgentLib                   0x0000000116ad3462 FBNoSuchElementErrorResponseForRequest + 290\n\t1   WebDriverAgentLib                   0x0000000116ad3240 +[FBFindElementCommands handleFindElement:] + 352\n\t2   WebDriverAgentLib                   0x0000000116a92ccc -[FBRoute_TargetAction mountRequest:intoResponse:] + 172\n\t3   WebDriverAgentLib                   0x0000000116a79d99 __37-[FBWebServer registerRouteHandlers:]_block_invoke + 489\n\t4   WebDriverAgentLib                   0x0000000116ab5839 -[RoutingHTTPServer handleRoute:withRequest:response:] + 185\n\t5   WebDriverAgentLib                   0x0000000116ab6601 __72-[RoutingHTTPServer routeMethod:withPath:parameters:request:connection:]_block_invoke + 65\n\t6   libdispatch.dylib                   0x00007ff8026847ce _dispatch_client_callout + 6\n\t7   libdispatch.dylib                   0x00007ff80267a942 _dispatch...
2026-02-04 11:24:36:006 [4324adab][W3C] Matched W3C error code 'no such element' to NoSuchElementError
2026-02-04 11:24:36:007 [4324adab][XCUITestDriver@b9d9] Encountered internal error running command: NoSuchElementError: An element could not be located on the page using the given search parameters.
    at XCUITestDriver.doNativeFind (/Users/meezotech/.appium/node_modules/appium-xcuitest-driver/lib/commands/find.ts:205:13)
    at processTicksAndRejections (node:internal/process/task_queues:103:5)
    at XCUITestDriver.findNativeElementOrElements (/Users/meezotech/.appium/node_modules/appium-xcuitest-driver/lib/commands/find.ts:130:7)
    at XCUITestDriver.findElOrEls (/Users/meezotech/.appium/node_modules/appium-xcuitest-driver/lib/commands/find.ts:54:7)
    at XCUITestDriver.findElOrElsWithProcessing (/usr/local/lib/node_modules/appium/node_modules/@appium/base-driver/lib/basedriver/commands/find.ts:60:12)
    at XCUITestDriver.findElement (/usr/local/lib/node_modules/appium/node_modules/@appium/base-driver/lib/basedriver/commands/find.ts:75:12)
2026-02-04 11:24:36:008 [4324adab][HTTP] <-- POST /session/4324adab-ff5a-46d8-a242-559fd2ef220d/element 404 137 ms - 1010 
2026-02-04 11:24:36:512 [4324adab][HTTP] --> POST /session/4324adab-ff5a-46d8-a242-559fd2ef220d/element {"using":"name","value":"Jeddah"}
2026-02-04 11:24:36:513 [4324adab][XCUITestDriver@b9d9] Calling AppiumDriver.findElement() with args: ["name","Jeddah","4324adab-ff5a-46d8-a242-559fd2ef220d"]
2026-02-04 11:24:36:513 [4324adab][XCUITestDriver@b9d9] Executing command 'findElement'
2026-02-04 11:24:36:513 [4324adab][XCUITestDriver@b9d9] Valid locator strategies for this request: xpath, id, name, class name, -ios predicate string, -ios class chain, accessibility id, css selector
2026-02-04 11:24:36:513 [4324adab][XCUITestDriver@b9d9] Waiting up to 0 ms for condition
2026-02-04 11:24:36:514 [4324adab][XCUITestDriver@b9d9] Matched '/element' to command name 'findElement'
2026-02-04 11:24:36:514 [4324adab][XCUITestDriver@b9d9] Proxying [POST /element] to [POST http://127.0.0.1:8100/session/5EB332E7-FEEF-49F9-9948-43279FC4692B/element] with body: {"using":"name","value":"Jeddah"}
2026-02-04 11:24:36:844 [4324adab][XCUITestDriver@b9d9] Got response with status 200: {"value":{"ELEMENT":"58000000-0000-0000-A300-010000000000","element-6066-11e4-a52e-4f735466cecf":"58000000-0000-0000-A300-010000000000"},"sessionId":"5EB332E7-FEEF-49F9-9948-43279FC4692B"}
2026-02-04 11:24:36:845 [4324adab][XCUITestDriver@b9d9] Responding to client with driver.findElement() result: {"element-6066-11e4-a52e-4f735466cecf":"58000000-0000-0000-A300-010000000000","ELEMENT":"58000000-0000-0000-A300-010000000000"}
2026-02-04 11:24:36:845 [4324adab][HTTP] <-- POST /session/4324adab-ff5a-46d8-a242-559fd2ef220d/element 200 333 ms - 137 
2026-02-04 11:24:36:847 [4324adab][HTTP] --> GET /session/4324adab-ff5a-46d8-a242-559fd2ef220d/element/58000000-0000-0000-A300-010000000000/displayed 
2026-02-04 11:24:36:847 [4324adab][XCUITestDriver@b9d9] Driver proxy active, passing request on via HTTP proxy
2026-02-04 11:24:36:847 [4324adab][XCUITestDriver@b9d9] Executing command 'proxyReqRes'
2026-02-04 11:24:36:848 [4324adab][XCUITestDriver@b9d9] Matched '/session/4324adab-ff5a-46d8-a242-559fd2ef220d/element/58000000-0000-0000-A300-010000000000/displayed' to command name 'elementDisplayed'
2026-02-04 11:24:36:848 [4324adab][XCUITestDriver@b9d9] Proxying [GET /session/4324adab-ff5a-46d8-a242-559fd2ef220d/element/58000000-0000-0000-A300-010000000000/displayed] to [GET http://127.0.0.1:8100/session/5EB332E7-FEEF-49F9-9948-43279FC4692B/element/58000000-0000-0000-A300-010000000000/displayed] with no body
2026-02-04 11:24:36:997 [4324adab][XCUITestDriver@b9d9] Got response with status 200: {"value":true,"sessionId":"5EB332E7-FEEF-49F9-9948-43279FC4692B"}
2026-02-04 11:24:36:997 [4324adab][XCUITestDriver@b9d9] Replacing sessionId 5EB332E7-FEEF-49F9-9948-43279FC4692B with 4324adab-ff5a-46d8-a242-559fd2ef220d
2026-02-04 11:24:36:998 [4324adab][HTTP] <-- GET /session/4324adab-ff5a-46d8-a242-559fd2ef220d/element/58000000-0000-0000-A300-010000000000/displayed 200 150 ms - 14 
2026-02-04 11:24:36:999 [4324adab][HTTP] --> GET /session/4324adab-ff5a-46d8-a242-559fd2ef220d/element/58000000-0000-0000-A300-010000000000/enabled 
2026-02-04 11:24:37:000 [4324adab][XCUITestDriver@b9d9] Driver proxy active, passing request on via HTTP proxy
2026-02-04 11:24:37:000 [4324adab][XCUITestDriver@b9d9] Executing command 'proxyReqRes'
2026-02-04 11:24:37:000 [4324adab][XCUITestDriver@b9d9] Matched '/session/4324adab-ff5a-46d8-a242-559fd2ef220d/element/58000000-0000-0000-A300-010000000000/enabled' to command name 'elementEnabled'
2026-02-04 11:24:37:001 [4324adab][XCUITestDriver@b9d9] Proxying [GET /session/4324adab-ff5a-46d8-a242-559fd2ef220d/element/58000000-0000-0000-A300-010000000000/enabled] to [GET http://127.0.0.1:8100/session/5EB332E7-FEEF-49F9-9948-43279FC4692B/element/58000000-0000-0000-A300-010000000000/enabled] with no body
2026-02-04 11:24:37:128 [4324adab][XCUITestDriver@b9d9] Got response with status 200: {"value":true,"sessionId":"5EB332E7-FEEF-49F9-9948-43279FC4692B"}
2026-02-04 11:24:37:128 [4324adab][XCUITestDriver@b9d9] Replacing sessionId 5EB332E7-FEEF-49F9-9948-43279FC4692B with 4324adab-ff5a-46d8-a242-559fd2ef220d
2026-02-04 11:24:37:129 [4324adab][HTTP] <-- GET /session/4324adab-ff5a-46d8-a242-559fd2ef220d/element/58000000-0000-0000-A300-010000000000/enabled 200 129 ms - 14 
2026-02-04 11:24:37:131 [4324adab][HTTP] --> POST /session/4324adab-ff5a-46d8-a242-559fd2ef220d/element/58000000-0000-0000-A300-010000000000/click {}
2026-02-04 11:24:37:131 [4324adab][XCUITestDriver@b9d9] Driver proxy active, passing request on via HTTP proxy
2026-02-04 11:24:37:131 [4324adab][XCUITestDriver@b9d9] Executing command 'proxyReqRes'
2026-02-04 11:24:37:132 [4324adab][XCUITestDriver@b9d9] Matched '/session/4324adab-ff5a-46d8-a242-559fd2ef220d/element/58000000-0000-0000-A300-010000000000/click' to command name 'click'
2026-02-04 11:24:37:132 [4324adab][XCUITestDriver@b9d9] Proxying [POST /session/4324adab-ff5a-46d8-a242-559fd2ef220d/element/58000000-0000-0000-A300-010000000000/click] to [POST http://127.0.0.1:8100/session/5EB332E7-FEEF-49F9-9948-43279FC4692B/element/58000000-0000-0000-A300-010000000000/click] with body: {}
2026-02-04 11:24:37:737 [4324adab][XCUITestDriver@b9d9] Got response with status 200: {"value":null,"sessionId":"5EB332E7-FEEF-49F9-9948-43279FC4692B"}
2026-02-04 11:24:37:737 [4324adab][XCUITestDriver@b9d9] Replacing sessionId 5EB332E7-FEEF-49F9-9948-43279FC4692B with 4324adab-ff5a-46d8-a242-559fd2ef220d
2026-02-04 11:24:37:738 [4324adab][HTTP] <-- POST /session/4324adab-ff5a-46d8-a242-559fd2ef220d/element/58000000-0000-0000-A300-010000000000/click 200 607 ms - 14 
2026-02-04 11:24:37:739 [4324adab][HTTP] --> POST /session/4324adab-ff5a-46d8-a242-559fd2ef220d/element {"using":"name","value":"Jeddah"}
2026-02-04 11:24:37:739 [4324adab][XCUITestDriver@b9d9] Calling AppiumDriver.findElement() with args: ["name","Jeddah","4324adab-ff5a-46d8-a242-559fd2ef220d"]
2026-02-04 11:24:37:740 [4324adab][XCUITestDriver@b9d9] Executing command 'findElement'
2026-02-04 11:24:37:740 [4324adab][XCUITestDriver@b9d9] Valid locator strategies for this request: xpath, id, name, class name, -ios predicate string, -ios class chain, accessibility id, css selector
2026-02-04 11:24:37:740 [4324adab][XCUITestDriver@b9d9] Waiting up to 0 ms for condition
2026-02-04 11:24:37:740 [4324adab][XCUITestDriver@b9d9] Matched '/element' to command name 'findElement'
2026-02-04 11:24:37:740 [4324adab][XCUITestDriver@b9d9] Proxying [POST /element] to [POST http://127.0.0.1:8100/session/5EB332E7-FEEF-49F9-9948-43279FC4692B/element] with body: {"using":"name","value":"Jeddah"}
2026-02-04 11:24:38:003 [4324adab][XCUITestDriver@b9d9] Got response with status 200: {"value":{"ELEMENT":"58000000-0000-0000-A300-010000000000","element-6066-11e4-a52e-4f735466cecf":"58000000-0000-0000-A300-010000000000"},"sessionId":"5EB332E7-FEEF-49F9-9948-43279FC4692B"}
2026-02-04 11:24:38:003 [4324adab][XCUITestDriver@b9d9] Responding to client with driver.findElement() result: {"element-6066-11e4-a52e-4f735466cecf":"58000000-0000-0000-A300-010000000000","ELEMENT":"58000000-0000-0000-A300-010000000000"}
2026-02-04 11:24:38:004 [4324adab][HTTP] <-- POST /session/4324adab-ff5a-46d8-a242-559fd2ef220d/element 200 264 ms - 137 
2026-02-04 11:24:38:005 [4324adab][HTTP] --> GET /session/4324adab-ff5a-46d8-a242-559fd2ef220d/element/58000000-0000-0000-A300-010000000000/displayed 
2026-02-04 11:24:38:005 [4324adab][XCUITestDriver@b9d9] Driver proxy active, passing request on via HTTP proxy
2026-02-04 11:24:38:006 [4324adab][XCUITestDriver@b9d9] Executing command 'proxyReqRes'
2026-02-04 11:24:38:006 [4324adab][XCUITestDriver@b9d9] Matched '/session/4324adab-ff5a-46d8-a242-559fd2ef220d/element/58000000-0000-0000-A300-010000000000/displayed' to command name 'elementDisplayed'
2026-02-04 11:24:38:006 [4324adab][XCUITestDriver@b9d9] Proxying [GET /session/4324adab-ff5a-46d8-a242-559fd2ef220d/element/58000000-0000-0000-A300-010000000000/displayed] to [GET http://127.0.0.1:8100/session/5EB332E7-FEEF-49F9-9948-43279FC4692B/element/58000000-0000-0000-A300-010000000000/displayed] with no body
2026-02-04 11:24:38:164 [4324adab][XCUITestDriver@b9d9] Got response with status 200: {"value":true,"sessionId":"5EB332E7-FEEF-49F9-9948-43279FC4692B"}
2026-02-04 11:24:38:164 [4324adab][XCUITestDriver@b9d9] Replacing sessionId 5EB332E7-FEEF-49F9-9948-43279FC4692B with 4324adab-ff5a-46d8-a242-559fd2ef220d
2026-02-04 11:24:38:166 [4324adab][HTTP] <-- GET /session/4324adab-ff5a-46d8-a242-559fd2ef220d/element/58000000-0000-0000-A300-010000000000/displayed 200 160 ms - 14 
2026-02-04 11:24:38:167 [4324adab][HTTP] --> GET /session/4324adab-ff5a-46d8-a242-559fd2ef220d/element/58000000-0000-0000-A300-010000000000/enabled 
2026-02-04 11:24:38:168 [4324adab][XCUITestDriver@b9d9] Driver proxy active, passing request on via HTTP proxy
2026-02-04 11:24:38:168 [4324adab][XCUITestDriver@b9d9] Executing command 'proxyReqRes'
2026-02-04 11:24:38:168 [4324adab][XCUITestDriver@b9d9] Matched '/session/4324adab-ff5a-46d8-a242-559fd2ef220d/element/58000000-0000-0000-A300-010000000000/enabled' to command name 'elementEnabled'
2026-02-04 11:24:38:168 [4324adab][XCUITestDriver@b9d9] Proxying [GET /session/4324adab-ff5a-46d8-a242-559fd2ef220d/element/58000000-0000-0000-A300-010000000000/enabled] to [GET http://127.0.0.1:8100/session/5EB332E7-FEEF-49F9-9948-43279FC4692B/element/58000000-0000-0000-A300-010000000000/enabled] with no body
2026-02-04 11:24:38:221 [4324adab][XCUITestDriver@b9d9] Got response with status 200: {"value":true,"sessionId":"5EB332E7-FEEF-49F9-9948-43279FC4692B"}
2026-02-04 11:24:38:221 [4324adab][XCUITestDriver@b9d9] Replacing sessionId 5EB332E7-FEEF-49F9-9948-43279FC4692B with 4324adab-ff5a-46d8-a242-559fd2ef220d
2026-02-04 11:24:38:221 [4324adab][HTTP] <-- GET /session/4324adab-ff5a-46d8-a242-559fd2ef220d/element/58000000-0000-0000-A300-010000000000/enabled 200 54 ms - 14 
2026-02-04 11:24:38:222 [4324adab][HTTP] --> POST /session/4324adab-ff5a-46d8-a242-559fd2ef220d/element/58000000-0000-0000-A300-010000000000/click {}
2026-02-04 11:24:38:223 [4324adab][XCUITestDriver@b9d9] Driver proxy active, passing request on via HTTP proxy
2026-02-04 11:24:38:223 [4324adab][XCUITestDriver@b9d9] Executing command 'proxyReqRes'
2026-02-04 11:24:38:223 [4324adab][XCUITestDriver@b9d9] Matched '/session/4324adab-ff5a-46d8-a242-559fd2ef220d/element/58000000-0000-0000-A300-010000000000/click' to command name 'click'
2026-02-04 11:24:38:223 [4324adab][XCUITestDriver@b9d9] Proxying [POST /session/4324adab-ff5a-46d8-a242-559fd2ef220d/element/58000000-0000-0000-A300-010000000000/click] to [POST http://127.0.0.1:8100/session/5EB332E7-FEEF-49F9-9948-43279FC4692B/element/58000000-0000-0000-A300-010000000000/click] with body: {}
2026-02-04 11:24:38:700 [4324adab][XCUITestDriver@b9d9] Got response with status 200: {"value":null,"sessionId":"5EB332E7-FEEF-49F9-9948-43279FC4692B"}
2026-02-04 11:24:38:700 [4324adab][XCUITestDriver@b9d9] Replacing sessionId 5EB332E7-FEEF-49F9-9948-43279FC4692B with 4324adab-ff5a-46d8-a242-559fd2ef220d
2026-02-04 11:24:38:700 [4324adab][HTTP] <-- POST /session/4324adab-ff5a-46d8-a242-559fd2ef220d/element/58000000-0000-0000-A300-010000000000/click 200 478 ms - 14 
2026-02-04 11:24:38:702 [4324adab][HTTP] --> POST /session/4324adab-ff5a-46d8-a242-559fd2ef220d/element {"using":"name","value":"Next"}
2026-02-04 11:24:38:702 [4324adab][XCUITestDriver@b9d9] Calling AppiumDriver.findElement() with args: ["name","Next","4324adab-ff5a-46d8-a242-559fd2ef220d"]
2026-02-04 11:24:38:702 [4324adab][XCUITestDriver@b9d9] Executing command 'findElement'
2026-02-04 11:24:38:702 [4324adab][XCUITestDriver@b9d9] Valid locator strategies for this request: xpath, id, name, class name, -ios predicate string, -ios class chain, accessibility id, css selector
2026-02-04 11:24:38:703 [4324adab][XCUITestDriver@b9d9] Waiting up to 0 ms for condition
2026-02-04 11:24:38:703 [4324adab][XCUITestDriver@b9d9] Matched '/element' to command name 'findElement'
2026-02-04 11:24:38:703 [4324adab][XCUITestDriver@b9d9] Proxying [POST /element] to [POST http://127.0.0.1:8100/session/5EB332E7-FEEF-49F9-9948-43279FC4692B/element] with body: {"using":"name","value":"Next"}
2026-02-04 11:24:38:816 [4324adab][XCUITestDriver@b9d9] Got response with status 200: {"value":{"ELEMENT":"54000000-0000-0000-A300-010000000000","element-6066-11e4-a52e-4f735466cecf":"54000000-0000-0000-A300-010000000000"},"sessionId":"5EB332E7-FEEF-49F9-9948-43279FC4692B"}
2026-02-04 11:24:38:816 [4324adab][XCUITestDriver@b9d9] Responding to client with driver.findElement() result: {"element-6066-11e4-a52e-4f735466cecf":"54000000-0000-0000-A300-010000000000","ELEMENT":"54000000-0000-0000-A300-010000000000"}
2026-02-04 11:24:38:816 [4324adab][HTTP] <-- POST /session/4324adab-ff5a-46d8-a242-559fd2ef220d/element 200 115 ms - 137 
2026-02-04 11:24:38:818 [4324adab][HTTP] --> GET /session/4324adab-ff5a-46d8-a242-559fd2ef220d/element/54000000-0000-0000-A300-010000000000/displayed 
2026-02-04 11:24:38:818 [4324adab][XCUITestDriver@b9d9] Driver proxy active, passing request on via HTTP proxy
2026-02-04 11:24:38:818 [4324adab][XCUITestDriver@b9d9] Executing command 'proxyReqRes'
2026-02-04 11:24:38:818 [4324adab][XCUITestDriver@b9d9] Matched '/session/4324adab-ff5a-46d8-a242-559fd2ef220d/element/54000000-0000-0000-A300-010000000000/displayed' to command name 'elementDisplayed'
2026-02-04 11:24:38:818 [4324adab][XCUITestDriver@b9d9] Proxying [GET /session/4324adab-ff5a-46d8-a242-559fd2ef220d/element/54000000-0000-0000-A300-010000000000/displayed] to [GET http://127.0.0.1:8100/session/5EB332E7-FEEF-49F9-9948-43279FC4692B/element/54000000-0000-0000-A300-010000000000/displayed] with no body
2026-02-04 11:24:38:879 [4324adab][XCUITestDriver@b9d9] Got response with status 200: {"value":true,"sessionId":"5EB332E7-FEEF-49F9-9948-43279FC4692B"}
2026-02-04 11:24:38:879 [4324adab][XCUITestDriver@b9d9] Replacing sessionId 5EB332E7-FEEF-49F9-9948-43279FC4692B with 4324adab-ff5a-46d8-a242-559fd2ef220d
2026-02-04 11:24:38:880 [4324adab][HTTP] <-- GET /session/4324adab-ff5a-46d8-a242-559fd2ef220d/element/54000000-0000-0000-A300-010000000000/displayed 200 62 ms - 14 
2026-02-04 11:24:38:881 [4324adab][HTTP] --> GET /session/4324adab-ff5a-46d8-a242-559fd2ef220d/element/54000000-0000-0000-A300-010000000000/enabled 
2026-02-04 11:24:38:881 [4324adab][XCUITestDriver@b9d9] Driver proxy active, passing request on via HTTP proxy
2026-02-04 11:24:38:881 [4324adab][XCUITestDriver@b9d9] Executing command 'proxyReqRes'
2026-02-04 11:24:38:882 [4324adab][XCUITestDriver@b9d9] Matched '/session/4324adab-ff5a-46d8-a242-559fd2ef220d/element/54000000-0000-0000-A300-010000000000/enabled' to command name 'elementEnabled'
2026-02-04 11:24:38:882 [4324adab][XCUITestDriver@b9d9] Proxying [GET /session/4324adab-ff5a-46d8-a242-559fd2ef220d/element/54000000-0000-0000-A300-010000000000/enabled] to [GET http://127.0.0.1:8100/session/5EB332E7-FEEF-49F9-9948-43279FC4692B/element/54000000-0000-0000-A300-010000000000/enabled] with no body
2026-02-04 11:24:38:952 [4324adab][XCUITestDriver@b9d9] Got response with status 200: {"value":true,"sessionId":"5EB332E7-FEEF-49F9-9948-43279FC4692B"}
2026-02-04 11:24:38:952 [4324adab][XCUITestDriver@b9d9] Replacing sessionId 5EB332E7-FEEF-49F9-9948-43279FC4692B with 4324adab-ff5a-46d8-a242-559fd2ef220d
2026-02-04 11:24:38:952 [4324adab][HTTP] <-- GET /session/4324adab-ff5a-46d8-a242-559fd2ef220d/element/54000000-0000-0000-A300-010000000000/enabled 200 71 ms - 14 
2026-02-04 11:24:38:954 [4324adab][HTTP] --> POST /session/4324adab-ff5a-46d8-a242-559fd2ef220d/element/54000000-0000-0000-A300-010000000000/click {}
2026-02-04 11:24:38:954 [4324adab][XCUITestDriver@b9d9] Driver proxy active, passing request on via HTTP proxy
2026-02-04 11:24:38:954 [4324adab][XCUITestDriver@b9d9] Executing command 'proxyReqRes'
2026-02-04 11:24:38:954 [4324adab][XCUITestDriver@b9d9] Matched '/session/4324adab-ff5a-46d8-a242-559fd2ef220d/element/54000000-0000-0000-A300-010000000000/click' to command name 'click'
2026-02-04 11:24:38:955 [4324adab][XCUITestDriver@b9d9] Proxying [POST /session/4324adab-ff5a-46d8-a242-559fd2ef220d/element/54000000-0000-0000-A300-010000000000/click] to [POST http://127.0.0.1:8100/session/5EB332E7-FEEF-49F9-9948-43279FC4692B/element/54000000-0000-0000-A300-010000000000/click] with body: {}
2026-02-04 11:24:39:418 [4324adab][XCUITestDriver@b9d9] Got response with status 200: {"value":null,"sessionId":"5EB332E7-FEEF-49F9-9948-43279FC4692B"}
2026-02-04 11:24:39:418 [4324adab][XCUITestDriver@b9d9] Replacing sessionId 5EB332E7-FEEF-49F9-9948-43279FC4692B with 4324adab-ff5a-46d8-a242-559fd2ef220d
2026-02-04 11:24:39:418 [4324adab][HTTP] <-- POST /session/4324adab-ff5a-46d8-a242-559fd2ef220d/element/54000000-0000-0000-A300-010000000000/click 200 465 ms - 14 
2026-02-04 11:24:41:424 [4324adab][HTTP] --> POST /session/4324adab-ff5a-46d8-a242-559fd2ef220d/element {"using":"name","value":"Me\nTab 5 of 5"}
2026-02-04 11:24:41:425 [4324adab][XCUITestDriver@b9d9] Calling AppiumDriver.findElement() with args: ["name","Me\nTab 5 of 5","4324adab-ff5a-46d8-a242-559fd2ef220d"]
2026-02-04 11:24:41:425 [4324adab][XCUITestDriver@b9d9] Executing command 'findElement'
2026-02-04 11:24:41:425 [4324adab][XCUITestDriver@b9d9] Valid locator strategies for this request: xpath, id, name, class name, -ios predicate string, -ios class chain, accessibility id, css selector
2026-02-04 11:24:41:425 [4324adab][XCUITestDriver@b9d9] Waiting up to 0 ms for condition
2026-02-04 11:24:41:425 [4324adab][XCUITestDriver@b9d9] Matched '/element' to command name 'findElement'
2026-02-04 11:24:41:426 [4324adab][XCUITestDriver@b9d9] Proxying [POST /element] to [POST http://127.0.0.1:8100/session/5EB332E7-FEEF-49F9-9948-43279FC4692B/element] with body: {"using":"name","value":"Me\nTab 5 of 5"}
2026-02-04 11:24:41:461 [4324adab][XCUITestDriver@b9d9] Got response with status 404: {"value":{"error":"no such element","message":"unable to find an element using 'name', value 'Me\nTab 5 of 5'","traceback":"(\n\t0   WebDriverAgentLib                   0x0000000116ad3462 FBNoSuchElementErrorResponseForRequest + 290\n\t1   WebDriverAgentLib                   0x0000000116ad3240 +[FBFindElementCommands handleFindElement:] + 352\n\t2   WebDriverAgentLib                   0x0000000116a92ccc -[FBRoute_TargetAction mountRequest:intoResponse:] + 172\n\t3   WebDriverAgentLib                   0x0000000116a79d99 __37-[FBWebServer registerRouteHandlers:]_block_invoke + 489\n\t4   WebDriverAgentLib                   0x0000000116ab5839 -[RoutingHTTPServer handleRoute:withRequest:response:] + 185\n\t5   WebDriverAgentLib                   0x0000000116ab6601 __72-[RoutingHTTPServer routeMethod:withPath:parameters:request:connection:]_block_invoke + 65\n\t6   libdispatch.dylib                   0x00007ff8026847ce _dispatch_client_callout + 6\n\t7   libdispatch.dylib                   0x00007ff80267a942 _...
2026-02-04 11:24:41:461 [4324adab][W3C] Matched W3C error code 'no such element' to NoSuchElementError
2026-02-04 11:24:41:462 [4324adab][XCUITestDriver@b9d9] Encountered internal error running command: NoSuchElementError: An element could not be located on the page using the given search parameters.
    at XCUITestDriver.doNativeFind (/Users/meezotech/.appium/node_modules/appium-xcuitest-driver/lib/commands/find.ts:205:13)
    at processTicksAndRejections (node:internal/process/task_queues:103:5)
    at XCUITestDriver.findNativeElementOrElements (/Users/meezotech/.appium/node_modules/appium-xcuitest-driver/lib/commands/find.ts:130:7)
    at XCUITestDriver.findElOrEls (/Users/meezotech/.appium/node_modules/appium-xcuitest-driver/lib/commands/find.ts:54:7)
    at XCUITestDriver.findElOrElsWithProcessing (/usr/local/lib/node_modules/appium/node_modules/@appium/base-driver/lib/basedriver/commands/find.ts:60:12)
    at XCUITestDriver.findElement (/usr/local/lib/node_modules/appium/node_modules/@appium/base-driver/lib/basedriver/commands/find.ts:75:12)
2026-02-04 11:24:41:462 [4324adab][HTTP] <-- POST /session/4324adab-ff5a-46d8-a242-559fd2ef220d/element 404 38 ms - 1010 
2026-02-04 11:24:41:968 [4324adab][HTTP] --> POST /session/4324adab-ff5a-46d8-a242-559fd2ef220d/element {"using":"name","value":"Me\nTab 5 of 5"}
2026-02-04 11:24:41:969 [4324adab][XCUITestDriver@b9d9] Calling AppiumDriver.findElement() with args: ["name","Me\nTab 5 of 5","4324adab-ff5a-46d8-a242-559fd2ef220d"]
2026-02-04 11:24:41:969 [4324adab][XCUITestDriver@b9d9] Executing command 'findElement'
2026-02-04 11:24:41:969 [4324adab][XCUITestDriver@b9d9] Valid locator strategies for this request: xpath, id, name, class name, -ios predicate string, -ios class chain, accessibility id, css selector
2026-02-04 11:24:41:969 [4324adab][XCUITestDriver@b9d9] Waiting up to 0 ms for condition
2026-02-04 11:24:41:969 [4324adab][XCUITestDriver@b9d9] Matched '/element' to command name 'findElement'
2026-02-04 11:24:41:969 [4324adab][XCUITestDriver@b9d9] Proxying [POST /element] to [POST http://127.0.0.1:8100/session/5EB332E7-FEEF-49F9-9948-43279FC4692B/element] with body: {"using":"name","value":"Me\nTab 5 of 5"}
2026-02-04 11:24:42:054 [4324adab][XCUITestDriver@b9d9] Got response with status 404: {"value":{"error":"no such element","message":"unable to find an element using 'name', value 'Me\nTab 5 of 5'","traceback":"(\n\t0   WebDriverAgentLib                   0x0000000116ad3462 FBNoSuchElementErrorResponseForRequest + 290\n\t1   WebDriverAgentLib                   0x0000000116ad3240 +[FBFindElementCommands handleFindElement:] + 352\n\t2   WebDriverAgentLib                   0x0000000116a92ccc -[FBRoute_TargetAction mountRequest:intoResponse:] + 172\n\t3   WebDriverAgentLib                   0x0000000116a79d99 __37-[FBWebServer registerRouteHandlers:]_block_invoke + 489\n\t4   WebDriverAgentLib                   0x0000000116ab5839 -[RoutingHTTPServer handleRoute:withRequest:response:] + 185\n\t5   WebDriverAgentLib                   0x0000000116ab6601 __72-[RoutingHTTPServer routeMethod:withPath:parameters:request:connection:]_block_invoke + 65\n\t6   libdispatch.dylib                   0x00007ff8026847ce _dispatch_client_callout + 6\n\t7   libdispatch.dylib                   0x00007ff80267a942 _...
2026-02-04 11:24:42:055 [4324adab][W3C] Matched W3C error code 'no such element' to NoSuchElementError
2026-02-04 11:24:42:055 [4324adab][XCUITestDriver@b9d9] Encountered internal error running command: NoSuchElementError: An element could not be located on the page using the given search parameters.
    at XCUITestDriver.doNativeFind (/Users/meezotech/.appium/node_modules/appium-xcuitest-driver/lib/commands/find.ts:205:13)
    at processTicksAndRejections (node:internal/process/task_queues:103:5)
    at XCUITestDriver.findNativeElementOrElements (/Users/meezotech/.appium/node_modules/appium-xcuitest-driver/lib/commands/find.ts:130:7)
    at XCUITestDriver.findElOrEls (/Users/meezotech/.appium/node_modules/appium-xcuitest-driver/lib/commands/find.ts:54:7)
    at XCUITestDriver.findElOrElsWithProcessing (/usr/local/lib/node_modules/appium/node_modules/@appium/base-driver/lib/basedriver/commands/find.ts:60:12)
    at XCUITestDriver.findElement (/usr/local/lib/node_modules/appium/node_modules/@appium/base-driver/lib/basedriver/commands/find.ts:75:12)
2026-02-04 11:24:42:056 [4324adab][HTTP] <-- POST /session/4324adab-ff5a-46d8-a242-559fd2ef220d/element 404 87 ms - 1010 
2026-02-04 11:24:42:558 [4324adab][HTTP] --> POST /session/4324adab-ff5a-46d8-a242-559fd2ef220d/element {"using":"name","value":"Me\nTab 5 of 5"}
2026-02-04 11:24:42:558 [4324adab][XCUITestDriver@b9d9] Calling AppiumDriver.findElement() with args: ["name","Me\nTab 5 of 5","4324adab-ff5a-46d8-a242-559fd2ef220d"]
2026-02-04 11:24:42:558 [4324adab][XCUITestDriver@b9d9] Executing command 'findElement'
2026-02-04 11:24:42:559 [4324adab][XCUITestDriver@b9d9] Valid locator strategies for this request: xpath, id, name, class name, -ios predicate string, -ios class chain, accessibility id, css selector
2026-02-04 11:24:42:559 [4324adab][XCUITestDriver@b9d9] Waiting up to 0 ms for condition
2026-02-04 11:24:42:559 [4324adab][XCUITestDriver@b9d9] Matched '/element' to command name 'findElement'
2026-02-04 11:24:42:559 [4324adab][XCUITestDriver@b9d9] Proxying [POST /element] to [POST http://127.0.0.1:8100/session/5EB332E7-FEEF-49F9-9948-43279FC4692B/element] with body: {"using":"name","value":"Me\nTab 5 of 5"}
2026-02-04 11:24:43:324 [4324adab][XCUITestDriver@b9d9] Got response with status 404: {"value":{"error":"no such element","message":"unable to find an element using 'name', value 'Me\nTab 5 of 5'","traceback":"(\n\t0   WebDriverAgentLib                   0x0000000116ad3462 FBNoSuchElementErrorResponseForRequest + 290\n\t1   WebDriverAgentLib                   0x0000000116ad3240 +[FBFindElementCommands handleFindElement:] + 352\n\t2   WebDriverAgentLib                   0x0000000116a92ccc -[FBRoute_TargetAction mountRequest:intoResponse:] + 172\n\t3   WebDriverAgentLib                   0x0000000116a79d99 __37-[FBWebServer registerRouteHandlers:]_block_invoke + 489\n\t4   WebDriverAgentLib                   0x0000000116ab5839 -[RoutingHTTPServer handleRoute:withRequest:response:] + 185\n\t5   WebDriverAgentLib                   0x0000000116ab6601 __72-[RoutingHTTPServer routeMethod:withPath:parameters:request:connection:]_block_invoke + 65\n\t6   libdispatch.dylib                   0x00007ff8026847ce _dispatch_client_callout + 6\n\t7   libdispatch.dylib                   0x00007ff80267a942 _...
2026-02-04 11:24:43:325 [4324adab][W3C] Matched W3C error code 'no such element' to NoSuchElementError
2026-02-04 11:24:43:326 [4324adab][XCUITestDriver@b9d9] Encountered internal error running command: NoSuchElementError: An element could not be located on the page using the given search parameters.
    at XCUITestDriver.doNativeFind (/Users/meezotech/.appium/node_modules/appium-xcuitest-driver/lib/commands/find.ts:205:13)
    at processTicksAndRejections (node:internal/process/task_queues:103:5)
    at XCUITestDriver.findNativeElementOrElements (/Users/meezotech/.appium/node_modules/appium-xcuitest-driver/lib/commands/find.ts:130:7)
    at XCUITestDriver.findElOrEls (/Users/meezotech/.appium/node_modules/appium-xcuitest-driver/lib/commands/find.ts:54:7)
    at XCUITestDriver.findElOrElsWithProcessing (/usr/local/lib/node_modules/appium/node_modules/@appium/base-driver/lib/basedriver/commands/find.ts:60:12)
    at XCUITestDriver.findElement (/usr/local/lib/node_modules/appium/node_modules/@appium/base-driver/lib/basedriver/commands/find.ts:75:12)
2026-02-04 11:24:43:327 [4324adab][HTTP] <-- POST /session/4324adab-ff5a-46d8-a242-559fd2ef220d/element 404 768 ms - 1010 
2026-02-04 11:24:43:833 [4324adab][HTTP] --> POST /session/4324adab-ff5a-46d8-a242-559fd2ef220d/element {"using":"name","value":"Me\nTab 5 of 5"}
2026-02-04 11:24:43:833 [4324adab][XCUITestDriver@b9d9] Calling AppiumDriver.findElement() with args: ["name","Me\nTab 5 of 5","4324adab-ff5a-46d8-a242-559fd2ef220d"]
2026-02-04 11:24:43:833 [4324adab][XCUITestDriver@b9d9] Executing command 'findElement'
2026-02-04 11:24:43:833 [4324adab][XCUITestDriver@b9d9] Valid locator strategies for this request: xpath, id, name, class name, -ios predicate string, -ios class chain, accessibility id, css selector
2026-02-04 11:24:43:833 [4324adab][XCUITestDriver@b9d9] Waiting up to 0 ms for condition
2026-02-04 11:24:43:834 [4324adab][XCUITestDriver@b9d9] Matched '/element' to command name 'findElement'
2026-02-04 11:24:43:834 [4324adab][XCUITestDriver@b9d9] Proxying [POST /element] to [POST http://127.0.0.1:8100/session/5EB332E7-FEEF-49F9-9948-43279FC4692B/element] with body: {"using":"name","value":"Me\nTab 5 of 5"}
2026-02-04 11:24:44:397 [4324adab][XCUITestDriver@b9d9] Got response with status 200: {"value":{"ELEMENT":"6D000000-0000-0000-A300-010000000000","element-6066-11e4-a52e-4f735466cecf":"6D000000-0000-0000-A300-010000000000"},"sessionId":"5EB332E7-FEEF-49F9-9948-43279FC4692B"}
2026-02-04 11:24:44:398 [4324adab][XCUITestDriver@b9d9] Responding to client with driver.findElement() result: {"element-6066-11e4-a52e-4f735466cecf":"6D000000-0000-0000-A300-010000000000","ELEMENT":"6D000000-0000-0000-A300-010000000000"}
2026-02-04 11:24:44:399 [4324adab][HTTP] <-- POST /session/4324adab-ff5a-46d8-a242-559fd2ef220d/element 200 565 ms - 137 
2026-02-04 11:24:44:400 [4324adab][HTTP] --> GET /session/4324adab-ff5a-46d8-a242-559fd2ef220d/element/6D000000-0000-0000-A300-010000000000/displayed 
2026-02-04 11:24:44:401 [4324adab][XCUITestDriver@b9d9] Driver proxy active, passing request on via HTTP proxy
2026-02-04 11:24:44:401 [4324adab][XCUITestDriver@b9d9] Executing command 'proxyReqRes'
2026-02-04 11:24:44:402 [4324adab][XCUITestDriver@b9d9] Matched '/session/4324adab-ff5a-46d8-a242-559fd2ef220d/element/6D000000-0000-0000-A300-010000000000/displayed' to command name 'elementDisplayed'
2026-02-04 11:24:44:402 [4324adab][XCUITestDriver@b9d9] Proxying [GET /session/4324adab-ff5a-46d8-a242-559fd2ef220d/element/6D000000-0000-0000-A300-010000000000/displayed] to [GET http://127.0.0.1:8100/session/5EB332E7-FEEF-49F9-9948-43279FC4692B/element/6D000000-0000-0000-A300-010000000000/displayed] with no body
2026-02-04 11:24:44:775 [4324adab][XCUITestDriver@b9d9] Got response with status 200: {"value":true,"sessionId":"5EB332E7-FEEF-49F9-9948-43279FC4692B"}
2026-02-04 11:24:44:775 [4324adab][XCUITestDriver@b9d9] Replacing sessionId 5EB332E7-FEEF-49F9-9948-43279FC4692B with 4324adab-ff5a-46d8-a242-559fd2ef220d
2026-02-04 11:24:44:776 [4324adab][HTTP] <-- GET /session/4324adab-ff5a-46d8-a242-559fd2ef220d/element/6D000000-0000-0000-A300-010000000000/displayed 200 375 ms - 14 
2026-02-04 11:24:44:777 [4324adab][HTTP] --> DELETE /session/4324adab-ff5a-46d8-a242-559fd2ef220d 
2026-02-04 11:24:44:777 [4324adab][XCUITestDriver@b9d9] Calling AppiumDriver.deleteSession() with args: ["4324adab-ff5a-46d8-a242-559fd2ef220d"]
2026-02-04 11:24:44:777 [4324adab][AppiumDriver@a33e] Event 'quitSessionRequested' logged at 1770204284777 (16:24:44 GMT+0500 (Pakistan Standard Time))
2026-02-04 11:24:44:778 [4324adab][AppiumDriver@a33e] Removing session 4324adab-ff5a-46d8-a242-559fd2ef220d from our master session list
2026-02-04 11:24:44:779 [4324adab][XCUITestDriver@b9d9] Proxying [DELETE /session/4324adab-ff5a-46d8-a242-559fd2ef220d] to [DELETE http://127.0.0.1:8100/session/5EB332E7-FEEF-49F9-9948-43279FC4692B] with no body
2026-02-04 11:24:45:791 [4324adab][XCUITestDriver@b9d9] Got response with status 200: {"value":null,"sessionId":null}
2026-02-04 11:24:45:792 [4324adab][DevCon Factory] Releasing connections for BF288222-4428-4E67-8878-2DAC2732FE3A device on any port number
2026-02-04 11:24:45:792 [4324adab][DevCon Factory] Found cached connections to release: ["BF288222-4428-4E67-8878-2DAC2732FE3A:8100","BF288222-4428-4E67-8878-2DAC2732FE3A:9100"]
2026-02-04 11:24:45:792 [4324adab][DevCon Factory] Cached connections count: 0
2026-02-04 11:24:45:792 [4324adab][XCUITestDriver@b9d9] Not clearing log files. Use `clearSystemFiles` capability to turn on.
2026-02-04 11:24:45:792 [4324adab][XCUITestDriver@b9d9] Stopping iOS log capture
2026-02-04 11:24:45:801 [4324adab][AppiumDriver@a33e] Event 'quitSessionFinished' logged at 1770204285801 (16:24:45 GMT+0500 (Pakistan Standard Time))
2026-02-04 11:24:45:801 [4324adab][AppiumDriver@a33e] Received response: null
2026-02-04 11:24:45:801 [4324adab][AppiumDriver@a33e] But deleting session, so not returning
2026-02-04 11:24:45:801 [4324adab][AppiumDriver@a33e] Responding to client with driver.deleteSession() result: null
2026-02-04 11:24:45:802 [4324adab][HTTP] <-- DELETE /session/4324adab-ff5a-46d8-a242-559fd2ef220d 200 1025 ms - 14 
2026-02-04 11:24:45:804 [HTTP] Request idempotency key: 65c21c53-9fc2-4c57-9d5b-1229c1bb47c0
2026-02-04 11:24:45:804 [HTTP] --> POST /session {"capabilities":{"firstMatch":[{}],"alwaysMatch":{"appium:automationName":"XCUITest","platformName":"iOS","appium:platformVersion":"17.0","appium:deviceName":"iPhone 17","appium:udid":"BF288222-4428-4E67-8878-2DAC2732FE3A","appium:bundleId":"com.yumealz.uat","appium:noReset":false,"appium:showXcodeLog":false,"appium:wdaStartupRetries":1,"appium:autoAcceptAlerts":true}}}
2026-02-04 11:24:45:805 [AppiumDriver@a33e] Calling AppiumDriver.createSession() with args: [{"firstMatch":[{}],"alwaysMatch":{"appium:automationName":"XCUITest","platformName":"iOS","appium:platformVersion":"17.0","appium:deviceName":"iPhone 17","appium:udid":"BF288222-4428-4E67-8878-2DAC2732FE3A","appium:bundleId":"com.yumealz.uat","appium:noReset":false,"appium:showXcodeLog":false,"appium:wdaStartupRetries":1,"appium:autoAcceptAlerts":true}},{"firstMatch":[{}],"alwaysMatch":{"appium:automationName":"XCUITest","platformName":"iOS","appium:platformVersion":"17.0","appium:deviceName":"iPhone 17","appium:udid":"BF288222-4428-4E67-8878-2DAC2732FE3A","appium:bundleId":"com.yumealz.uat","appium:noReset":false,"appium:showXcodeLog":false,"appium:wdaStartupRetries":1,"appium:autoAcceptAlerts":true}},{"firstMatch":[{}],"alwaysMatch":{"appium:automationName":"XCUITest","platformName":"iOS","appium:platformVersion":"17.0","appium:deviceName":"iPhone 17","appium:udid":"BF288222-4428-4E67-8878-2DAC2732FE3A","appium:bundleId":"com.yumealz.uat","appium:noReset":false,"appium:showXcodeLog":false,"appium:wdaSta...
2026-02-04 11:24:45:805 [AppiumDriver@a33e] Event 'newSessionRequested' logged at 1770204285805 (16:24:45 GMT+0500 (Pakistan Standard Time))
2026-02-04 11:24:45:806 [Appium] Attempting to find matching driver for automationName 'XCUITest' and platformName 'iOS'
2026-02-04 11:24:45:806 [Appium] The 'xcuitest' driver was installed and matched caps.
2026-02-04 11:24:45:806 [Appium] Will require it at /Users/meezotech/.appium/node_modules/appium-xcuitest-driver
2026-02-04 11:24:45:807 [Appium] Requiring driver at /Users/meezotech/.appium/node_modules/appium-xcuitest-driver/build/lib/index.js
2026-02-04 11:24:45:808 [AppiumDriver@a33e] Appium v3.1.2 creating new XCUITestDriver (v10.15.0) session
2026-02-04 11:24:45:808 [AppiumDriver@a33e] Checking BaseDriver versions for Appium and XCUITestDriver
2026-02-04 11:24:45:808 [AppiumDriver@a33e] Appium's BaseDriver version is 10.1.2
2026-02-04 11:24:45:808 [AppiumDriver@a33e] XCUITestDriver's BaseDriver version is 10.1.2
2026-02-04 11:24:45:809 [XCUITestDriver@97b8] 
2026-02-04 11:24:45:809 [XCUITestDriver@97b8] Creating session with W3C capabilities: {
  "alwaysMatch": {
    "platformName": "iOS",
    "appium:automationName": "XCUITest",
    "appium:platformVersion": "17.0",
    "appium:deviceName": "iPhone 17",
    "appium:udid": "BF288222-4428-4E67-8878-2DAC2732FE3A",
    "appium:bundleId": "com.yumealz.uat",
    "appium:noReset": false,
    "appium:showXcodeLog": false,
    "appium:wdaStartupRetries": 1,
    "appium:autoAcceptAlerts": true
  },
  "firstMatch": [
    {}
  ]
}
2026-02-04 11:24:45:813 [c4891baf][XCUITestDriver@97b8] Session created with session id: c4891baf-1e7f-45b1-a146-92876275d4b0
2026-02-04 11:24:45:824 [c4891baf][XCUITest] Current user: 'meezotech'
2026-02-04 11:24:45:827 [c4891baf][XCUITestDriver@97b8] Available real devices: 
2026-02-04 11:24:46:169 [c4891baf][XCUITestDriver@97b8] Constructing iOS simulator for Xcode version 26.1 with udid 'BF288222-4428-4E67-8878-2DAC2732FE3A'
2026-02-04 11:24:46:169 [c4891baf][XCUITestDriver@97b8] Determining device to run tests on: udid: 'BF288222-4428-4E67-8878-2DAC2732FE3A', real device: false
2026-02-04 11:24:46:169 [c4891baf][XCUITestDriver@97b8] Event 'xcodeDetailsRetrieved' logged at 1770204286169 (16:24:46 GMT+0500 (Pakistan Standard Time))
2026-02-04 11:24:46:170 [c4891baf][XCUITestDriver@97b8] Event 'appConfigured' logged at 1770204286170 (16:24:46 GMT+0500 (Pakistan Standard Time))
2026-02-04 11:24:46:170 [c4891baf][XCUITestDriver@97b8] Event 'resetStarted' logged at 1770204286170 (16:24:46 GMT+0500 (Pakistan Standard Time))
2026-02-04 11:24:46:393 [c4891baf][simctl] Error running 'terminate': An error was encountered processing the command (domain=NSPOSIXErrorDomain, code=3):
Simulator device failed to terminate com.yumealz.uat.
found nothing to terminate
Underlying error (domain=NSPOSIXErrorDomain, code=3):
	The request to terminate "com.yumealz.uat" failed. found nothing to terminate
	found nothing to terminate
2026-02-04 11:24:46:393 [c4891baf][XCUITestDriver@97b8] Reset: failed to terminate Simulator application with id "com.yumealz.uat"
2026-02-04 11:24:46:720 [c4891baf][XCUITestDriver@97b8] Found 62 com.yumealz.uat app files to scrub
2026-02-04 11:24:46:940 [c4891baf][simctl] Error running 'terminate': An error was encountered processing the command (domain=NSPOSIXErrorDomain, code=3):
Simulator device failed to terminate com.yumealz.uat.
found nothing to terminate
Underlying error (domain=NSPOSIXErrorDomain, code=3):
	The request to terminate "com.yumealz.uat" failed. found nothing to terminate
	found nothing to terminate
2026-02-04 11:24:46:949 [c4891baf][XCUITestDriver@97b8] Event 'resetComplete' logged at 1770204286949 (16:24:46 GMT+0500 (Pakistan Standard Time))
2026-02-04 11:24:46:950 [c4891baf][XCUITestDriver@97b8] Using WDA path: '/Users/meezotech/.appium/node_modules/appium-xcuitest-driver/node_modules/appium-webdriveragent'
2026-02-04 11:24:46:950 [c4891baf][XCUITestDriver@97b8] Using WDA agent: '/Users/meezotech/.appium/node_modules/appium-xcuitest-driver/node_modules/appium-webdriveragent/WebDriverAgent.xcodeproj'
2026-02-04 11:24:47:182 [c4891baf][XCUITestDriver@97b8] Starting log capture for iOS Simulator with udid 'BF288222-4428-4E67-8878-2DAC2732FE3A' via simctl using the following arguments 'log stream --style compact'
2026-02-04 11:24:48:290 [c4891baf][XCUITestDriver@97b8] Event 'logCaptureStarted' logged at 1770204288290 (16:24:48 GMT+0500 (Pakistan Standard Time))
2026-02-04 11:24:48:290 [c4891baf][XCUITestDriver@97b8] Setting up simulator
2026-02-04 11:24:48:290 [c4891baf][XCUITestDriver@97b8] Setting preferences of BF288222-4428-4E67-8878-2DAC2732FE3A Simulator to {"ConnectHardwareKeyboard":false}
2026-02-04 11:24:48:290 [c4891baf][XCUITestDriver@97b8] Setting common Simulator preferences to {"RotateWindowWhenSignaledByGuest":true,"StartLastDeviceOnLaunch":false,"DetachOnWindowClose":false,"AttachBootedOnStart":true,"ConnectHardwareKeyboard":false,"PasteboardAutomaticSync":false}
2026-02-04 11:24:48:336 [c4891baf][XCUITestDriver@97b8] Updated BF288222-4428-4E67-8878-2DAC2732FE3A Simulator preferences at '/Users/meezotech/Library/Preferences/com.apple.iphonesimulator.plist' with {"RotateWindowWhenSignaledByGuest":true,"StartLastDeviceOnLaunch":false,"DetachOnWindowClose":false,"AttachBootedOnStart":true,"ConnectHardwareKeyboard":false,"PasteboardAutomaticSync":false,"DevicePreferences":{"BF288222-4428-4E67-8878-2DAC2732FE3A":{"SimulatorExternalDisplay":2114,"ConnectHardwareKeyboard":false,"ChromeTint":"","SimulatorWindowOrientation":"Portrait","SimulatorWindowRotationAngle":0,"SimulatorWindowGeometry":{"12ADE5F9-49F4-4C5F-B805-F5CEDB4BEE82":{"WindowCenter":"{1453.5, 543.5}","WindowScale":0.9582417582417583}}}}}
2026-02-04 11:24:48:620 [c4891baf][XCUITestDriver@97b8] Got Simulator UI client PID: 69788
2026-02-04 11:24:48:620 [c4891baf][XCUITestDriver@97b8] Both Simulator with UDID 'BF288222-4428-4E67-8878-2DAC2732FE3A' and the UI client are currently running
2026-02-04 11:24:48:622 [c4891baf][XCUITestDriver@97b8] Event 'simStarted' logged at 1770204288622 (16:24:48 GMT+0500 (Pakistan Standard Time))
2026-02-04 11:24:49:075 [c4891baf][XCUITestDriver@97b8] No obsolete cached processes from previous WDA sessions listening on port 8100 have been found
2026-02-04 11:24:49:075 [c4891baf][DevCon Factory] Requesting connection for device BF288222-4428-4E67-8878-2DAC2732FE3A on local port 8100
2026-02-04 11:24:49:075 [c4891baf][DevCon Factory] Cached connections count: 0
2026-02-04 11:24:49:075 [c4891baf][DevCon Factory] Successfully requested the connection for BF288222-4428-4E67-8878-2DAC2732FE3A:8100
2026-02-04 11:24:49:075 [c4891baf][XCUITestDriver@97b8] Starting WebDriverAgent initialization with the synchronization key 'XCUITestDriver'
2026-02-04 11:24:49:076 [c4891baf][WD Proxy] NoSessionProxy options: {"server":"127.0.0.1","port":8100,"base":"","timeout":3000,"scheme":"http","reqBasePath":"","sessionId":null}
2026-02-04 11:24:49:076 [c4891baf][WD Proxy] Matched '/status' to command name 'getStatus'
2026-02-04 11:24:49:076 [c4891baf][WD Proxy] Proxying [GET /status] to [GET http://127.0.0.1:8100/status] with no body
2026-02-04 11:24:49:079 [c4891baf][WD Proxy] Got response with status 200: {"value":{"build":{"upgradedAt":"1768811601436","version":"11.1.0","time":"Jan 28 2026 13:44:49","productBundleIdentifier":"com.facebook.WebDriverAgentRunner"},"os":{"testmanagerdVersion":65535,"name":"iOS","sdkVersion":"26.1","version":"26.1"},"device":"iphone","ios":{"simulatorVersion":"26.1","ip":"192.168.0.102"},"message":"WebDriverAgent is ready to accept commands","state":"success","ready":true},"sessionId":null}
2026-02-04 11:24:49:080 [c4891baf][XCUITestDriver@97b8] Upgrade timestamp of the currently bundled WDA: 1768811601436
2026-02-04 11:24:49:080 [c4891baf][XCUITestDriver@97b8] Upgrade timestamp of the WDA on the device: 1768811601436
2026-02-04 11:24:49:080 [c4891baf][XCUITestDriver@97b8] Will reuse previously cached WDA instance at 'http://127.0.0.1:8100/' with 'com.facebook.WebDriverAgentRunner'. Set the wdaLocalPort capability to a value different from 8100 if this is an undesired behavior.
2026-02-04 11:24:49:080 [c4891baf][XCUITestDriver@97b8] Trying to start WebDriverAgent 1 times with 10000ms interval
2026-02-04 11:24:49:080 [c4891baf][XCUITestDriver@97b8] Event 'wdaStartAttempted' logged at 1770204289080 (16:24:49 GMT+0500 (Pakistan Standard Time))
2026-02-04 11:24:49:080 [c4891baf][XCUITestDriver@97b8] Using provided WebdriverAgent at 'http://127.0.0.1:8100/'
2026-02-04 11:24:49:081 [c4891baf][XCUITestDriver@97b8] JWProxy options: {"scheme":"http","server":"127.0.0.1","port":8100,"base":"","timeout":240000,"keepAlive":true,"reqBasePath":"","sessionId":null}
2026-02-04 11:24:49:081 [c4891baf][XCUITestDriver@97b8] NoSessionProxy options: {"scheme":"http","server":"127.0.0.1","port":8100,"base":"","timeout":240000,"keepAlive":true,"reqBasePath":"","sessionId":null}
2026-02-04 11:24:49:081 [c4891baf][WD Proxy] NoSessionProxy options: {"server":"127.0.0.1","port":8100,"base":"","timeout":3000,"scheme":"http","reqBasePath":"","sessionId":null}
2026-02-04 11:24:49:081 [c4891baf][WD Proxy] Matched '/status' to command name 'getStatus'
2026-02-04 11:24:49:082 [c4891baf][WD Proxy] Proxying [GET /status] to [GET http://127.0.0.1:8100/status] with no body
2026-02-04 11:24:49:084 [c4891baf][WD Proxy] Got response with status 200: {"value":{"build":{"upgradedAt":"1768811601436","version":"11.1.0","time":"Jan 28 2026 13:44:49","productBundleIdentifier":"com.facebook.WebDriverAgentRunner"},"os":{"testmanagerdVersion":65535,"name":"iOS","sdkVersion":"26.1","version":"26.1"},"device":"iphone","ios":{"simulatorVersion":"26.1","ip":"192.168.0.102"},"message":"WebDriverAgent is ready to accept commands","state":"success","ready":true},"sessionId":null}
2026-02-04 11:24:49:085 [c4891baf][XCUITestDriver@97b8] Event 'wdaSessionAttempted' logged at 1770204289085 (16:24:49 GMT+0500 (Pakistan Standard Time))
2026-02-04 11:24:49:085 [c4891baf][XCUITestDriver@97b8] Sending createSession command to WDA
2026-02-04 11:24:49:085 [c4891baf][XCUITestDriver@97b8] Matched '/session' to command name 'createSession'
2026-02-04 11:24:49:085 [c4891baf][XCUITestDriver@97b8] Proxying [POST /session] to [POST http://127.0.0.1:8100/session] with body: {"capabilities":{"firstMatch":[{"bundleId":"com.yumealz.uat","arguments":[],"environment":{},"eventloopIdleDelaySec":0,"shouldWaitForQuiescence":true,"shouldUseTestManagerForVisibilityDetection":false,"maxTypingFrequency":60,"shouldUseSingletonTestManager":true,"shouldTerminateApp":true,"forceAppLaunch":true,"useNativeCachingStrategy":true,"forceSimulatorSoftwareKeyboardPresence":true,"defaultAlertAction":"accept"}],"alwaysMatch":{}}}
2026-02-04 11:24:49:538 [c4891baf][XCUITestDriver@97b8] Parsed BUILD_DIR configuration value: '/Users/meezotech/.appium/node_modules/appium-xcuitest-driver/node_modules/appium-webdriveragent/build'
2026-02-04 11:24:49:538 [c4891baf][XCUITestDriver@97b8] Got derived data root: '/Users/meezotech/.appium/node_modules/appium-xcuitest-driver/node_modules'
2026-02-04 11:24:53:310 [c4891baf][XCUITestDriver@97b8] Got response with status 200: {"value":{"sessionId":"B21BBBF2-DC52-479F-B45D-E1DFF1276168","capabilities":{"sdkVersion":"26.1","device":"iphone"}},"sessionId":"B21BBBF2-DC52-479F-B45D-E1DFF1276168"}
2026-02-04 11:24:53:310 [c4891baf][XCUITestDriver@97b8] Determined the downstream protocol as 'W3C'
2026-02-04 11:24:53:310 [c4891baf][XCUITestDriver@97b8] WDA session startup took 4225ms
2026-02-04 11:24:53:310 [c4891baf][XCUITestDriver@97b8] Event 'wdaSessionStarted' logged at 1770204293310 (16:24:53 GMT+0500 (Pakistan Standard Time))
2026-02-04 11:24:53:310 [c4891baf][XCUITestDriver@97b8] WebDriverAgent version: '11.1.0'
2026-02-04 11:24:53:310 [c4891baf][XCUITestDriver@97b8] Event 'wdaStarted' logged at 1770204293310 (16:24:53 GMT+0500 (Pakistan Standard Time))
2026-02-04 11:24:53:311 [c4891baf][BaseDriver] The value of 'elementResponseAttributes' setting did not change. Skipping the update for it
2026-02-04 11:24:53:311 [c4891baf][BaseDriver] The value of 'shouldUseCompactResponses' setting did not change. Skipping the update for it
2026-02-04 11:24:53:311 [c4891baf][XCUITestDriver@97b8] Forwarding MJPEG server port 9100 to local port 9100
2026-02-04 11:24:53:311 [c4891baf][DevCon Factory] Requesting connection for device BF288222-4428-4E67-8878-2DAC2732FE3A on local port 9100, device port 9100
2026-02-04 11:24:53:311 [c4891baf][DevCon Factory] Cached connections count: 1
2026-02-04 11:24:53:311 [c4891baf][DevCon Factory] Successfully requested the connection for BF288222-4428-4E67-8878-2DAC2732FE3A:9100
2026-02-04 11:24:53:311 [c4891baf][AppiumDriver@a33e] New XCUITestDriver session created successfully, session c4891baf-1e7f-45b1-a146-92876275d4b0 added to master session list
2026-02-04 11:24:53:311 [c4891baf][AppiumDriver@a33e] Event 'newSessionStarted' logged at 1770204293311 (16:24:53 GMT+0500 (Pakistan Standard Time))
2026-02-04 11:24:53:311 [c4891baf][XCUITestDriver@97b8] Cached the protocol value 'W3C' for the new session c4891baf-1e7f-45b1-a146-92876275d4b0
2026-02-04 11:24:53:311 [c4891baf][XCUITestDriver@97b8] Responding to client with driver.createSession() result: {"capabilities":{"webStorageEnabled":false,"locationContextEnabled":false,"browserName":"","platform":"MAC","javascriptEnabled":true,"databaseEnabled":false,"takesScreenshot":true,"networkConnectionEnabled":false,"platformName":"iOS","automationName":"XCUITest","platformVersion":"17.0","deviceName":"iPhone 17","udid":"BF288222-4428-4E67-8878-2DAC2732FE3A","bundleId":"com.yumealz.uat","noReset":false,"showXcodeLog":false,"wdaStartupRetries":1,"autoAcceptAlerts":true}}
2026-02-04 11:24:53:312 [c4891baf][HTTP] <-- POST /session 200 7507 ms - 532 
2026-02-04 11:24:53:430 [c4891baf][HTTP] --> POST /session/c4891baf-1e7f-45b1-a146-92876275d4b0/element {"using":"name","value":"Skip"}
2026-02-04 11:24:53:430 [c4891baf][XCUITestDriver@97b8] Calling AppiumDriver.findElement() with args: ["name","Skip","c4891baf-1e7f-45b1-a146-92876275d4b0"]
2026-02-04 11:24:53:430 [c4891baf][XCUITestDriver@97b8] Executing command 'findElement'
2026-02-04 11:24:53:431 [c4891baf][XCUITestDriver@97b8] Valid locator strategies for this request: xpath, id, name, class name, -ios predicate string, -ios class chain, accessibility id, css selector
2026-02-04 11:24:53:431 [c4891baf][XCUITestDriver@97b8] Waiting up to 0 ms for condition
2026-02-04 11:24:53:431 [c4891baf][XCUITestDriver@97b8] Matched '/element' to command name 'findElement'
2026-02-04 11:24:53:431 [c4891baf][XCUITestDriver@97b8] Proxying [POST /element] to [POST http://127.0.0.1:8100/session/B21BBBF2-DC52-479F-B45D-E1DFF1276168/element] with body: {"using":"name","value":"Skip"}
2026-02-04 11:24:54:967 [c4891baf][XCUITestDriver@97b8] Got response with status 404: {"value":{"error":"no such element","message":"unable to find an element using 'name', value 'Skip'","traceback":"(\n\t0   WebDriverAgentLib                   0x0000000116ad3462 FBNoSuchElementErrorResponseForRequest + 290\n\t1   WebDriverAgentLib                   0x0000000116ad3240 +[FBFindElementCommands handleFindElement:] + 352\n\t2   WebDriverAgentLib                   0x0000000116a92ccc -[FBRoute_TargetAction mountRequest:intoResponse:] + 172\n\t3   WebDriverAgentLib                   0x0000000116a79d99 __37-[FBWebServer registerRouteHandlers:]_block_invoke + 489\n\t4   WebDriverAgentLib                   0x0000000116ab5839 -[RoutingHTTPServer handleRoute:withRequest:response:] + 185\n\t5   WebDriverAgentLib                   0x0000000116ab6601 __72-[RoutingHTTPServer routeMethod:withPath:parameters:request:connection:]_block_invoke + 65\n\t6   libdispatch.dylib                   0x00007ff8026847ce _dispatch_client_callout + 6\n\t7   libdispatch.dylib                   0x00007ff80267a942 _dispatch_a...
2026-02-04 11:24:54:968 [c4891baf][W3C] Matched W3C error code 'no such element' to NoSuchElementError
2026-02-04 11:24:54:969 [c4891baf][XCUITestDriver@97b8] Encountered internal error running command: NoSuchElementError: An element could not be located on the page using the given search parameters.
    at XCUITestDriver.doNativeFind (/Users/meezotech/.appium/node_modules/appium-xcuitest-driver/lib/commands/find.ts:205:13)
    at processTicksAndRejections (node:internal/process/task_queues:103:5)
    at XCUITestDriver.findNativeElementOrElements (/Users/meezotech/.appium/node_modules/appium-xcuitest-driver/lib/commands/find.ts:130:7)
    at XCUITestDriver.findElOrEls (/Users/meezotech/.appium/node_modules/appium-xcuitest-driver/lib/commands/find.ts:54:7)
    at XCUITestDriver.findElOrElsWithProcessing (/usr/local/lib/node_modules/appium/node_modules/@appium/base-driver/lib/basedriver/commands/find.ts:60:12)
    at XCUITestDriver.findElement (/usr/local/lib/node_modules/appium/node_modules/@appium/base-driver/lib/basedriver/commands/find.ts:75:12)
2026-02-04 11:24:54:969 [c4891baf][HTTP] <-- POST /session/c4891baf-1e7f-45b1-a146-92876275d4b0/element 404 1539 ms - 1010 
2026-02-04 11:24:55:475 [c4891baf][HTTP] --> POST /session/c4891baf-1e7f-45b1-a146-92876275d4b0/element {"using":"name","value":"Skip"}
2026-02-04 11:24:55:475 [c4891baf][XCUITestDriver@97b8] Calling AppiumDriver.findElement() with args: ["name","Skip","c4891baf-1e7f-45b1-a146-92876275d4b0"]
2026-02-04 11:24:55:475 [c4891baf][XCUITestDriver@97b8] Executing command 'findElement'
2026-02-04 11:24:55:475 [c4891baf][XCUITestDriver@97b8] Valid locator strategies for this request: xpath, id, name, class name, -ios predicate string, -ios class chain, accessibility id, css selector
2026-02-04 11:24:55:475 [c4891baf][XCUITestDriver@97b8] Waiting up to 0 ms for condition
2026-02-04 11:24:55:475 [c4891baf][XCUITestDriver@97b8] Matched '/element' to command name 'findElement'
2026-02-04 11:24:55:475 [c4891baf][XCUITestDriver@97b8] Proxying [POST /element] to [POST http://127.0.0.1:8100/session/B21BBBF2-DC52-479F-B45D-E1DFF1276168/element] with body: {"using":"name","value":"Skip"}
2026-02-04 11:24:55:510 [c4891baf][XCUITestDriver@97b8] Got response with status 404: {"value":{"error":"no such element","message":"unable to find an element using 'name', value 'Skip'","traceback":"(\n\t0   WebDriverAgentLib                   0x0000000116ad3462 FBNoSuchElementErrorResponseForRequest + 290\n\t1   WebDriverAgentLib                   0x0000000116ad3240 +[FBFindElementCommands handleFindElement:] + 352\n\t2   WebDriverAgentLib                   0x0000000116a92ccc -[FBRoute_TargetAction mountRequest:intoResponse:] + 172\n\t3   WebDriverAgentLib                   0x0000000116a79d99 __37-[FBWebServer registerRouteHandlers:]_block_invoke + 489\n\t4   WebDriverAgentLib                   0x0000000116ab5839 -[RoutingHTTPServer handleRoute:withRequest:response:] + 185\n\t5   WebDriverAgentLib                   0x0000000116ab6601 __72-[RoutingHTTPServer routeMethod:withPath:parameters:request:connection:]_block_invoke + 65\n\t6   libdispatch.dylib                   0x00007ff8026847ce _dispatch_client_callout + 6\n\t7   libdispatch.dylib                   0x00007ff80267a942 _dispatch_a...
2026-02-04 11:24:55:511 [c4891baf][W3C] Matched W3C error code 'no such element' to NoSuchElementError
2026-02-04 11:24:55:512 [c4891baf][XCUITestDriver@97b8] Encountered internal error running command: NoSuchElementError: An element could not be located on the page using the given search parameters.
    at XCUITestDriver.doNativeFind (/Users/meezotech/.appium/node_modules/appium-xcuitest-driver/lib/commands/find.ts:205:13)
    at processTicksAndRejections (node:internal/process/task_queues:103:5)
    at XCUITestDriver.findNativeElementOrElements (/Users/meezotech/.appium/node_modules/appium-xcuitest-driver/lib/commands/find.ts:130:7)
    at XCUITestDriver.findElOrEls (/Users/meezotech/.appium/node_modules/appium-xcuitest-driver/lib/commands/find.ts:54:7)
    at XCUITestDriver.findElOrElsWithProcessing (/usr/local/lib/node_modules/appium/node_modules/@appium/base-driver/lib/basedriver/commands/find.ts:60:12)
    at XCUITestDriver.findElement (/usr/local/lib/node_modules/appium/node_modules/@appium/base-driver/lib/basedriver/commands/find.ts:75:12)
2026-02-04 11:24:55:512 [c4891baf][HTTP] <-- POST /session/c4891baf-1e7f-45b1-a146-92876275d4b0/element 404 38 ms - 1010 
2026-02-04 11:24:56:016 [c4891baf][HTTP] --> POST /session/c4891baf-1e7f-45b1-a146-92876275d4b0/element {"using":"name","value":"Skip"}
2026-02-04 11:24:56:017 [c4891baf][XCUITestDriver@97b8] Calling AppiumDriver.findElement() with args: ["name","Skip","c4891baf-1e7f-45b1-a146-92876275d4b0"]
2026-02-04 11:24:56:017 [c4891baf][XCUITestDriver@97b8] Executing command 'findElement'
2026-02-04 11:24:56:017 [c4891baf][XCUITestDriver@97b8] Valid locator strategies for this request: xpath, id, name, class name, -ios predicate string, -ios class chain, accessibility id, css selector
2026-02-04 11:24:56:017 [c4891baf][XCUITestDriver@97b8] Waiting up to 0 ms for condition
2026-02-04 11:24:56:017 [c4891baf][XCUITestDriver@97b8] Matched '/element' to command name 'findElement'
2026-02-04 11:24:56:018 [c4891baf][XCUITestDriver@97b8] Proxying [POST /element] to [POST http://127.0.0.1:8100/session/B21BBBF2-DC52-479F-B45D-E1DFF1276168/element] with body: {"using":"name","value":"Skip"}
2026-02-04 11:24:56:050 [c4891baf][XCUITestDriver@97b8] Got response with status 404: {"value":{"error":"no such element","message":"unable to find an element using 'name', value 'Skip'","traceback":"(\n\t0   WebDriverAgentLib                   0x0000000116ad3462 FBNoSuchElementErrorResponseForRequest + 290\n\t1   WebDriverAgentLib                   0x0000000116ad3240 +[FBFindElementCommands handleFindElement:] + 352\n\t2   WebDriverAgentLib                   0x0000000116a92ccc -[FBRoute_TargetAction mountRequest:intoResponse:] + 172\n\t3   WebDriverAgentLib                   0x0000000116a79d99 __37-[FBWebServer registerRouteHandlers:]_block_invoke + 489\n\t4   WebDriverAgentLib                   0x0000000116ab5839 -[RoutingHTTPServer handleRoute:withRequest:response:] + 185\n\t5   WebDriverAgentLib                   0x0000000116ab6601 __72-[RoutingHTTPServer routeMethod:withPath:parameters:request:connection:]_block_invoke + 65\n\t6   libdispatch.dylib                   0x00007ff8026847ce _dispatch_client_callout + 6\n\t7   libdispatch.dylib                   0x00007ff80267a942 _dispatch_a...
2026-02-04 11:24:56:051 [c4891baf][W3C] Matched W3C error code 'no such element' to NoSuchElementError
2026-02-04 11:24:56:051 [c4891baf][XCUITestDriver@97b8] Encountered internal error running command: NoSuchElementError: An element could not be located on the page using the given search parameters.
    at XCUITestDriver.doNativeFind (/Users/meezotech/.appium/node_modules/appium-xcuitest-driver/lib/commands/find.ts:205:13)
    at processTicksAndRejections (node:internal/process/task_queues:103:5)
    at XCUITestDriver.findNativeElementOrElements (/Users/meezotech/.appium/node_modules/appium-xcuitest-driver/lib/commands/find.ts:130:7)
    at XCUITestDriver.findElOrEls (/Users/meezotech/.appium/node_modules/appium-xcuitest-driver/lib/commands/find.ts:54:7)
    at XCUITestDriver.findElOrElsWithProcessing (/usr/local/lib/node_modules/appium/node_modules/@appium/base-driver/lib/basedriver/commands/find.ts:60:12)
    at XCUITestDriver.findElement (/usr/local/lib/node_modules/appium/node_modules/@appium/base-driver/lib/basedriver/commands/find.ts:75:12)
2026-02-04 11:24:56:052 [c4891baf][HTTP] <-- POST /session/c4891baf-1e7f-45b1-a146-92876275d4b0/element 404 35 ms - 1010 
2026-02-04 11:24:56:557 [c4891baf][HTTP] --> POST /session/c4891baf-1e7f-45b1-a146-92876275d4b0/element {"using":"name","value":"Skip"}
2026-02-04 11:24:56:557 [c4891baf][XCUITestDriver@97b8] Calling AppiumDriver.findElement() with args: ["name","Skip","c4891baf-1e7f-45b1-a146-92876275d4b0"]
2026-02-04 11:24:56:557 [c4891baf][XCUITestDriver@97b8] Executing command 'findElement'
2026-02-04 11:24:56:558 [c4891baf][XCUITestDriver@97b8] Valid locator strategies for this request: xpath, id, name, class name, -ios predicate string, -ios class chain, accessibility id, css selector
2026-02-04 11:24:56:558 [c4891baf][XCUITestDriver@97b8] Waiting up to 0 ms for condition
2026-02-04 11:24:56:558 [c4891baf][XCUITestDriver@97b8] Matched '/element' to command name 'findElement'
2026-02-04 11:24:56:558 [c4891baf][XCUITestDriver@97b8] Proxying [POST /element] to [POST http://127.0.0.1:8100/session/B21BBBF2-DC52-479F-B45D-E1DFF1276168/element] with body: {"using":"name","value":"Skip"}
2026-02-04 11:24:56:590 [c4891baf][XCUITestDriver@97b8] Got response with status 404: {"value":{"error":"no such element","message":"unable to find an element using 'name', value 'Skip'","traceback":"(\n\t0   WebDriverAgentLib                   0x0000000116ad3462 FBNoSuchElementErrorResponseForRequest + 290\n\t1   WebDriverAgentLib                   0x0000000116ad3240 +[FBFindElementCommands handleFindElement:] + 352\n\t2   WebDriverAgentLib                   0x0000000116a92ccc -[FBRoute_TargetAction mountRequest:intoResponse:] + 172\n\t3   WebDriverAgentLib                   0x0000000116a79d99 __37-[FBWebServer registerRouteHandlers:]_block_invoke + 489\n\t4   WebDriverAgentLib                   0x0000000116ab5839 -[RoutingHTTPServer handleRoute:withRequest:response:] + 185\n\t5   WebDriverAgentLib                   0x0000000116ab6601 __72-[RoutingHTTPServer routeMethod:withPath:parameters:request:connection:]_block_invoke + 65\n\t6   libdispatch.dylib                   0x00007ff8026847ce _dispatch_client_callout + 6\n\t7   libdispatch.dylib                   0x00007ff80267a942 _dispatch_a...
2026-02-04 11:24:56:590 [c4891baf][W3C] Matched W3C error code 'no such element' to NoSuchElementError
2026-02-04 11:24:56:591 [c4891baf][XCUITestDriver@97b8] Encountered internal error running command: NoSuchElementError: An element could not be located on the page using the given search parameters.
    at XCUITestDriver.doNativeFind (/Users/meezotech/.appium/node_modules/appium-xcuitest-driver/lib/commands/find.ts:205:13)
    at processTicksAndRejections (node:internal/process/task_queues:103:5)
    at XCUITestDriver.findNativeElementOrElements (/Users/meezotech/.appium/node_modules/appium-xcuitest-driver/lib/commands/find.ts:130:7)
    at XCUITestDriver.findElOrEls (/Users/meezotech/.appium/node_modules/appium-xcuitest-driver/lib/commands/find.ts:54:7)
    at XCUITestDriver.findElOrElsWithProcessing (/usr/local/lib/node_modules/appium/node_modules/@appium/base-driver/lib/basedriver/commands/find.ts:60:12)
    at XCUITestDriver.findElement (/usr/local/lib/node_modules/appium/node_modules/@appium/base-driver/lib/basedriver/commands/find.ts:75:12)
2026-02-04 11:24:56:591 [c4891baf][HTTP] <-- POST /session/c4891baf-1e7f-45b1-a146-92876275d4b0/element 404 34 ms - 1010 
2026-02-04 11:24:57:095 [c4891baf][HTTP] --> POST /session/c4891baf-1e7f-45b1-a146-92876275d4b0/element {"using":"name","value":"Skip"}
2026-02-04 11:24:57:095 [c4891baf][XCUITestDriver@97b8] Calling AppiumDriver.findElement() with args: ["name","Skip","c4891baf-1e7f-45b1-a146-92876275d4b0"]
2026-02-04 11:24:57:095 [c4891baf][XCUITestDriver@97b8] Executing command 'findElement'
2026-02-04 11:24:57:096 [c4891baf][XCUITestDriver@97b8] Valid locator strategies for this request: xpath, id, name, class name, -ios predicate string, -ios class chain, accessibility id, css selector
2026-02-04 11:24:57:096 [c4891baf][XCUITestDriver@97b8] Waiting up to 0 ms for condition
2026-02-04 11:24:57:096 [c4891baf][XCUITestDriver@97b8] Matched '/element' to command name 'findElement'
2026-02-04 11:24:57:096 [c4891baf][XCUITestDriver@97b8] Proxying [POST /element] to [POST http://127.0.0.1:8100/session/B21BBBF2-DC52-479F-B45D-E1DFF1276168/element] with body: {"using":"name","value":"Skip"}
2026-02-04 11:24:57:129 [c4891baf][XCUITestDriver@97b8] Got response with status 404: {"value":{"error":"no such element","message":"unable to find an element using 'name', value 'Skip'","traceback":"(\n\t0   WebDriverAgentLib                   0x0000000116ad3462 FBNoSuchElementErrorResponseForRequest + 290\n\t1   WebDriverAgentLib                   0x0000000116ad3240 +[FBFindElementCommands handleFindElement:] + 352\n\t2   WebDriverAgentLib                   0x0000000116a92ccc -[FBRoute_TargetAction mountRequest:intoResponse:] + 172\n\t3   WebDriverAgentLib                   0x0000000116a79d99 __37-[FBWebServer registerRouteHandlers:]_block_invoke + 489\n\t4   WebDriverAgentLib                   0x0000000116ab5839 -[RoutingHTTPServer handleRoute:withRequest:response:] + 185\n\t5   WebDriverAgentLib                   0x0000000116ab6601 __72-[RoutingHTTPServer routeMethod:withPath:parameters:request:connection:]_block_invoke + 65\n\t6   libdispatch.dylib                   0x00007ff8026847ce _dispatch_client_callout + 6\n\t7   libdispatch.dylib                   0x00007ff80267a942 _dispatch_a...
2026-02-04 11:24:57:129 [c4891baf][W3C] Matched W3C error code 'no such element' to NoSuchElementError
2026-02-04 11:24:57:130 [c4891baf][XCUITestDriver@97b8] Encountered internal error running command: NoSuchElementError: An element could not be located on the page using the given search parameters.
    at XCUITestDriver.doNativeFind (/Users/meezotech/.appium/node_modules/appium-xcuitest-driver/lib/commands/find.ts:205:13)
    at processTicksAndRejections (node:internal/process/task_queues:103:5)
    at XCUITestDriver.findNativeElementOrElements (/Users/meezotech/.appium/node_modules/appium-xcuitest-driver/lib/commands/find.ts:130:7)
    at XCUITestDriver.findElOrEls (/Users/meezotech/.appium/node_modules/appium-xcuitest-driver/lib/commands/find.ts:54:7)
    at XCUITestDriver.findElOrElsWithProcessing (/usr/local/lib/node_modules/appium/node_modules/@appium/base-driver/lib/basedriver/commands/find.ts:60:12)
    at XCUITestDriver.findElement (/usr/local/lib/node_modules/appium/node_modules/@appium/base-driver/lib/basedriver/commands/find.ts:75:12)
2026-02-04 11:24:57:130 [c4891baf][HTTP] <-- POST /session/c4891baf-1e7f-45b1-a146-92876275d4b0/element 404 35 ms - 1010 
2026-02-04 11:24:57:632 [c4891baf][HTTP] --> POST /session/c4891baf-1e7f-45b1-a146-92876275d4b0/element {"using":"name","value":"Skip"}
2026-02-04 11:24:57:632 [c4891baf][XCUITestDriver@97b8] Calling AppiumDriver.findElement() with args: ["name","Skip","c4891baf-1e7f-45b1-a146-92876275d4b0"]
2026-02-04 11:24:57:632 [c4891baf][XCUITestDriver@97b8] Executing command 'findElement'
2026-02-04 11:24:57:633 [c4891baf][XCUITestDriver@97b8] Valid locator strategies for this request: xpath, id, name, class name, -ios predicate string, -ios class chain, accessibility id, css selector
2026-02-04 11:24:57:633 [c4891baf][XCUITestDriver@97b8] Waiting up to 0 ms for condition
2026-02-04 11:24:57:633 [c4891baf][XCUITestDriver@97b8] Matched '/element' to command name 'findElement'
2026-02-04 11:24:57:633 [c4891baf][XCUITestDriver@97b8] Proxying [POST /element] to [POST http://127.0.0.1:8100/session/B21BBBF2-DC52-479F-B45D-E1DFF1276168/element] with body: {"using":"name","value":"Skip"}
2026-02-04 11:24:57:755 [c4891baf][XCUITestDriver@97b8] Got response with status 200: {"value":{"ELEMENT":"19000000-0000-0000-3301-010000000000","element-6066-11e4-a52e-4f735466cecf":"19000000-0000-0000-3301-010000000000"},"sessionId":"B21BBBF2-DC52-479F-B45D-E1DFF1276168"}
2026-02-04 11:24:57:756 [c4891baf][XCUITestDriver@97b8] Responding to client with driver.findElement() result: {"element-6066-11e4-a52e-4f735466cecf":"19000000-0000-0000-3301-010000000000","ELEMENT":"19000000-0000-0000-3301-010000000000"}
2026-02-04 11:24:57:756 [c4891baf][HTTP] <-- POST /session/c4891baf-1e7f-45b1-a146-92876275d4b0/element 200 124 ms - 137 
2026-02-04 11:24:57:758 [c4891baf][HTTP] --> GET /session/c4891baf-1e7f-45b1-a146-92876275d4b0/element/19000000-0000-0000-3301-010000000000/displayed 
2026-02-04 11:24:57:758 [c4891baf][XCUITestDriver@97b8] Driver proxy active, passing request on via HTTP proxy
2026-02-04 11:24:57:758 [c4891baf][XCUITestDriver@97b8] Executing command 'proxyReqRes'
2026-02-04 11:24:57:759 [c4891baf][XCUITestDriver@97b8] Matched '/session/c4891baf-1e7f-45b1-a146-92876275d4b0/element/19000000-0000-0000-3301-010000000000/displayed' to command name 'elementDisplayed'
2026-02-04 11:24:57:759 [c4891baf][XCUITestDriver@97b8] Proxying [GET /session/c4891baf-1e7f-45b1-a146-92876275d4b0/element/19000000-0000-0000-3301-010000000000/displayed] to [GET http://127.0.0.1:8100/session/B21BBBF2-DC52-479F-B45D-E1DFF1276168/element/19000000-0000-0000-3301-010000000000/displayed] with no body
2026-02-04 11:24:57:865 [c4891baf][XCUITestDriver@97b8] Got response with status 200: {"value":true,"sessionId":"B21BBBF2-DC52-479F-B45D-E1DFF1276168"}
2026-02-04 11:24:57:865 [c4891baf][XCUITestDriver@97b8] Replacing sessionId B21BBBF2-DC52-479F-B45D-E1DFF1276168 with c4891baf-1e7f-45b1-a146-92876275d4b0
2026-02-04 11:24:57:866 [c4891baf][HTTP] <-- GET /session/c4891baf-1e7f-45b1-a146-92876275d4b0/element/19000000-0000-0000-3301-010000000000/displayed 200 108 ms - 14 
2026-02-04 11:24:57:867 [c4891baf][HTTP] --> GET /session/c4891baf-1e7f-45b1-a146-92876275d4b0/element/19000000-0000-0000-3301-010000000000/enabled 
2026-02-04 11:24:57:867 [c4891baf][XCUITestDriver@97b8] Driver proxy active, passing request on via HTTP proxy
2026-02-04 11:24:57:867 [c4891baf][XCUITestDriver@97b8] Executing command 'proxyReqRes'
2026-02-04 11:24:57:868 [c4891baf][XCUITestDriver@97b8] Matched '/session/c4891baf-1e7f-45b1-a146-92876275d4b0/element/19000000-0000-0000-3301-010000000000/enabled' to command name 'elementEnabled'
2026-02-04 11:24:57:868 [c4891baf][XCUITestDriver@97b8] Proxying [GET /session/c4891baf-1e7f-45b1-a146-92876275d4b0/element/19000000-0000-0000-3301-010000000000/enabled] to [GET http://127.0.0.1:8100/session/B21BBBF2-DC52-479F-B45D-E1DFF1276168/element/19000000-0000-0000-3301-010000000000/enabled] with no body
2026-02-04 11:24:57:917 [c4891baf][XCUITestDriver@97b8] Got response with status 200: {"value":true,"sessionId":"B21BBBF2-DC52-479F-B45D-E1DFF1276168"}
2026-02-04 11:24:57:917 [c4891baf][XCUITestDriver@97b8] Replacing sessionId B21BBBF2-DC52-479F-B45D-E1DFF1276168 with c4891baf-1e7f-45b1-a146-92876275d4b0
2026-02-04 11:24:57:917 [c4891baf][HTTP] <-- GET /session/c4891baf-1e7f-45b1-a146-92876275d4b0/element/19000000-0000-0000-3301-010000000000/enabled 200 50 ms - 14 
2026-02-04 11:24:57:919 [c4891baf][HTTP] --> POST /session/c4891baf-1e7f-45b1-a146-92876275d4b0/element/19000000-0000-0000-3301-010000000000/click {}
2026-02-04 11:24:57:919 [c4891baf][XCUITestDriver@97b8] Driver proxy active, passing request on via HTTP proxy
2026-02-04 11:24:57:919 [c4891baf][XCUITestDriver@97b8] Executing command 'proxyReqRes'
2026-02-04 11:24:57:920 [c4891baf][XCUITestDriver@97b8] Matched '/session/c4891baf-1e7f-45b1-a146-92876275d4b0/element/19000000-0000-0000-3301-010000000000/click' to command name 'click'
2026-02-04 11:24:57:920 [c4891baf][XCUITestDriver@97b8] Proxying [POST /session/c4891baf-1e7f-45b1-a146-92876275d4b0/element/19000000-0000-0000-3301-010000000000/click] to [POST http://127.0.0.1:8100/session/B21BBBF2-DC52-479F-B45D-E1DFF1276168/element/19000000-0000-0000-3301-010000000000/click] with body: {}
2026-02-04 11:24:58:522 [c4891baf][XCUITestDriver@97b8] Got response with status 200: {"value":null,"sessionId":"B21BBBF2-DC52-479F-B45D-E1DFF1276168"}
2026-02-04 11:24:58:522 [c4891baf][XCUITestDriver@97b8] Replacing sessionId B21BBBF2-DC52-479F-B45D-E1DFF1276168 with c4891baf-1e7f-45b1-a146-92876275d4b0
2026-02-04 11:24:58:522 [c4891baf][HTTP] <-- POST /session/c4891baf-1e7f-45b1-a146-92876275d4b0/element/19000000-0000-0000-3301-010000000000/click 200 603 ms - 14 
2026-02-04 11:24:58:524 [c4891baf][HTTP] --> POST /session/c4891baf-1e7f-45b1-a146-92876275d4b0/element {"using":"name","value":"Home\nTab 1 of 5"}
2026-02-04 11:24:58:524 [c4891baf][XCUITestDriver@97b8] Calling AppiumDriver.findElement() with args: ["name","Home\nTab 1 of 5","c4891baf-1e7f-45b1-a146-92876275d4b0"]
2026-02-04 11:24:58:524 [c4891baf][XCUITestDriver@97b8] Executing command 'findElement'
2026-02-04 11:24:58:524 [c4891baf][XCUITestDriver@97b8] Valid locator strategies for this request: xpath, id, name, class name, -ios predicate string, -ios class chain, accessibility id, css selector
2026-02-04 11:24:58:524 [c4891baf][XCUITestDriver@97b8] Waiting up to 0 ms for condition
2026-02-04 11:24:58:525 [c4891baf][XCUITestDriver@97b8] Matched '/element' to command name 'findElement'
2026-02-04 11:24:58:525 [c4891baf][XCUITestDriver@97b8] Proxying [POST /element] to [POST http://127.0.0.1:8100/session/B21BBBF2-DC52-479F-B45D-E1DFF1276168/element] with body: {"using":"name","value":"Home\nTab 1 of 5"}
2026-02-04 11:24:58:713 [c4891baf][XCUITestDriver@97b8] Got response with status 404: {"value":{"error":"no such element","message":"unable to find an element using 'name', value 'Home\nTab 1 of 5'","traceback":"(\n\t0   WebDriverAgentLib                   0x0000000116ad3462 FBNoSuchElementErrorResponseForRequest + 290\n\t1   WebDriverAgentLib                   0x0000000116ad3240 +[FBFindElementCommands handleFindElement:] + 352\n\t2   WebDriverAgentLib                   0x0000000116a92ccc -[FBRoute_TargetAction mountRequest:intoResponse:] + 172\n\t3   WebDriverAgentLib                   0x0000000116a79d99 __37-[FBWebServer registerRouteHandlers:]_block_invoke + 489\n\t4   WebDriverAgentLib                   0x0000000116ab5839 -[RoutingHTTPServer handleRoute:withRequest:response:] + 185\n\t5   WebDriverAgentLib                   0x0000000116ab6601 __72-[RoutingHTTPServer routeMethod:withPath:parameters:request:connection:]_block_invoke + 65\n\t6   libdispatch.dylib                   0x00007ff8026847ce _dispatch_client_callout + 6\n\t7   libdispatch.dylib                   0x00007ff80267a942...
2026-02-04 11:24:58:713 [c4891baf][W3C] Matched W3C error code 'no such element' to NoSuchElementError
2026-02-04 11:24:58:713 [c4891baf][XCUITestDriver@97b8] Encountered internal error running command: NoSuchElementError: An element could not be located on the page using the given search parameters.
    at XCUITestDriver.doNativeFind (/Users/meezotech/.appium/node_modules/appium-xcuitest-driver/lib/commands/find.ts:205:13)
    at processTicksAndRejections (node:internal/process/task_queues:103:5)
    at XCUITestDriver.findNativeElementOrElements (/Users/meezotech/.appium/node_modules/appium-xcuitest-driver/lib/commands/find.ts:130:7)
    at XCUITestDriver.findElOrEls (/Users/meezotech/.appium/node_modules/appium-xcuitest-driver/lib/commands/find.ts:54:7)
    at XCUITestDriver.findElOrElsWithProcessing (/usr/local/lib/node_modules/appium/node_modules/@appium/base-driver/lib/basedriver/commands/find.ts:60:12)
    at XCUITestDriver.findElement (/usr/local/lib/node_modules/appium/node_modules/@appium/base-driver/lib/basedriver/commands/find.ts:75:12)
2026-02-04 11:24:58:714 [c4891baf][HTTP] <-- POST /session/c4891baf-1e7f-45b1-a146-92876275d4b0/element 404 190 ms - 1010 
2026-02-04 11:24:59:162 [ef24e10f][HTTP] --> GET /session/ef24e10f-2c50-45c3-8819-1f78563223c6/timeouts 
2026-02-04 11:24:59:174 [ef24e10f][AppiumDriver@a33e] Encountered internal error running command: NoSuchDriverError: A session is either terminated or not started
    at asyncHandler (/usr/local/lib/node_modules/appium/node_modules/@appium/base-driver/lib/protocol/protocol.ts:329:15)
    at /usr/local/lib/node_modules/appium/node_modules/@appium/base-driver/lib/protocol/protocol.ts:524:15
    at Layer.handleRequest (/usr/local/lib/node_modules/appium/node_modules/router/lib/layer.js:152:17)
    at next (/usr/local/lib/node_modules/appium/node_modules/router/lib/route.js:157:13)
    at Route.dispatch (/usr/local/lib/node_modules/appium/node_modules/router/lib/route.js:117:3)
    at handle (/usr/local/lib/node_modules/appium/node_modules/router/index.js:435:11)
    at Layer.handleRequest (/usr/local/lib/node_modules/appium/node_modules/router/lib/layer.js:152:17)
    at /usr/local/lib/node_modules/appium/node_modules/router/index.js:295:15
    at param (/usr/local/lib/node_modules/appium/node_modules/router/index.js:600:14)
    at param (/usr/local/lib/node_modules/appium/node_modules/router/index.js:610:14)
    at processParams (/usr/local/lib/node_modules/appium/node_modules/router/index.js:664:3)
    at next (/usr/local/lib/node_modules/appium/node_modules/router/index.js:291:5)
    at logger (/usr/local/lib/node_modules/appium/node_modules/morgan/index.js:144:5)
    at Layer.handleRequest (/usr/local/lib/node_modules/appium/node_modules/router/lib/layer.js:152:17)
    at trimPrefix (/usr/local/lib/node_modules/appium/node_modules/router/index.js:342:13)
    at /usr/local/lib/node_modules/appium/node_modules/router/index.js:297:9
    at processParams (/usr/local/lib/node_modules/appium/node_modules/router/index.js:582:12)
    at next (/usr/local/lib/node_modules/appium/node_modules/router/index.js:291:5)
    at read (/usr/local/lib/node_modules/appium/node_modules/body-parser/lib/read.js:54:5)
    at jsonParser (/usr/local/lib/node_modules/appium/node_modules/body-parser/lib/types/json.js:90:5)
    at Layer.handleRequest (/usr/local/lib/node_modules/appium/node_modules/router/lib/layer.js:152:17)
    at trimPrefix (/usr/local/lib/node_modules/appium/node_modules/router/index.js:342:13)
2026-02-04 11:24:59:174 [ef24e10f][HTTP] <-- GET /session/ef24e10f-2c50-45c3-8819-1f78563223c6/timeouts 404 13 ms - 2263 
2026-02-04 11:24:59:216 [c4891baf][HTTP] --> POST /session/c4891baf-1e7f-45b1-a146-92876275d4b0/element {"using":"name","value":"Home\nTab 1 of 5"}
2026-02-04 11:24:59:216 [c4891baf][XCUITestDriver@97b8] Calling AppiumDriver.findElement() with args: ["name","Home\nTab 1 of 5","c4891baf-1e7f-45b1-a146-92876275d4b0"]
2026-02-04 11:24:59:216 [c4891baf][XCUITestDriver@97b8] Executing command 'findElement'
2026-02-04 11:24:59:216 [c4891baf][XCUITestDriver@97b8] Valid locator strategies for this request: xpath, id, name, class name, -ios predicate string, -ios class chain, accessibility id, css selector
2026-02-04 11:24:59:216 [c4891baf][XCUITestDriver@97b8] Waiting up to 0 ms for condition
2026-02-04 11:24:59:216 [c4891baf][XCUITestDriver@97b8] Matched '/element' to command name 'findElement'
2026-02-04 11:24:59:216 [c4891baf][XCUITestDriver@97b8] Proxying [POST /element] to [POST http://127.0.0.1:8100/session/B21BBBF2-DC52-479F-B45D-E1DFF1276168/element] with body: {"using":"name","value":"Home\nTab 1 of 5"}
2026-02-04 11:24:59:272 [c4891baf][XCUITestDriver@97b8] Got response with status 404: {"value":{"error":"no such element","message":"unable to find an element using 'name', value 'Home\nTab 1 of 5'","traceback":"(\n\t0   WebDriverAgentLib                   0x0000000116ad3462 FBNoSuchElementErrorResponseForRequest + 290\n\t1   WebDriverAgentLib                   0x0000000116ad3240 +[FBFindElementCommands handleFindElement:] + 352\n\t2   WebDriverAgentLib                   0x0000000116a92ccc -[FBRoute_TargetAction mountRequest:intoResponse:] + 172\n\t3   WebDriverAgentLib                   0x0000000116a79d99 __37-[FBWebServer registerRouteHandlers:]_block_invoke + 489\n\t4   WebDriverAgentLib                   0x0000000116ab5839 -[RoutingHTTPServer handleRoute:withRequest:response:] + 185\n\t5   WebDriverAgentLib                   0x0000000116ab6601 __72-[RoutingHTTPServer routeMethod:withPath:parameters:request:connection:]_block_invoke + 65\n\t6   libdispatch.dylib                   0x00007ff8026847ce _dispatch_client_callout + 6\n\t7   libdispatch.dylib                   0x00007ff80267a942...
2026-02-04 11:24:59:272 [c4891baf][W3C] Matched W3C error code 'no such element' to NoSuchElementError
2026-02-04 11:24:59:273 [c4891baf][XCUITestDriver@97b8] Encountered internal error running command: NoSuchElementError: An element could not be located on the page using the given search parameters.
    at XCUITestDriver.doNativeFind (/Users/meezotech/.appium/node_modules/appium-xcuitest-driver/lib/commands/find.ts:205:13)
    at processTicksAndRejections (node:internal/process/task_queues:103:5)
    at XCUITestDriver.findNativeElementOrElements (/Users/meezotech/.appium/node_modules/appium-xcuitest-driver/lib/commands/find.ts:130:7)
    at XCUITestDriver.findElOrEls (/Users/meezotech/.appium/node_modules/appium-xcuitest-driver/lib/commands/find.ts:54:7)
    at XCUITestDriver.findElOrElsWithProcessing (/usr/local/lib/node_modules/appium/node_modules/@appium/base-driver/lib/basedriver/commands/find.ts:60:12)
    at XCUITestDriver.findElement (/usr/local/lib/node_modules/appium/node_modules/@appium/base-driver/lib/basedriver/commands/find.ts:75:12)
2026-02-04 11:24:59:273 [c4891baf][HTTP] <-- POST /session/c4891baf-1e7f-45b1-a146-92876275d4b0/element 404 57 ms - 1010 
2026-02-04 11:24:59:779 [c4891baf][HTTP] --> POST /session/c4891baf-1e7f-45b1-a146-92876275d4b0/element {"using":"name","value":"Home\nTab 1 of 5"}
2026-02-04 11:24:59:779 [c4891baf][XCUITestDriver@97b8] Calling AppiumDriver.findElement() with args: ["name","Home\nTab 1 of 5","c4891baf-1e7f-45b1-a146-92876275d4b0"]
2026-02-04 11:24:59:779 [c4891baf][XCUITestDriver@97b8] Executing command 'findElement'
2026-02-04 11:24:59:780 [c4891baf][XCUITestDriver@97b8] Valid locator strategies for this request: xpath, id, name, class name, -ios predicate string, -ios class chain, accessibility id, css selector
2026-02-04 11:24:59:780 [c4891baf][XCUITestDriver@97b8] Waiting up to 0 ms for condition
2026-02-04 11:24:59:780 [c4891baf][XCUITestDriver@97b8] Matched '/element' to command name 'findElement'
2026-02-04 11:24:59:780 [c4891baf][XCUITestDriver@97b8] Proxying [POST /element] to [POST http://127.0.0.1:8100/session/B21BBBF2-DC52-479F-B45D-E1DFF1276168/element] with body: {"using":"name","value":"Home\nTab 1 of 5"}
2026-02-04 11:24:59:840 [c4891baf][XCUITestDriver@97b8] Got response with status 404: {"value":{"error":"no such element","message":"unable to find an element using 'name', value 'Home\nTab 1 of 5'","traceback":"(\n\t0   WebDriverAgentLib                   0x0000000116ad3462 FBNoSuchElementErrorResponseForRequest + 290\n\t1   WebDriverAgentLib                   0x0000000116ad3240 +[FBFindElementCommands handleFindElement:] + 352\n\t2   WebDriverAgentLib                   0x0000000116a92ccc -[FBRoute_TargetAction mountRequest:intoResponse:] + 172\n\t3   WebDriverAgentLib                   0x0000000116a79d99 __37-[FBWebServer registerRouteHandlers:]_block_invoke + 489\n\t4   WebDriverAgentLib                   0x0000000116ab5839 -[RoutingHTTPServer handleRoute:withRequest:response:] + 185\n\t5   WebDriverAgentLib                   0x0000000116ab6601 __72-[RoutingHTTPServer routeMethod:withPath:parameters:request:connection:]_block_invoke + 65\n\t6   libdispatch.dylib                   0x00007ff8026847ce _dispatch_client_callout + 6\n\t7   libdispatch.dylib                   0x00007ff80267a942...
2026-02-04 11:24:59:840 [c4891baf][W3C] Matched W3C error code 'no such element' to NoSuchElementError
2026-02-04 11:24:59:841 [c4891baf][XCUITestDriver@97b8] Encountered internal error running command: NoSuchElementError: An element could not be located on the page using the given search parameters.
    at XCUITestDriver.doNativeFind (/Users/meezotech/.appium/node_modules/appium-xcuitest-driver/lib/commands/find.ts:205:13)
    at processTicksAndRejections (node:internal/process/task_queues:103:5)
    at XCUITestDriver.findNativeElementOrElements (/Users/meezotech/.appium/node_modules/appium-xcuitest-driver/lib/commands/find.ts:130:7)
    at XCUITestDriver.findElOrEls (/Users/meezotech/.appium/node_modules/appium-xcuitest-driver/lib/commands/find.ts:54:7)
    at XCUITestDriver.findElOrElsWithProcessing (/usr/local/lib/node_modules/appium/node_modules/@appium/base-driver/lib/basedriver/commands/find.ts:60:12)
    at XCUITestDriver.findElement (/usr/local/lib/node_modules/appium/node_modules/@appium/base-driver/lib/basedriver/commands/find.ts:75:12)
2026-02-04 11:24:59:841 [c4891baf][HTTP] <-- POST /session/c4891baf-1e7f-45b1-a146-92876275d4b0/element 404 62 ms - 1010 
2026-02-04 11:25:00:345 [c4891baf][HTTP] --> POST /session/c4891baf-1e7f-45b1-a146-92876275d4b0/element {"using":"name","value":"Home\nTab 1 of 5"}
2026-02-04 11:25:00:345 [c4891baf][XCUITestDriver@97b8] Calling AppiumDriver.findElement() with args: ["name","Home\nTab 1 of 5","c4891baf-1e7f-45b1-a146-92876275d4b0"]
2026-02-04 11:25:00:345 [c4891baf][XCUITestDriver@97b8] Executing command 'findElement'
2026-02-04 11:25:00:346 [c4891baf][XCUITestDriver@97b8] Valid locator strategies for this request: xpath, id, name, class name, -ios predicate string, -ios class chain, accessibility id, css selector
2026-02-04 11:25:00:346 [c4891baf][XCUITestDriver@97b8] Waiting up to 0 ms for condition
2026-02-04 11:25:00:346 [c4891baf][XCUITestDriver@97b8] Matched '/element' to command name 'findElement'
2026-02-04 11:25:00:346 [c4891baf][XCUITestDriver@97b8] Proxying [POST /element] to [POST http://127.0.0.1:8100/session/B21BBBF2-DC52-479F-B45D-E1DFF1276168/element] with body: {"using":"name","value":"Home\nTab 1 of 5"}
2026-02-04 11:25:00:405 [c4891baf][XCUITestDriver@97b8] Got response with status 404: {"value":{"error":"no such element","message":"unable to find an element using 'name', value 'Home\nTab 1 of 5'","traceback":"(\n\t0   WebDriverAgentLib                   0x0000000116ad3462 FBNoSuchElementErrorResponseForRequest + 290\n\t1   WebDriverAgentLib                   0x0000000116ad3240 +[FBFindElementCommands handleFindElement:] + 352\n\t2   WebDriverAgentLib                   0x0000000116a92ccc -[FBRoute_TargetAction mountRequest:intoResponse:] + 172\n\t3   WebDriverAgentLib                   0x0000000116a79d99 __37-[FBWebServer registerRouteHandlers:]_block_invoke + 489\n\t4   WebDriverAgentLib                   0x0000000116ab5839 -[RoutingHTTPServer handleRoute:withRequest:response:] + 185\n\t5   WebDriverAgentLib                   0x0000000116ab6601 __72-[RoutingHTTPServer routeMethod:withPath:parameters:request:connection:]_block_invoke + 65\n\t6   libdispatch.dylib                   0x00007ff8026847ce _dispatch_client_callout + 6\n\t7   libdispatch.dylib                   0x00007ff80267a942...
2026-02-04 11:25:00:406 [c4891baf][W3C] Matched W3C error code 'no such element' to NoSuchElementError
2026-02-04 11:25:00:406 [c4891baf][XCUITestDriver@97b8] Encountered internal error running command: NoSuchElementError: An element could not be located on the page using the given search parameters.
    at XCUITestDriver.doNativeFind (/Users/meezotech/.appium/node_modules/appium-xcuitest-driver/lib/commands/find.ts:205:13)
    at processTicksAndRejections (node:internal/process/task_queues:103:5)
    at XCUITestDriver.findNativeElementOrElements (/Users/meezotech/.appium/node_modules/appium-xcuitest-driver/lib/commands/find.ts:130:7)
    at XCUITestDriver.findElOrEls (/Users/meezotech/.appium/node_modules/appium-xcuitest-driver/lib/commands/find.ts:54:7)
    at XCUITestDriver.findElOrElsWithProcessing (/usr/local/lib/node_modules/appium/node_modules/@appium/base-driver/lib/basedriver/commands/find.ts:60:12)
    at XCUITestDriver.findElement (/usr/local/lib/node_modules/appium/node_modules/@appium/base-driver/lib/basedriver/commands/find.ts:75:12)
2026-02-04 11:25:00:407 [c4891baf][HTTP] <-- POST /session/c4891baf-1e7f-45b1-a146-92876275d4b0/element 404 62 ms - 1010 
2026-02-04 11:25:00:911 [c4891baf][HTTP] --> POST /session/c4891baf-1e7f-45b1-a146-92876275d4b0/element {"using":"name","value":"Home\nTab 1 of 5"}
2026-02-04 11:25:00:912 [c4891baf][XCUITestDriver@97b8] Calling AppiumDriver.findElement() with args: ["name","Home\nTab 1 of 5","c4891baf-1e7f-45b1-a146-92876275d4b0"]
2026-02-04 11:25:00:912 [c4891baf][XCUITestDriver@97b8] Executing command 'findElement'
2026-02-04 11:25:00:912 [c4891baf][XCUITestDriver@97b8] Valid locator strategies for this request: xpath, id, name, class name, -ios predicate string, -ios class chain, accessibility id, css selector
2026-02-04 11:25:00:912 [c4891baf][XCUITestDriver@97b8] Waiting up to 0 ms for condition
2026-02-04 11:25:00:912 [c4891baf][XCUITestDriver@97b8] Matched '/element' to command name 'findElement'
2026-02-04 11:25:00:913 [c4891baf][XCUITestDriver@97b8] Proxying [POST /element] to [POST http://127.0.0.1:8100/session/B21BBBF2-DC52-479F-B45D-E1DFF1276168/element] with body: {"using":"name","value":"Home\nTab 1 of 5"}
2026-02-04 11:25:00:972 [c4891baf][XCUITestDriver@97b8] Got response with status 404: {"value":{"error":"no such element","message":"unable to find an element using 'name', value 'Home\nTab 1 of 5'","traceback":"(\n\t0   WebDriverAgentLib                   0x0000000116ad3462 FBNoSuchElementErrorResponseForRequest + 290\n\t1   WebDriverAgentLib                   0x0000000116ad3240 +[FBFindElementCommands handleFindElement:] + 352\n\t2   WebDriverAgentLib                   0x0000000116a92ccc -[FBRoute_TargetAction mountRequest:intoResponse:] + 172\n\t3   WebDriverAgentLib                   0x0000000116a79d99 __37-[FBWebServer registerRouteHandlers:]_block_invoke + 489\n\t4   WebDriverAgentLib                   0x0000000116ab5839 -[RoutingHTTPServer handleRoute:withRequest:response:] + 185\n\t5   WebDriverAgentLib                   0x0000000116ab6601 __72-[RoutingHTTPServer routeMethod:withPath:parameters:request:connection:]_block_invoke + 65\n\t6   libdispatch.dylib                   0x00007ff8026847ce _dispatch_client_callout + 6\n\t7   libdispatch.dylib                   0x00007ff80267a942...
2026-02-04 11:25:00:973 [c4891baf][W3C] Matched W3C error code 'no such element' to NoSuchElementError
2026-02-04 11:25:00:973 [c4891baf][XCUITestDriver@97b8] Encountered internal error running command: NoSuchElementError: An element could not be located on the page using the given search parameters.
    at XCUITestDriver.doNativeFind (/Users/meezotech/.appium/node_modules/appium-xcuitest-driver/lib/commands/find.ts:205:13)
    at processTicksAndRejections (node:internal/process/task_queues:103:5)
    at XCUITestDriver.findNativeElementOrElements (/Users/meezotech/.appium/node_modules/appium-xcuitest-driver/lib/commands/find.ts:130:7)
    at XCUITestDriver.findElOrEls (/Users/meezotech/.appium/node_modules/appium-xcuitest-driver/lib/commands/find.ts:54:7)
    at XCUITestDriver.findElOrElsWithProcessing (/usr/local/lib/node_modules/appium/node_modules/@appium/base-driver/lib/basedriver/commands/find.ts:60:12)
    at XCUITestDriver.findElement (/usr/local/lib/node_modules/appium/node_modules/@appium/base-driver/lib/basedriver/commands/find.ts:75:12)
2026-02-04 11:25:00:974 [c4891baf][HTTP] <-- POST /session/c4891baf-1e7f-45b1-a146-92876275d4b0/element 404 62 ms - 1010 
2026-02-04 11:25:01:476 [c4891baf][HTTP] --> POST /session/c4891baf-1e7f-45b1-a146-92876275d4b0/element {"using":"name","value":"Home\nTab 1 of 5"}
2026-02-04 11:25:01:477 [c4891baf][XCUITestDriver@97b8] Calling AppiumDriver.findElement() with args: ["name","Home\nTab 1 of 5","c4891baf-1e7f-45b1-a146-92876275d4b0"]
2026-02-04 11:25:01:477 [c4891baf][XCUITestDriver@97b8] Executing command 'findElement'
2026-02-04 11:25:01:477 [c4891baf][XCUITestDriver@97b8] Valid locator strategies for this request: xpath, id, name, class name, -ios predicate string, -ios class chain, accessibility id, css selector
2026-02-04 11:25:01:477 [c4891baf][XCUITestDriver@97b8] Waiting up to 0 ms for condition
2026-02-04 11:25:01:477 [c4891baf][XCUITestDriver@97b8] Matched '/element' to command name 'findElement'
2026-02-04 11:25:01:478 [c4891baf][XCUITestDriver@97b8] Proxying [POST /element] to [POST http://127.0.0.1:8100/session/B21BBBF2-DC52-479F-B45D-E1DFF1276168/element] with body: {"using":"name","value":"Home\nTab 1 of 5"}
2026-02-04 11:25:01:536 [c4891baf][XCUITestDriver@97b8] Got response with status 404: {"value":{"error":"no such element","message":"unable to find an element using 'name', value 'Home\nTab 1 of 5'","traceback":"(\n\t0   WebDriverAgentLib                   0x0000000116ad3462 FBNoSuchElementErrorResponseForRequest + 290\n\t1   WebDriverAgentLib                   0x0000000116ad3240 +[FBFindElementCommands handleFindElement:] + 352\n\t2   WebDriverAgentLib                   0x0000000116a92ccc -[FBRoute_TargetAction mountRequest:intoResponse:] + 172\n\t3   WebDriverAgentLib                   0x0000000116a79d99 __37-[FBWebServer registerRouteHandlers:]_block_invoke + 489\n\t4   WebDriverAgentLib                   0x0000000116ab5839 -[RoutingHTTPServer handleRoute:withRequest:response:] + 185\n\t5   WebDriverAgentLib                   0x0000000116ab6601 __72-[RoutingHTTPServer routeMethod:withPath:parameters:request:connection:]_block_invoke + 65\n\t6   libdispatch.dylib                   0x00007ff8026847ce _dispatch_client_callout + 6\n\t7   libdispatch.dylib                   0x00007ff80267a942...
2026-02-04 11:25:01:537 [c4891baf][W3C] Matched W3C error code 'no such element' to NoSuchElementError
2026-02-04 11:25:01:537 [c4891baf][XCUITestDriver@97b8] Encountered internal error running command: NoSuchElementError: An element could not be located on the page using the given search parameters.
    at XCUITestDriver.doNativeFind (/Users/meezotech/.appium/node_modules/appium-xcuitest-driver/lib/commands/find.ts:205:13)
    at processTicksAndRejections (node:internal/process/task_queues:103:5)
    at XCUITestDriver.findNativeElementOrElements (/Users/meezotech/.appium/node_modules/appium-xcuitest-driver/lib/commands/find.ts:130:7)
    at XCUITestDriver.findElOrEls (/Users/meezotech/.appium/node_modules/appium-xcuitest-driver/lib/commands/find.ts:54:7)
    at XCUITestDriver.findElOrElsWithProcessing (/usr/local/lib/node_modules/appium/node_modules/@appium/base-driver/lib/basedriver/commands/find.ts:60:12)
    at XCUITestDriver.findElement (/usr/local/lib/node_modules/appium/node_modules/@appium/base-driver/lib/basedriver/commands/find.ts:75:12)
2026-02-04 11:25:01:537 [c4891baf][HTTP] <-- POST /session/c4891baf-1e7f-45b1-a146-92876275d4b0/element 404 61 ms - 1010 
2026-02-04 11:25:02:043 [c4891baf][HTTP] --> POST /session/c4891baf-1e7f-45b1-a146-92876275d4b0/element {"using":"name","value":"Home\nTab 1 of 5"}
2026-02-04 11:25:02:043 [c4891baf][XCUITestDriver@97b8] Calling AppiumDriver.findElement() with args: ["name","Home\nTab 1 of 5","c4891baf-1e7f-45b1-a146-92876275d4b0"]
2026-02-04 11:25:02:044 [c4891baf][XCUITestDriver@97b8] Executing command 'findElement'
2026-02-04 11:25:02:044 [c4891baf][XCUITestDriver@97b8] Valid locator strategies for this request: xpath, id, name, class name, -ios predicate string, -ios class chain, accessibility id, css selector
2026-02-04 11:25:02:044 [c4891baf][XCUITestDriver@97b8] Waiting up to 0 ms for condition
2026-02-04 11:25:02:044 [c4891baf][XCUITestDriver@97b8] Matched '/element' to command name 'findElement'
2026-02-04 11:25:02:045 [c4891baf][XCUITestDriver@97b8] Proxying [POST /element] to [POST http://127.0.0.1:8100/session/B21BBBF2-DC52-479F-B45D-E1DFF1276168/element] with body: {"using":"name","value":"Home\nTab 1 of 5"}
2026-02-04 11:25:02:107 [c4891baf][XCUITestDriver@97b8] Got response with status 404: {"value":{"error":"no such element","message":"unable to find an element using 'name', value 'Home\nTab 1 of 5'","traceback":"(\n\t0   WebDriverAgentLib                   0x0000000116ad3462 FBNoSuchElementErrorResponseForRequest + 290\n\t1   WebDriverAgentLib                   0x0000000116ad3240 +[FBFindElementCommands handleFindElement:] + 352\n\t2   WebDriverAgentLib                   0x0000000116a92ccc -[FBRoute_TargetAction mountRequest:intoResponse:] + 172\n\t3   WebDriverAgentLib                   0x0000000116a79d99 __37-[FBWebServer registerRouteHandlers:]_block_invoke + 489\n\t4   WebDriverAgentLib                   0x0000000116ab5839 -[RoutingHTTPServer handleRoute:withRequest:response:] + 185\n\t5   WebDriverAgentLib                   0x0000000116ab6601 __72-[RoutingHTTPServer routeMethod:withPath:parameters:request:connection:]_block_invoke + 65\n\t6   libdispatch.dylib                   0x00007ff8026847ce _dispatch_client_callout + 6\n\t7   libdispatch.dylib                   0x00007ff80267a942...
2026-02-04 11:25:02:107 [c4891baf][W3C] Matched W3C error code 'no such element' to NoSuchElementError
2026-02-04 11:25:02:108 [c4891baf][XCUITestDriver@97b8] Encountered internal error running command: NoSuchElementError: An element could not be located on the page using the given search parameters.
    at XCUITestDriver.doNativeFind (/Users/meezotech/.appium/node_modules/appium-xcuitest-driver/lib/commands/find.ts:205:13)
    at processTicksAndRejections (node:internal/process/task_queues:103:5)
    at XCUITestDriver.findNativeElementOrElements (/Users/meezotech/.appium/node_modules/appium-xcuitest-driver/lib/commands/find.ts:130:7)
    at XCUITestDriver.findElOrEls (/Users/meezotech/.appium/node_modules/appium-xcuitest-driver/lib/commands/find.ts:54:7)
    at XCUITestDriver.findElOrElsWithProcessing (/usr/local/lib/node_modules/appium/node_modules/@appium/base-driver/lib/basedriver/commands/find.ts:60:12)
    at XCUITestDriver.findElement (/usr/local/lib/node_modules/appium/node_modules/@appium/base-driver/lib/basedriver/commands/find.ts:75:12)
2026-02-04 11:25:02:109 [c4891baf][HTTP] <-- POST /session/c4891baf-1e7f-45b1-a146-92876275d4b0/element 404 65 ms - 1010 
2026-02-04 11:25:02:614 [c4891baf][HTTP] --> POST /session/c4891baf-1e7f-45b1-a146-92876275d4b0/element {"using":"name","value":"Home\nTab 1 of 5"}
2026-02-04 11:25:02:615 [c4891baf][XCUITestDriver@97b8] Calling AppiumDriver.findElement() with args: ["name","Home\nTab 1 of 5","c4891baf-1e7f-45b1-a146-92876275d4b0"]
2026-02-04 11:25:02:615 [c4891baf][XCUITestDriver@97b8] Executing command 'findElement'
2026-02-04 11:25:02:615 [c4891baf][XCUITestDriver@97b8] Valid locator strategies for this request: xpath, id, name, class name, -ios predicate string, -ios class chain, accessibility id, css selector
2026-02-04 11:25:02:615 [c4891baf][XCUITestDriver@97b8] Waiting up to 0 ms for condition
2026-02-04 11:25:02:616 [c4891baf][XCUITestDriver@97b8] Matched '/element' to command name 'findElement'
2026-02-04 11:25:02:616 [c4891baf][XCUITestDriver@97b8] Proxying [POST /element] to [POST http://127.0.0.1:8100/session/B21BBBF2-DC52-479F-B45D-E1DFF1276168/element] with body: {"using":"name","value":"Home\nTab 1 of 5"}
2026-02-04 11:25:02:672 [c4891baf][XCUITestDriver@97b8] Got response with status 404: {"value":{"error":"no such element","message":"unable to find an element using 'name', value 'Home\nTab 1 of 5'","traceback":"(\n\t0   WebDriverAgentLib                   0x0000000116ad3462 FBNoSuchElementErrorResponseForRequest + 290\n\t1   WebDriverAgentLib                   0x0000000116ad3240 +[FBFindElementCommands handleFindElement:] + 352\n\t2   WebDriverAgentLib                   0x0000000116a92ccc -[FBRoute_TargetAction mountRequest:intoResponse:] + 172\n\t3   WebDriverAgentLib                   0x0000000116a79d99 __37-[FBWebServer registerRouteHandlers:]_block_invoke + 489\n\t4   WebDriverAgentLib                   0x0000000116ab5839 -[RoutingHTTPServer handleRoute:withRequest:response:] + 185\n\t5   WebDriverAgentLib                   0x0000000116ab6601 __72-[RoutingHTTPServer routeMethod:withPath:parameters:request:connection:]_block_invoke + 65\n\t6   libdispatch.dylib                   0x00007ff8026847ce _dispatch_client_callout + 6\n\t7   libdispatch.dylib                   0x00007ff80267a942...
2026-02-04 11:25:02:673 [c4891baf][W3C] Matched W3C error code 'no such element' to NoSuchElementError
2026-02-04 11:25:02:674 [c4891baf][XCUITestDriver@97b8] Encountered internal error running command: NoSuchElementError: An element could not be located on the page using the given search parameters.
    at XCUITestDriver.doNativeFind (/Users/meezotech/.appium/node_modules/appium-xcuitest-driver/lib/commands/find.ts:205:13)
    at processTicksAndRejections (node:internal/process/task_queues:103:5)
    at XCUITestDriver.findNativeElementOrElements (/Users/meezotech/.appium/node_modules/appium-xcuitest-driver/lib/commands/find.ts:130:7)
    at XCUITestDriver.findElOrEls (/Users/meezotech/.appium/node_modules/appium-xcuitest-driver/lib/commands/find.ts:54:7)
    at XCUITestDriver.findElOrElsWithProcessing (/usr/local/lib/node_modules/appium/node_modules/@appium/base-driver/lib/basedriver/commands/find.ts:60:12)
    at XCUITestDriver.findElement (/usr/local/lib/node_modules/appium/node_modules/@appium/base-driver/lib/basedriver/commands/find.ts:75:12)
2026-02-04 11:25:02:674 [c4891baf][HTTP] <-- POST /session/c4891baf-1e7f-45b1-a146-92876275d4b0/element 404 60 ms - 1010 
2026-02-04 11:25:03:178 [c4891baf][HTTP] --> POST /session/c4891baf-1e7f-45b1-a146-92876275d4b0/element {"using":"name","value":"Home\nTab 1 of 5"}
2026-02-04 11:25:03:178 [c4891baf][XCUITestDriver@97b8] Calling AppiumDriver.findElement() with args: ["name","Home\nTab 1 of 5","c4891baf-1e7f-45b1-a146-92876275d4b0"]
2026-02-04 11:25:03:178 [c4891baf][XCUITestDriver@97b8] Executing command 'findElement'
2026-02-04 11:25:03:178 [c4891baf][XCUITestDriver@97b8] Valid locator strategies for this request: xpath, id, name, class name, -ios predicate string, -ios class chain, accessibility id, css selector
2026-02-04 11:25:03:178 [c4891baf][XCUITestDriver@97b8] Waiting up to 0 ms for condition
2026-02-04 11:25:03:179 [c4891baf][XCUITestDriver@97b8] Matched '/element' to command name 'findElement'
2026-02-04 11:25:03:179 [c4891baf][XCUITestDriver@97b8] Proxying [POST /element] to [POST http://127.0.0.1:8100/session/B21BBBF2-DC52-479F-B45D-E1DFF1276168/element] with body: {"using":"name","value":"Home\nTab 1 of 5"}
2026-02-04 11:25:03:236 [c4891baf][XCUITestDriver@97b8] Got response with status 404: {"value":{"error":"no such element","message":"unable to find an element using 'name', value 'Home\nTab 1 of 5'","traceback":"(\n\t0   WebDriverAgentLib                   0x0000000116ad3462 FBNoSuchElementErrorResponseForRequest + 290\n\t1   WebDriverAgentLib                   0x0000000116ad3240 +[FBFindElementCommands handleFindElement:] + 352\n\t2   WebDriverAgentLib                   0x0000000116a92ccc -[FBRoute_TargetAction mountRequest:intoResponse:] + 172\n\t3   WebDriverAgentLib                   0x0000000116a79d99 __37-[FBWebServer registerRouteHandlers:]_block_invoke + 489\n\t4   WebDriverAgentLib                   0x0000000116ab5839 -[RoutingHTTPServer handleRoute:withRequest:response:] + 185\n\t5   WebDriverAgentLib                   0x0000000116ab6601 __72-[RoutingHTTPServer routeMethod:withPath:parameters:request:connection:]_block_invoke + 65\n\t6   libdispatch.dylib                   0x00007ff8026847ce _dispatch_client_callout + 6\n\t7   libdispatch.dylib                   0x00007ff80267a942...
2026-02-04 11:25:03:237 [c4891baf][W3C] Matched W3C error code 'no such element' to NoSuchElementError
2026-02-04 11:25:03:238 [c4891baf][XCUITestDriver@97b8] Encountered internal error running command: NoSuchElementError: An element could not be located on the page using the given search parameters.
    at XCUITestDriver.doNativeFind (/Users/meezotech/.appium/node_modules/appium-xcuitest-driver/lib/commands/find.ts:205:13)
    at processTicksAndRejections (node:internal/process/task_queues:103:5)
    at XCUITestDriver.findNativeElementOrElements (/Users/meezotech/.appium/node_modules/appium-xcuitest-driver/lib/commands/find.ts:130:7)
    at XCUITestDriver.findElOrEls (/Users/meezotech/.appium/node_modules/appium-xcuitest-driver/lib/commands/find.ts:54:7)
    at XCUITestDriver.findElOrElsWithProcessing (/usr/local/lib/node_modules/appium/node_modules/@appium/base-driver/lib/basedriver/commands/find.ts:60:12)
    at XCUITestDriver.findElement (/usr/local/lib/node_modules/appium/node_modules/@appium/base-driver/lib/basedriver/commands/find.ts:75:12)
2026-02-04 11:25:03:238 [c4891baf][HTTP] <-- POST /session/c4891baf-1e7f-45b1-a146-92876275d4b0/element 404 60 ms - 1010 
2026-02-04 11:25:03:741 [c4891baf][HTTP] --> POST /session/c4891baf-1e7f-45b1-a146-92876275d4b0/element {"using":"name","value":"Home\nTab 1 of 5"}
2026-02-04 11:25:03:742 [c4891baf][XCUITestDriver@97b8] Calling AppiumDriver.findElement() with args: ["name","Home\nTab 1 of 5","c4891baf-1e7f-45b1-a146-92876275d4b0"]
2026-02-04 11:25:03:742 [c4891baf][XCUITestDriver@97b8] Executing command 'findElement'
2026-02-04 11:25:03:742 [c4891baf][XCUITestDriver@97b8] Valid locator strategies for this request: xpath, id, name, class name, -ios predicate string, -ios class chain, accessibility id, css selector
2026-02-04 11:25:03:742 [c4891baf][XCUITestDriver@97b8] Waiting up to 0 ms for condition
2026-02-04 11:25:03:742 [c4891baf][XCUITestDriver@97b8] Matched '/element' to command name 'findElement'
2026-02-04 11:25:03:742 [c4891baf][XCUITestDriver@97b8] Proxying [POST /element] to [POST http://127.0.0.1:8100/session/B21BBBF2-DC52-479F-B45D-E1DFF1276168/element] with body: {"using":"name","value":"Home\nTab 1 of 5"}
2026-02-04 11:25:03:802 [c4891baf][XCUITestDriver@97b8] Got response with status 404: {"value":{"error":"no such element","message":"unable to find an element using 'name', value 'Home\nTab 1 of 5'","traceback":"(\n\t0   WebDriverAgentLib                   0x0000000116ad3462 FBNoSuchElementErrorResponseForRequest + 290\n\t1   WebDriverAgentLib                   0x0000000116ad3240 +[FBFindElementCommands handleFindElement:] + 352\n\t2   WebDriverAgentLib                   0x0000000116a92ccc -[FBRoute_TargetAction mountRequest:intoResponse:] + 172\n\t3   WebDriverAgentLib                   0x0000000116a79d99 __37-[FBWebServer registerRouteHandlers:]_block_invoke + 489\n\t4   WebDriverAgentLib                   0x0000000116ab5839 -[RoutingHTTPServer handleRoute:withRequest:response:] + 185\n\t5   WebDriverAgentLib                   0x0000000116ab6601 __72-[RoutingHTTPServer routeMethod:withPath:parameters:request:connection:]_block_invoke + 65\n\t6   libdispatch.dylib                   0x00007ff8026847ce _dispatch_client_callout + 6\n\t7   libdispatch.dylib                   0x00007ff80267a942...
2026-02-04 11:25:03:803 [c4891baf][W3C] Matched W3C error code 'no such element' to NoSuchElementError
2026-02-04 11:25:03:804 [c4891baf][XCUITestDriver@97b8] Encountered internal error running command: NoSuchElementError: An element could not be located on the page using the given search parameters.
    at XCUITestDriver.doNativeFind (/Users/meezotech/.appium/node_modules/appium-xcuitest-driver/lib/commands/find.ts:205:13)
    at processTicksAndRejections (node:internal/process/task_queues:103:5)
    at XCUITestDriver.findNativeElementOrElements (/Users/meezotech/.appium/node_modules/appium-xcuitest-driver/lib/commands/find.ts:130:7)
    at XCUITestDriver.findElOrEls (/Users/meezotech/.appium/node_modules/appium-xcuitest-driver/lib/commands/find.ts:54:7)
    at XCUITestDriver.findElOrElsWithProcessing (/usr/local/lib/node_modules/appium/node_modules/@appium/base-driver/lib/basedriver/commands/find.ts:60:12)
    at XCUITestDriver.findElement (/usr/local/lib/node_modules/appium/node_modules/@appium/base-driver/lib/basedriver/commands/find.ts:75:12)
2026-02-04 11:25:03:804 [c4891baf][HTTP] <-- POST /session/c4891baf-1e7f-45b1-a146-92876275d4b0/element 404 63 ms - 1010 
2026-02-04 11:25:03:805 [c4891baf][HTTP] --> POST /session/c4891baf-1e7f-45b1-a146-92876275d4b0/element {"using":"name","value":"XXXXXXXXX"}
2026-02-04 11:25:03:805 [c4891baf][XCUITestDriver@97b8] Calling AppiumDriver.findElement() with args: ["name","XXXXXXXXX","c4891baf-1e7f-45b1-a146-92876275d4b0"]
2026-02-04 11:25:03:806 [c4891baf][XCUITestDriver@97b8] Executing command 'findElement'
2026-02-04 11:25:03:806 [c4891baf][XCUITestDriver@97b8] Valid locator strategies for this request: xpath, id, name, class name, -ios predicate string, -ios class chain, accessibility id, css selector
2026-02-04 11:25:03:806 [c4891baf][XCUITestDriver@97b8] Waiting up to 0 ms for condition
2026-02-04 11:25:03:806 [c4891baf][XCUITestDriver@97b8] Matched '/element' to command name 'findElement'
2026-02-04 11:25:03:806 [c4891baf][XCUITestDriver@97b8] Proxying [POST /element] to [POST http://127.0.0.1:8100/session/B21BBBF2-DC52-479F-B45D-E1DFF1276168/element] with body: {"using":"name","value":"XXXXXXXXX"}
2026-02-04 11:25:03:935 [c4891baf][XCUITestDriver@97b8] Got response with status 200: {"value":{"ELEMENT":"37000000-0000-0000-3301-010000000000","element-6066-11e4-a52e-4f735466cecf":"37000000-0000-0000-3301-010000000000"},"sessionId":"B21BBBF2-DC52-479F-B45D-E1DFF1276168"}
2026-02-04 11:25:03:935 [c4891baf][XCUITestDriver@97b8] Responding to client with driver.findElement() result: {"element-6066-11e4-a52e-4f735466cecf":"37000000-0000-0000-3301-010000000000","ELEMENT":"37000000-0000-0000-3301-010000000000"}
2026-02-04 11:25:03:935 [c4891baf][HTTP] <-- POST /session/c4891baf-1e7f-45b1-a146-92876275d4b0/element 200 130 ms - 137 
2026-02-04 11:25:03:936 [c4891baf][HTTP] --> GET /session/c4891baf-1e7f-45b1-a146-92876275d4b0/element/37000000-0000-0000-3301-010000000000/displayed 
2026-02-04 11:25:03:937 [c4891baf][XCUITestDriver@97b8] Driver proxy active, passing request on via HTTP proxy
2026-02-04 11:25:03:937 [c4891baf][XCUITestDriver@97b8] Executing command 'proxyReqRes'
2026-02-04 11:25:03:938 [c4891baf][XCUITestDriver@97b8] Matched '/session/c4891baf-1e7f-45b1-a146-92876275d4b0/element/37000000-0000-0000-3301-010000000000/displayed' to command name 'elementDisplayed'
2026-02-04 11:25:03:938 [c4891baf][XCUITestDriver@97b8] Proxying [GET /session/c4891baf-1e7f-45b1-a146-92876275d4b0/element/37000000-0000-0000-3301-010000000000/displayed] to [GET http://127.0.0.1:8100/session/B21BBBF2-DC52-479F-B45D-E1DFF1276168/element/37000000-0000-0000-3301-010000000000/displayed] with no body
2026-02-04 11:25:04:004 [c4891baf][XCUITestDriver@97b8] Got response with status 200: {"value":true,"sessionId":"B21BBBF2-DC52-479F-B45D-E1DFF1276168"}
2026-02-04 11:25:04:004 [c4891baf][XCUITestDriver@97b8] Replacing sessionId B21BBBF2-DC52-479F-B45D-E1DFF1276168 with c4891baf-1e7f-45b1-a146-92876275d4b0
2026-02-04 11:25:04:004 [c4891baf][HTTP] <-- GET /session/c4891baf-1e7f-45b1-a146-92876275d4b0/element/37000000-0000-0000-3301-010000000000/displayed 200 68 ms - 14 
2026-02-04 11:25:04:006 [c4891baf][HTTP] --> POST /session/c4891baf-1e7f-45b1-a146-92876275d4b0/element/37000000-0000-0000-3301-010000000000/clear {}
2026-02-04 11:25:04:006 [c4891baf][XCUITestDriver@97b8] Calling AppiumDriver.clear() with args: ["37000000-0000-0000-3301-010000000000","c4891baf-1e7f-45b1-a146-92876275d4b0"]
2026-02-04 11:25:04:006 [c4891baf][XCUITestDriver@97b8] Executing command 'clear'
2026-02-04 11:25:04:008 [c4891baf][XCUITestDriver@97b8] Matched '/element/37000000-0000-0000-3301-010000000000/clear' to command name 'clear'
2026-02-04 11:25:04:008 [c4891baf][XCUITestDriver@97b8] Proxying [POST /element/37000000-0000-0000-3301-010000000000/clear] to [POST http://127.0.0.1:8100/session/B21BBBF2-DC52-479F-B45D-E1DFF1276168/element/37000000-0000-0000-3301-010000000000/clear] with no body
2026-02-04 11:25:04:067 [c4891baf][XCUITestDriver@97b8] Got response with status 200: {"value":null,"sessionId":"B21BBBF2-DC52-479F-B45D-E1DFF1276168"}
2026-02-04 11:25:04:068 [c4891baf][XCUITestDriver@97b8] Responding to client with driver.clear() result: null
2026-02-04 11:25:04:068 [c4891baf][HTTP] <-- POST /session/c4891baf-1e7f-45b1-a146-92876275d4b0/element/37000000-0000-0000-3301-010000000000/clear 200 62 ms - 14 
2026-02-04 11:25:04:070 [c4891baf][HTTP] --> POST /session/c4891baf-1e7f-45b1-a146-92876275d4b0/element/37000000-0000-0000-3301-010000000000/value {"text":"566675604","value":["5","6","6","6","7","5","6","0","4"]}
2026-02-04 11:25:04:070 [c4891baf][BaseDriver] The following arguments are not known and will be ignored: value
2026-02-04 11:25:04:070 [c4891baf][XCUITestDriver@97b8] Calling AppiumDriver.setValue() with args: ["566675604","37000000-0000-0000-3301-010000000000","c4891baf-1e7f-45b1-a146-92876275d4b0"]
2026-02-04 11:25:04:070 [c4891baf][XCUITestDriver@97b8] Executing command 'setValue'
2026-02-04 11:25:04:072 [c4891baf][XCUITestDriver@97b8] Matched '/element/37000000-0000-0000-3301-010000000000/value' to command name 'setValue'
2026-02-04 11:25:04:072 [c4891baf][XCUITestDriver@97b8] Added 'text' property to 'setValue' request body
2026-02-04 11:25:04:072 [c4891baf][XCUITestDriver@97b8] Proxying [POST /element/37000000-0000-0000-3301-010000000000/value] to [POST http://127.0.0.1:8100/session/B21BBBF2-DC52-479F-B45D-E1DFF1276168/element/37000000-0000-0000-3301-010000000000/value] with body: {"value":["5","6","6","6","7","5","6","0","4"],"text":"566675604"}
2026-02-04 11:25:05:565 [c4891baf][XCUITestDriver@97b8] Got response with status 200: {"value":null,"sessionId":"B21BBBF2-DC52-479F-B45D-E1DFF1276168"}
2026-02-04 11:25:05:565 [c4891baf][XCUITestDriver@97b8] Responding to client with driver.setValue() result: null
2026-02-04 11:25:05:566 [c4891baf][HTTP] <-- POST /session/c4891baf-1e7f-45b1-a146-92876275d4b0/element/37000000-0000-0000-3301-010000000000/value 200 1496 ms - 14 
2026-02-04 11:25:05:567 [c4891baf][HTTP] --> POST /session/c4891baf-1e7f-45b1-a146-92876275d4b0/element {"using":"name","value":"Your name"}
2026-02-04 11:25:05:568 [c4891baf][XCUITestDriver@97b8] Calling AppiumDriver.findElement() with args: ["name","Your name","c4891baf-1e7f-45b1-a146-92876275d4b0"]
2026-02-04 11:25:05:568 [c4891baf][XCUITestDriver@97b8] Executing command 'findElement'
2026-02-04 11:25:05:568 [c4891baf][XCUITestDriver@97b8] Valid locator strategies for this request: xpath, id, name, class name, -ios predicate string, -ios class chain, accessibility id, css selector
2026-02-04 11:25:05:568 [c4891baf][XCUITestDriver@97b8] Waiting up to 0 ms for condition
2026-02-04 11:25:05:568 [c4891baf][XCUITestDriver@97b8] Matched '/element' to command name 'findElement'
2026-02-04 11:25:05:569 [c4891baf][XCUITestDriver@97b8] Proxying [POST /element] to [POST http://127.0.0.1:8100/session/B21BBBF2-DC52-479F-B45D-E1DFF1276168/element] with body: {"using":"name","value":"Your name"}
2026-02-04 11:25:05:753 [c4891baf][XCUITestDriver@97b8] Got response with status 404: {"value":{"error":"no such element","message":"unable to find an element using 'name', value 'Your name'","traceback":"(\n\t0   WebDriverAgentLib                   0x0000000116ad3462 FBNoSuchElementErrorResponseForRequest + 290\n\t1   WebDriverAgentLib                   0x0000000116ad3240 +[FBFindElementCommands handleFindElement:] + 352\n\t2   WebDriverAgentLib                   0x0000000116a92ccc -[FBRoute_TargetAction mountRequest:intoResponse:] + 172\n\t3   WebDriverAgentLib                   0x0000000116a79d99 __37-[FBWebServer registerRouteHandlers:]_block_invoke + 489\n\t4   WebDriverAgentLib                   0x0000000116ab5839 -[RoutingHTTPServer handleRoute:withRequest:response:] + 185\n\t5   WebDriverAgentLib                   0x0000000116ab6601 __72-[RoutingHTTPServer routeMethod:withPath:parameters:request:connection:]_block_invoke + 65\n\t6   libdispatch.dylib                   0x00007ff8026847ce _dispatch_client_callout + 6\n\t7   libdispatch.dylib                   0x00007ff80267a942 _dispa...
2026-02-04 11:25:05:754 [c4891baf][W3C] Matched W3C error code 'no such element' to NoSuchElementError
2026-02-04 11:25:05:754 [c4891baf][XCUITestDriver@97b8] Encountered internal error running command: NoSuchElementError: An element could not be located on the page using the given search parameters.
    at XCUITestDriver.doNativeFind (/Users/meezotech/.appium/node_modules/appium-xcuitest-driver/lib/commands/find.ts:205:13)
    at processTicksAndRejections (node:internal/process/task_queues:103:5)
    at XCUITestDriver.findNativeElementOrElements (/Users/meezotech/.appium/node_modules/appium-xcuitest-driver/lib/commands/find.ts:130:7)
    at XCUITestDriver.findElOrEls (/Users/meezotech/.appium/node_modules/appium-xcuitest-driver/lib/commands/find.ts:54:7)
    at XCUITestDriver.findElOrElsWithProcessing (/usr/local/lib/node_modules/appium/node_modules/@appium/base-driver/lib/basedriver/commands/find.ts:60:12)
    at XCUITestDriver.findElement (/usr/local/lib/node_modules/appium/node_modules/@appium/base-driver/lib/basedriver/commands/find.ts:75:12)
2026-02-04 11:25:05:754 [c4891baf][HTTP] <-- POST /session/c4891baf-1e7f-45b1-a146-92876275d4b0/element 404 187 ms - 1010 
2026-02-04 11:25:06:259 [c4891baf][HTTP] --> POST /session/c4891baf-1e7f-45b1-a146-92876275d4b0/element {"using":"name","value":"Your name"}
2026-02-04 11:25:06:259 [c4891baf][XCUITestDriver@97b8] Calling AppiumDriver.findElement() with args: ["name","Your name","c4891baf-1e7f-45b1-a146-92876275d4b0"]
2026-02-04 11:25:06:259 [c4891baf][XCUITestDriver@97b8] Executing command 'findElement'
2026-02-04 11:25:06:259 [c4891baf][XCUITestDriver@97b8] Valid locator strategies for this request: xpath, id, name, class name, -ios predicate string, -ios class chain, accessibility id, css selector
2026-02-04 11:25:06:259 [c4891baf][XCUITestDriver@97b8] Waiting up to 0 ms for condition
2026-02-04 11:25:06:259 [c4891baf][XCUITestDriver@97b8] Matched '/element' to command name 'findElement'
2026-02-04 11:25:06:260 [c4891baf][XCUITestDriver@97b8] Proxying [POST /element] to [POST http://127.0.0.1:8100/session/B21BBBF2-DC52-479F-B45D-E1DFF1276168/element] with body: {"using":"name","value":"Your name"}
2026-02-04 11:25:06:295 [c4891baf][XCUITestDriver@97b8] Got response with status 404: {"value":{"error":"no such element","message":"unable to find an element using 'name', value 'Your name'","traceback":"(\n\t0   WebDriverAgentLib                   0x0000000116ad3462 FBNoSuchElementErrorResponseForRequest + 290\n\t1   WebDriverAgentLib                   0x0000000116ad3240 +[FBFindElementCommands handleFindElement:] + 352\n\t2   WebDriverAgentLib                   0x0000000116a92ccc -[FBRoute_TargetAction mountRequest:intoResponse:] + 172\n\t3   WebDriverAgentLib                   0x0000000116a79d99 __37-[FBWebServer registerRouteHandlers:]_block_invoke + 489\n\t4   WebDriverAgentLib                   0x0000000116ab5839 -[RoutingHTTPServer handleRoute:withRequest:response:] + 185\n\t5   WebDriverAgentLib                   0x0000000116ab6601 __72-[RoutingHTTPServer routeMethod:withPath:parameters:request:connection:]_block_invoke + 65\n\t6   libdispatch.dylib                   0x00007ff8026847ce _dispatch_client_callout + 6\n\t7   libdispatch.dylib                   0x00007ff80267a942 _dispa...
2026-02-04 11:25:06:296 [c4891baf][W3C] Matched W3C error code 'no such element' to NoSuchElementError
2026-02-04 11:25:06:296 [c4891baf][XCUITestDriver@97b8] Encountered internal error running command: NoSuchElementError: An element could not be located on the page using the given search parameters.
    at XCUITestDriver.doNativeFind (/Users/meezotech/.appium/node_modules/appium-xcuitest-driver/lib/commands/find.ts:205:13)
    at processTicksAndRejections (node:internal/process/task_queues:103:5)
    at XCUITestDriver.findNativeElementOrElements (/Users/meezotech/.appium/node_modules/appium-xcuitest-driver/lib/commands/find.ts:130:7)
    at XCUITestDriver.findElOrEls (/Users/meezotech/.appium/node_modules/appium-xcuitest-driver/lib/commands/find.ts:54:7)
    at XCUITestDriver.findElOrElsWithProcessing (/usr/local/lib/node_modules/appium/node_modules/@appium/base-driver/lib/basedriver/commands/find.ts:60:12)
    at XCUITestDriver.findElement (/usr/local/lib/node_modules/appium/node_modules/@appium/base-driver/lib/basedriver/commands/find.ts:75:12)
2026-02-04 11:25:06:297 [c4891baf][HTTP] <-- POST /session/c4891baf-1e7f-45b1-a146-92876275d4b0/element 404 38 ms - 1010 
2026-02-04 11:25:06:803 [c4891baf][HTTP] --> POST /session/c4891baf-1e7f-45b1-a146-92876275d4b0/element {"using":"name","value":"Your name"}
2026-02-04 11:25:06:804 [c4891baf][XCUITestDriver@97b8] Calling AppiumDriver.findElement() with args: ["name","Your name","c4891baf-1e7f-45b1-a146-92876275d4b0"]
2026-02-04 11:25:06:804 [c4891baf][XCUITestDriver@97b8] Executing command 'findElement'
2026-02-04 11:25:06:804 [c4891baf][XCUITestDriver@97b8] Valid locator strategies for this request: xpath, id, name, class name, -ios predicate string, -ios class chain, accessibility id, css selector
2026-02-04 11:25:06:804 [c4891baf][XCUITestDriver@97b8] Waiting up to 0 ms for condition
2026-02-04 11:25:06:804 [c4891baf][XCUITestDriver@97b8] Matched '/element' to command name 'findElement'
2026-02-04 11:25:06:804 [c4891baf][XCUITestDriver@97b8] Proxying [POST /element] to [POST http://127.0.0.1:8100/session/B21BBBF2-DC52-479F-B45D-E1DFF1276168/element] with body: {"using":"name","value":"Your name"}
2026-02-04 11:25:07:144 [c4891baf][XCUITestDriver@97b8] Got response with status 200: {"value":{"ELEMENT":"78000000-0000-0000-3301-010000000000","element-6066-11e4-a52e-4f735466cecf":"78000000-0000-0000-3301-010000000000"},"sessionId":"B21BBBF2-DC52-479F-B45D-E1DFF1276168"}
2026-02-04 11:25:07:145 [c4891baf][XCUITestDriver@97b8] Responding to client with driver.findElement() result: {"element-6066-11e4-a52e-4f735466cecf":"78000000-0000-0000-3301-010000000000","ELEMENT":"78000000-0000-0000-3301-010000000000"}
2026-02-04 11:25:07:145 [c4891baf][HTTP] <-- POST /session/c4891baf-1e7f-45b1-a146-92876275d4b0/element 200 342 ms - 137 
2026-02-04 11:25:07:148 [c4891baf][HTTP] --> GET /session/c4891baf-1e7f-45b1-a146-92876275d4b0/element/78000000-0000-0000-3301-010000000000/displayed 
2026-02-04 11:25:07:148 [c4891baf][XCUITestDriver@97b8] Driver proxy active, passing request on via HTTP proxy
2026-02-04 11:25:07:148 [c4891baf][XCUITestDriver@97b8] Executing command 'proxyReqRes'
2026-02-04 11:25:07:149 [c4891baf][XCUITestDriver@97b8] Matched '/session/c4891baf-1e7f-45b1-a146-92876275d4b0/element/78000000-0000-0000-3301-010000000000/displayed' to command name 'elementDisplayed'
2026-02-04 11:25:07:149 [c4891baf][XCUITestDriver@97b8] Proxying [GET /session/c4891baf-1e7f-45b1-a146-92876275d4b0/element/78000000-0000-0000-3301-010000000000/displayed] to [GET http://127.0.0.1:8100/session/B21BBBF2-DC52-479F-B45D-E1DFF1276168/element/78000000-0000-0000-3301-010000000000/displayed] with no body
2026-02-04 11:25:07:286 [c4891baf][XCUITestDriver@97b8] Got response with status 200: {"value":true,"sessionId":"B21BBBF2-DC52-479F-B45D-E1DFF1276168"}
2026-02-04 11:25:07:286 [c4891baf][XCUITestDriver@97b8] Replacing sessionId B21BBBF2-DC52-479F-B45D-E1DFF1276168 with c4891baf-1e7f-45b1-a146-92876275d4b0
2026-02-04 11:25:07:286 [c4891baf][HTTP] <-- GET /session/c4891baf-1e7f-45b1-a146-92876275d4b0/element/78000000-0000-0000-3301-010000000000/displayed 200 139 ms - 14 
2026-02-04 11:25:07:289 [c4891baf][HTTP] --> POST /session/c4891baf-1e7f-45b1-a146-92876275d4b0/element/78000000-0000-0000-3301-010000000000/value {"text":"ليم","value":["ل","ي","م"]}
2026-02-04 11:25:07:289 [c4891baf][BaseDriver] The following arguments are not known and will be ignored: value
2026-02-04 11:25:07:289 [c4891baf][XCUITestDriver@97b8] Calling AppiumDriver.setValue() with args: ["ليم","78000000-0000-0000-3301-010000000000","c4891baf-1e7f-45b1-a146-92876275d4b0"]
2026-02-04 11:25:07:289 [c4891baf][XCUITestDriver@97b8] Executing command 'setValue'
2026-02-04 11:25:07:290 [c4891baf][XCUITestDriver@97b8] Matched '/element/78000000-0000-0000-3301-010000000000/value' to command name 'setValue'
2026-02-04 11:25:07:291 [c4891baf][XCUITestDriver@97b8] Added 'text' property to 'setValue' request body
2026-02-04 11:25:07:291 [c4891baf][XCUITestDriver@97b8] Proxying [POST /element/78000000-0000-0000-3301-010000000000/value] to [POST http://127.0.0.1:8100/session/B21BBBF2-DC52-479F-B45D-E1DFF1276168/element/78000000-0000-0000-3301-010000000000/value] with body: {"value":["ل","ي","م"],"text":"ليم"}
2026-02-04 11:25:08:444 [c4891baf][XCUITestDriver@97b8] Got response with status 200: {"value":null,"sessionId":"B21BBBF2-DC52-479F-B45D-E1DFF1276168"}
2026-02-04 11:25:08:444 [c4891baf][XCUITestDriver@97b8] Responding to client with driver.setValue() result: null
2026-02-04 11:25:08:445 [c4891baf][HTTP] <-- POST /session/c4891baf-1e7f-45b1-a146-92876275d4b0/element/78000000-0000-0000-3301-010000000000/value 200 1157 ms - 14 
2026-02-04 11:25:08:447 [c4891baf][HTTP] --> POST /session/c4891baf-1e7f-45b1-a146-92876275d4b0/element {"using":"name","value":"Your last name"}
2026-02-04 11:25:08:447 [c4891baf][XCUITestDriver@97b8] Calling AppiumDriver.findElement() with args: ["name","Your last name","c4891baf-1e7f-45b1-a146-92876275d4b0"]
2026-02-04 11:25:08:447 [c4891baf][XCUITestDriver@97b8] Executing command 'findElement'
2026-02-04 11:25:08:447 [c4891baf][XCUITestDriver@97b8] Valid locator strategies for this request: xpath, id, name, class name, -ios predicate string, -ios class chain, accessibility id, css selector
2026-02-04 11:25:08:447 [c4891baf][XCUITestDriver@97b8] Waiting up to 0 ms for condition
2026-02-04 11:25:08:448 [c4891baf][XCUITestDriver@97b8] Matched '/element' to command name 'findElement'
2026-02-04 11:25:08:448 [c4891baf][XCUITestDriver@97b8] Proxying [POST /element] to [POST http://127.0.0.1:8100/session/B21BBBF2-DC52-479F-B45D-E1DFF1276168/element] with body: {"using":"name","value":"Your last name"}
2026-02-04 11:25:08:845 [c4891baf][XCUITestDriver@97b8] Got response with status 200: {"value":{"ELEMENT":"7A000000-0000-0000-3301-010000000000","element-6066-11e4-a52e-4f735466cecf":"7A000000-0000-0000-3301-010000000000"},"sessionId":"B21BBBF2-DC52-479F-B45D-E1DFF1276168"}
2026-02-04 11:25:08:846 [c4891baf][XCUITestDriver@97b8] Responding to client with driver.findElement() result: {"element-6066-11e4-a52e-4f735466cecf":"7A000000-0000-0000-3301-010000000000","ELEMENT":"7A000000-0000-0000-3301-010000000000"}
2026-02-04 11:25:08:846 [c4891baf][HTTP] <-- POST /session/c4891baf-1e7f-45b1-a146-92876275d4b0/element 200 399 ms - 137 
2026-02-04 11:25:08:847 [c4891baf][HTTP] --> GET /session/c4891baf-1e7f-45b1-a146-92876275d4b0/element/7A000000-0000-0000-3301-010000000000/displayed 
2026-02-04 11:25:08:848 [c4891baf][XCUITestDriver@97b8] Driver proxy active, passing request on via HTTP proxy
2026-02-04 11:25:08:848 [c4891baf][XCUITestDriver@97b8] Executing command 'proxyReqRes'
2026-02-04 11:25:08:848 [c4891baf][XCUITestDriver@97b8] Matched '/session/c4891baf-1e7f-45b1-a146-92876275d4b0/element/7A000000-0000-0000-3301-010000000000/displayed' to command name 'elementDisplayed'
2026-02-04 11:25:08:848 [c4891baf][XCUITestDriver@97b8] Proxying [GET /session/c4891baf-1e7f-45b1-a146-92876275d4b0/element/7A000000-0000-0000-3301-010000000000/displayed] to [GET http://127.0.0.1:8100/session/B21BBBF2-DC52-479F-B45D-E1DFF1276168/element/7A000000-0000-0000-3301-010000000000/displayed] with no body
2026-02-04 11:25:08:990 [c4891baf][XCUITestDriver@97b8] Got response with status 200: {"value":true,"sessionId":"B21BBBF2-DC52-479F-B45D-E1DFF1276168"}
2026-02-04 11:25:08:990 [c4891baf][XCUITestDriver@97b8] Replacing sessionId B21BBBF2-DC52-479F-B45D-E1DFF1276168 with c4891baf-1e7f-45b1-a146-92876275d4b0
2026-02-04 11:25:08:990 [c4891baf][HTTP] <-- GET /session/c4891baf-1e7f-45b1-a146-92876275d4b0/element/7A000000-0000-0000-3301-010000000000/displayed 200 143 ms - 14 
2026-02-04 11:25:08:992 [c4891baf][HTTP] --> POST /session/c4891baf-1e7f-45b1-a146-92876275d4b0/element/7A000000-0000-0000-3301-010000000000/value {"text":"آل مقطة","value":["آ","ل"," ","م","ق","ط","ة"]}
2026-02-04 11:25:08:992 [c4891baf][BaseDriver] The following arguments are not known and will be ignored: value
2026-02-04 11:25:08:993 [c4891baf][XCUITestDriver@97b8] Calling AppiumDriver.setValue() with args: ["آل مقطة","7A000000-0000-0000-3301-010000000000","c4891baf-1e7f-45b1-a146-92876275d4b0"]
2026-02-04 11:25:08:993 [c4891baf][XCUITestDriver@97b8] Executing command 'setValue'
2026-02-04 11:25:08:994 [c4891baf][XCUITestDriver@97b8] Matched '/element/7A000000-0000-0000-3301-010000000000/value' to command name 'setValue'
2026-02-04 11:25:08:994 [c4891baf][XCUITestDriver@97b8] Added 'text' property to 'setValue' request body
2026-02-04 11:25:08:995 [c4891baf][XCUITestDriver@97b8] Proxying [POST /element/7A000000-0000-0000-3301-010000000000/value] to [POST http://127.0.0.1:8100/session/B21BBBF2-DC52-479F-B45D-E1DFF1276168/element/7A000000-0000-0000-3301-010000000000/value] with body: {"value":["آ","ل"," ","م","ق","ط","ة"],"text":"آل مقطة"}
2026-02-04 11:25:10:448 [c4891baf][XCUITestDriver@97b8] Got response with status 200: {"value":null,"sessionId":"B21BBBF2-DC52-479F-B45D-E1DFF1276168"}
2026-02-04 11:25:10:448 [c4891baf][XCUITestDriver@97b8] Responding to client with driver.setValue() result: null
2026-02-04 11:25:10:448 [c4891baf][HTTP] <-- POST /session/c4891baf-1e7f-45b1-a146-92876275d4b0/element/7A000000-0000-0000-3301-010000000000/value 200 1456 ms - 14 
2026-02-04 11:25:10:450 [c4891baf][HTTP] --> POST /session/c4891baf-1e7f-45b1-a146-92876275d4b0/element {"using":"name","value":"example@company.com"}
2026-02-04 11:25:10:450 [c4891baf][XCUITestDriver@97b8] Calling AppiumDriver.findElement() with args: ["name","example@company.com","c4891baf-1e7f-45b1-a146-92876275d4b0"]
2026-02-04 11:25:10:450 [c4891baf][XCUITestDriver@97b8] Executing command 'findElement'
2026-02-04 11:25:10:450 [c4891baf][XCUITestDriver@97b8] Valid locator strategies for this request: xpath, id, name, class name, -ios predicate string, -ios class chain, accessibility id, css selector
2026-02-04 11:25:10:451 [c4891baf][XCUITestDriver@97b8] Waiting up to 0 ms for condition
2026-02-04 11:25:10:451 [c4891baf][XCUITestDriver@97b8] Matched '/element' to command name 'findElement'
2026-02-04 11:25:10:451 [c4891baf][XCUITestDriver@97b8] Proxying [POST /element] to [POST http://127.0.0.1:8100/session/B21BBBF2-DC52-479F-B45D-E1DFF1276168/element] with body: {"using":"name","value":"example@company.com"}
2026-02-04 11:25:10:735 [c4891baf][XCUITestDriver@97b8] Got response with status 200: {"value":{"ELEMENT":"7C000000-0000-0000-3301-010000000000","element-6066-11e4-a52e-4f735466cecf":"7C000000-0000-0000-3301-010000000000"},"sessionId":"B21BBBF2-DC52-479F-B45D-E1DFF1276168"}
2026-02-04 11:25:10:736 [c4891baf][XCUITestDriver@97b8] Responding to client with driver.findElement() result: {"element-6066-11e4-a52e-4f735466cecf":"7C000000-0000-0000-3301-010000000000","ELEMENT":"7C000000-0000-0000-3301-010000000000"}
2026-02-04 11:25:10:736 [c4891baf][HTTP] <-- POST /session/c4891baf-1e7f-45b1-a146-92876275d4b0/element 200 286 ms - 137 
2026-02-04 11:25:10:738 [c4891baf][HTTP] --> GET /session/c4891baf-1e7f-45b1-a146-92876275d4b0/element/7C000000-0000-0000-3301-010000000000/displayed 
2026-02-04 11:25:10:738 [c4891baf][XCUITestDriver@97b8] Driver proxy active, passing request on via HTTP proxy
2026-02-04 11:25:10:738 [c4891baf][XCUITestDriver@97b8] Executing command 'proxyReqRes'
2026-02-04 11:25:10:739 [c4891baf][XCUITestDriver@97b8] Matched '/session/c4891baf-1e7f-45b1-a146-92876275d4b0/element/7C000000-0000-0000-3301-010000000000/displayed' to command name 'elementDisplayed'
2026-02-04 11:25:10:739 [c4891baf][XCUITestDriver@97b8] Proxying [GET /session/c4891baf-1e7f-45b1-a146-92876275d4b0/element/7C000000-0000-0000-3301-010000000000/displayed] to [GET http://127.0.0.1:8100/session/B21BBBF2-DC52-479F-B45D-E1DFF1276168/element/7C000000-0000-0000-3301-010000000000/displayed] with no body
2026-02-04 11:25:11:040 [c4891baf][XCUITestDriver@97b8] Got response with status 200: {"value":true,"sessionId":"B21BBBF2-DC52-479F-B45D-E1DFF1276168"}
2026-02-04 11:25:11:040 [c4891baf][XCUITestDriver@97b8] Replacing sessionId B21BBBF2-DC52-479F-B45D-E1DFF1276168 with c4891baf-1e7f-45b1-a146-92876275d4b0
2026-02-04 11:25:11:040 [c4891baf][HTTP] <-- GET /session/c4891baf-1e7f-45b1-a146-92876275d4b0/element/7C000000-0000-0000-3301-010000000000/displayed 200 303 ms - 14 
2026-02-04 11:25:11:042 [c4891baf][HTTP] --> POST /session/c4891baf-1e7f-45b1-a146-92876275d4b0/element/7C000000-0000-0000-3301-010000000000/value {"text":"thal-lshykh@example.org","value":["t","h","a","l","-","l","s","h","y","k","h","@","e","x","a","m","p","l","e",".","o","r","g"]}
2026-02-04 11:25:11:043 [c4891baf][BaseDriver] The following arguments are not known and will be ignored: value
2026-02-04 11:25:11:043 [c4891baf][XCUITestDriver@97b8] Calling AppiumDriver.setValue() with args: ["thal-lshykh@example.org","7C000000-0000-0000-3301-010000000000","c4891baf-1e7f-45b1-a146-92876275d4b0"]
2026-02-04 11:25:11:043 [c4891baf][XCUITestDriver@97b8] Executing command 'setValue'
2026-02-04 11:25:11:044 [c4891baf][XCUITestDriver@97b8] Matched '/element/7C000000-0000-0000-3301-010000000000/value' to command name 'setValue'
2026-02-04 11:25:11:045 [c4891baf][XCUITestDriver@97b8] Added 'text' property to 'setValue' request body
2026-02-04 11:25:11:045 [c4891baf][XCUITestDriver@97b8] Proxying [POST /element/7C000000-0000-0000-3301-010000000000/value] to [POST http://127.0.0.1:8100/session/B21BBBF2-DC52-479F-B45D-E1DFF1276168/element/7C000000-0000-0000-3301-010000000000/value] with body: {"value":["t","h","a","l","-","l","s","h","y","k","h","@","e","x","a","m","p","l","e",".","o","r","g"],"text":"thal-lshykh@example.org"}
2026-02-04 11:25:12:728 [c4891baf][XCUITestDriver@97b8] Got response with status 200: {"value":null,"sessionId":"B21BBBF2-DC52-479F-B45D-E1DFF1276168"}
2026-02-04 11:25:12:728 [c4891baf][XCUITestDriver@97b8] Responding to client with driver.setValue() result: null
2026-02-04 11:25:12:729 [c4891baf][HTTP] <-- POST /session/c4891baf-1e7f-45b1-a146-92876275d4b0/element/7C000000-0000-0000-3301-010000000000/value 200 1686 ms - 14 
2026-02-04 11:25:12:730 [c4891baf][HTTP] --> POST /session/c4891baf-1e7f-45b1-a146-92876275d4b0/element {"using":"id","value":"Last Name"}
2026-02-04 11:25:12:731 [c4891baf][XCUITestDriver@97b8] Calling AppiumDriver.findElement() with args: ["id","Last Name","c4891baf-1e7f-45b1-a146-92876275d4b0"]
2026-02-04 11:25:12:731 [c4891baf][XCUITestDriver@97b8] Executing command 'findElement'
2026-02-04 11:25:12:731 [c4891baf][XCUITestDriver@97b8] Valid locator strategies for this request: xpath, id, name, class name, -ios predicate string, -ios class chain, accessibility id, css selector
2026-02-04 11:25:12:731 [c4891baf][XCUITestDriver@97b8] Waiting up to 0 ms for condition
2026-02-04 11:25:12:731 [c4891baf][XCUITestDriver@97b8] Matched '/element' to command name 'findElement'
2026-02-04 11:25:12:732 [c4891baf][XCUITestDriver@97b8] Proxying [POST /element] to [POST http://127.0.0.1:8100/session/B21BBBF2-DC52-479F-B45D-E1DFF1276168/element] with body: {"using":"id","value":"Last Name"}
2026-02-04 11:25:13:017 [c4891baf][XCUITestDriver@97b8] Got response with status 200: {"value":{"ELEMENT":"79000000-0000-0000-3301-010000000000","element-6066-11e4-a52e-4f735466cecf":"79000000-0000-0000-3301-010000000000"},"sessionId":"B21BBBF2-DC52-479F-B45D-E1DFF1276168"}
2026-02-04 11:25:13:017 [c4891baf][XCUITestDriver@97b8] Responding to client with driver.findElement() result: {"element-6066-11e4-a52e-4f735466cecf":"79000000-0000-0000-3301-010000000000","ELEMENT":"79000000-0000-0000-3301-010000000000"}
2026-02-04 11:25:13:018 [c4891baf][HTTP] <-- POST /session/c4891baf-1e7f-45b1-a146-92876275d4b0/element 200 287 ms - 137 
2026-02-04 11:25:13:019 [c4891baf][HTTP] --> GET /session/c4891baf-1e7f-45b1-a146-92876275d4b0/element/79000000-0000-0000-3301-010000000000/displayed 
2026-02-04 11:25:13:019 [c4891baf][XCUITestDriver@97b8] Driver proxy active, passing request on via HTTP proxy
2026-02-04 11:25:13:019 [c4891baf][XCUITestDriver@97b8] Executing command 'proxyReqRes'
2026-02-04 11:25:13:020 [c4891baf][XCUITestDriver@97b8] Matched '/session/c4891baf-1e7f-45b1-a146-92876275d4b0/element/79000000-0000-0000-3301-010000000000/displayed' to command name 'elementDisplayed'
2026-02-04 11:25:13:020 [c4891baf][XCUITestDriver@97b8] Proxying [GET /session/c4891baf-1e7f-45b1-a146-92876275d4b0/element/79000000-0000-0000-3301-010000000000/displayed] to [GET http://127.0.0.1:8100/session/B21BBBF2-DC52-479F-B45D-E1DFF1276168/element/79000000-0000-0000-3301-010000000000/displayed] with no body
2026-02-04 11:25:13:312 [c4891baf][XCUITestDriver@97b8] Got response with status 200: {"value":true,"sessionId":"B21BBBF2-DC52-479F-B45D-E1DFF1276168"}
2026-02-04 11:25:13:313 [c4891baf][XCUITestDriver@97b8] Replacing sessionId B21BBBF2-DC52-479F-B45D-E1DFF1276168 with c4891baf-1e7f-45b1-a146-92876275d4b0
2026-02-04 11:25:13:313 [c4891baf][HTTP] <-- GET /session/c4891baf-1e7f-45b1-a146-92876275d4b0/element/79000000-0000-0000-3301-010000000000/displayed 200 294 ms - 14 
2026-02-04 11:25:13:315 [c4891baf][HTTP] --> GET /session/c4891baf-1e7f-45b1-a146-92876275d4b0/element/79000000-0000-0000-3301-010000000000/enabled 
2026-02-04 11:25:13:315 [c4891baf][XCUITestDriver@97b8] Driver proxy active, passing request on via HTTP proxy
2026-02-04 11:25:13:315 [c4891baf][XCUITestDriver@97b8] Executing command 'proxyReqRes'
2026-02-04 11:25:13:316 [c4891baf][XCUITestDriver@97b8] Matched '/session/c4891baf-1e7f-45b1-a146-92876275d4b0/element/79000000-0000-0000-3301-010000000000/enabled' to command name 'elementEnabled'
2026-02-04 11:25:13:316 [c4891baf][XCUITestDriver@97b8] Proxying [GET /session/c4891baf-1e7f-45b1-a146-92876275d4b0/element/79000000-0000-0000-3301-010000000000/enabled] to [GET http://127.0.0.1:8100/session/B21BBBF2-DC52-479F-B45D-E1DFF1276168/element/79000000-0000-0000-3301-010000000000/enabled] with no body
2026-02-04 11:25:13:466 [c4891baf][XCUITestDriver@97b8] Got response with status 200: {"value":true,"sessionId":"B21BBBF2-DC52-479F-B45D-E1DFF1276168"}
2026-02-04 11:25:13:466 [c4891baf][XCUITestDriver@97b8] Replacing sessionId B21BBBF2-DC52-479F-B45D-E1DFF1276168 with c4891baf-1e7f-45b1-a146-92876275d4b0
2026-02-04 11:25:13:467 [c4891baf][HTTP] <-- GET /session/c4891baf-1e7f-45b1-a146-92876275d4b0/element/79000000-0000-0000-3301-010000000000/enabled 200 152 ms - 14 
2026-02-04 11:25:13:468 [c4891baf][HTTP] --> POST /session/c4891baf-1e7f-45b1-a146-92876275d4b0/element/79000000-0000-0000-3301-010000000000/click {}
2026-02-04 11:25:13:468 [c4891baf][XCUITestDriver@97b8] Driver proxy active, passing request on via HTTP proxy
2026-02-04 11:25:13:469 [c4891baf][XCUITestDriver@97b8] Executing command 'proxyReqRes'
2026-02-04 11:25:13:469 [c4891baf][XCUITestDriver@97b8] Matched '/session/c4891baf-1e7f-45b1-a146-92876275d4b0/element/79000000-0000-0000-3301-010000000000/click' to command name 'click'
2026-02-04 11:25:13:469 [c4891baf][XCUITestDriver@97b8] Proxying [POST /session/c4891baf-1e7f-45b1-a146-92876275d4b0/element/79000000-0000-0000-3301-010000000000/click] to [POST http://127.0.0.1:8100/session/B21BBBF2-DC52-479F-B45D-E1DFF1276168/element/79000000-0000-0000-3301-010000000000/click] with body: {}
2026-02-04 11:25:14:403 [c4891baf][XCUITestDriver@97b8] Got response with status 200: {"value":null,"sessionId":"B21BBBF2-DC52-479F-B45D-E1DFF1276168"}
2026-02-04 11:25:14:403 [c4891baf][XCUITestDriver@97b8] Replacing sessionId B21BBBF2-DC52-479F-B45D-E1DFF1276168 with c4891baf-1e7f-45b1-a146-92876275d4b0
2026-02-04 11:25:14:404 [c4891baf][HTTP] <-- POST /session/c4891baf-1e7f-45b1-a146-92876275d4b0/element/79000000-0000-0000-3301-010000000000/click 200 935 ms - 14 
2026-02-04 11:25:14:456 [c4891baf][HTTP] --> POST /session/c4891baf-1e7f-45b1-a146-92876275d4b0/element {"using":"id","value":"Next"}
2026-02-04 11:25:14:456 [c4891baf][XCUITestDriver@97b8] Calling AppiumDriver.findElement() with args: ["id","Next","c4891baf-1e7f-45b1-a146-92876275d4b0"]
2026-02-04 11:25:14:456 [c4891baf][XCUITestDriver@97b8] Executing command 'findElement'
2026-02-04 11:25:14:456 [c4891baf][XCUITestDriver@97b8] Valid locator strategies for this request: xpath, id, name, class name, -ios predicate string, -ios class chain, accessibility id, css selector
2026-02-04 11:25:14:456 [c4891baf][XCUITestDriver@97b8] Waiting up to 0 ms for condition
2026-02-04 11:25:14:457 [c4891baf][XCUITestDriver@97b8] Matched '/element' to command name 'findElement'
2026-02-04 11:25:14:457 [c4891baf][XCUITestDriver@97b8] Proxying [POST /element] to [POST http://127.0.0.1:8100/session/B21BBBF2-DC52-479F-B45D-E1DFF1276168/element] with body: {"using":"id","value":"Next"}
2026-02-04 11:25:14:608 [c4891baf][XCUITestDriver@97b8] Got response with status 200: {"value":{"ELEMENT":"86000000-0000-0000-3301-010000000000","element-6066-11e4-a52e-4f735466cecf":"86000000-0000-0000-3301-010000000000"},"sessionId":"B21BBBF2-DC52-479F-B45D-E1DFF1276168"}
2026-02-04 11:25:14:608 [c4891baf][XCUITestDriver@97b8] Responding to client with driver.findElement() result: {"element-6066-11e4-a52e-4f735466cecf":"86000000-0000-0000-3301-010000000000","ELEMENT":"86000000-0000-0000-3301-010000000000"}
2026-02-04 11:25:14:609 [c4891baf][HTTP] <-- POST /session/c4891baf-1e7f-45b1-a146-92876275d4b0/element 200 153 ms - 137 
2026-02-04 11:25:14:610 [c4891baf][HTTP] --> GET /session/c4891baf-1e7f-45b1-a146-92876275d4b0/element/86000000-0000-0000-3301-010000000000/displayed 
2026-02-04 11:25:14:610 [c4891baf][XCUITestDriver@97b8] Driver proxy active, passing request on via HTTP proxy
2026-02-04 11:25:14:610 [c4891baf][XCUITestDriver@97b8] Executing command 'proxyReqRes'
2026-02-04 11:25:14:611 [c4891baf][XCUITestDriver@97b8] Matched '/session/c4891baf-1e7f-45b1-a146-92876275d4b0/element/86000000-0000-0000-3301-010000000000/displayed' to command name 'elementDisplayed'
2026-02-04 11:25:14:611 [c4891baf][XCUITestDriver@97b8] Proxying [GET /session/c4891baf-1e7f-45b1-a146-92876275d4b0/element/86000000-0000-0000-3301-010000000000/displayed] to [GET http://127.0.0.1:8100/session/B21BBBF2-DC52-479F-B45D-E1DFF1276168/element/86000000-0000-0000-3301-010000000000/displayed] with no body
2026-02-04 11:25:14:699 [c4891baf][XCUITestDriver@97b8] Got response with status 200: {"value":true,"sessionId":"B21BBBF2-DC52-479F-B45D-E1DFF1276168"}
2026-02-04 11:25:14:699 [c4891baf][XCUITestDriver@97b8] Replacing sessionId B21BBBF2-DC52-479F-B45D-E1DFF1276168 with c4891baf-1e7f-45b1-a146-92876275d4b0
2026-02-04 11:25:14:700 [c4891baf][HTTP] <-- GET /session/c4891baf-1e7f-45b1-a146-92876275d4b0/element/86000000-0000-0000-3301-010000000000/displayed 200 89 ms - 14 
2026-02-04 11:25:14:701 [c4891baf][HTTP] --> GET /session/c4891baf-1e7f-45b1-a146-92876275d4b0/element/86000000-0000-0000-3301-010000000000/enabled 
2026-02-04 11:25:14:701 [c4891baf][XCUITestDriver@97b8] Driver proxy active, passing request on via HTTP proxy
2026-02-04 11:25:14:701 [c4891baf][XCUITestDriver@97b8] Executing command 'proxyReqRes'
2026-02-04 11:25:14:702 [c4891baf][XCUITestDriver@97b8] Matched '/session/c4891baf-1e7f-45b1-a146-92876275d4b0/element/86000000-0000-0000-3301-010000000000/enabled' to command name 'elementEnabled'
2026-02-04 11:25:14:702 [c4891baf][XCUITestDriver@97b8] Proxying [GET /session/c4891baf-1e7f-45b1-a146-92876275d4b0/element/86000000-0000-0000-3301-010000000000/enabled] to [GET http://127.0.0.1:8100/session/B21BBBF2-DC52-479F-B45D-E1DFF1276168/element/86000000-0000-0000-3301-010000000000/enabled] with no body
2026-02-04 11:25:14:786 [c4891baf][XCUITestDriver@97b8] Got response with status 200: {"value":true,"sessionId":"B21BBBF2-DC52-479F-B45D-E1DFF1276168"}
2026-02-04 11:25:14:786 [c4891baf][XCUITestDriver@97b8] Replacing sessionId B21BBBF2-DC52-479F-B45D-E1DFF1276168 with c4891baf-1e7f-45b1-a146-92876275d4b0
2026-02-04 11:25:14:787 [c4891baf][HTTP] <-- GET /session/c4891baf-1e7f-45b1-a146-92876275d4b0/element/86000000-0000-0000-3301-010000000000/enabled 200 85 ms - 14 
2026-02-04 11:25:14:788 [c4891baf][HTTP] --> POST /session/c4891baf-1e7f-45b1-a146-92876275d4b0/element/86000000-0000-0000-3301-010000000000/click {}
2026-02-04 11:25:14:789 [c4891baf][XCUITestDriver@97b8] Driver proxy active, passing request on via HTTP proxy
2026-02-04 11:25:14:789 [c4891baf][XCUITestDriver@97b8] Executing command 'proxyReqRes'
2026-02-04 11:25:14:790 [c4891baf][XCUITestDriver@97b8] Matched '/session/c4891baf-1e7f-45b1-a146-92876275d4b0/element/86000000-0000-0000-3301-010000000000/click' to command name 'click'
2026-02-04 11:25:14:790 [c4891baf][XCUITestDriver@97b8] Proxying [POST /session/c4891baf-1e7f-45b1-a146-92876275d4b0/element/86000000-0000-0000-3301-010000000000/click] to [POST http://127.0.0.1:8100/session/B21BBBF2-DC52-479F-B45D-E1DFF1276168/element/86000000-0000-0000-3301-010000000000/click] with body: {}
2026-02-04 11:25:15:333 [c4891baf][XCUITestDriver@97b8] Got response with status 200: {"value":null,"sessionId":"B21BBBF2-DC52-479F-B45D-E1DFF1276168"}
2026-02-04 11:25:15:333 [c4891baf][XCUITestDriver@97b8] Replacing sessionId B21BBBF2-DC52-479F-B45D-E1DFF1276168 with c4891baf-1e7f-45b1-a146-92876275d4b0
2026-02-04 11:25:15:333 [c4891baf][HTTP] <-- POST /session/c4891baf-1e7f-45b1-a146-92876275d4b0/element/86000000-0000-0000-3301-010000000000/click 200 545 ms - 14 
2026-02-04 11:25:31:484 [c4891baf][HTTP] --> POST /session/c4891baf-1e7f-45b1-a146-92876275d4b0/element {"using":"class name","value":"XCUIElementTypeTextField"}
2026-02-04 11:25:31:484 [c4891baf][XCUITestDriver@97b8] Calling AppiumDriver.findElement() with args: ["class name","XCUIElementTypeTextField","c4891baf-1e7f-45b1-a146-92876275d4b0"]
2026-02-04 11:25:31:485 [c4891baf][XCUITestDriver@97b8] Executing command 'findElement'
2026-02-04 11:25:31:485 [c4891baf][XCUITestDriver@97b8] Valid locator strategies for this request: xpath, id, name, class name, -ios predicate string, -ios class chain, accessibility id, css selector
2026-02-04 11:25:31:485 [c4891baf][XCUITestDriver@97b8] Waiting up to 0 ms for condition
2026-02-04 11:25:31:485 [c4891baf][XCUITestDriver@97b8] Matched '/element' to command name 'findElement'
2026-02-04 11:25:31:486 [c4891baf][XCUITestDriver@97b8] Proxying [POST /element] to [POST http://127.0.0.1:8100/session/B21BBBF2-DC52-479F-B45D-E1DFF1276168/element] with body: {"using":"class name","value":"XCUIElementTypeTextField"}
2026-02-04 11:25:31:664 [c4891baf][XCUITestDriver@97b8] Got response with status 200: {"value":{"ELEMENT":"EB000000-0000-0000-3301-010000000000","element-6066-11e4-a52e-4f735466cecf":"EB000000-0000-0000-3301-010000000000"},"sessionId":"B21BBBF2-DC52-479F-B45D-E1DFF1276168"}
2026-02-04 11:25:31:664 [c4891baf][XCUITestDriver@97b8] Responding to client with driver.findElement() result: {"element-6066-11e4-a52e-4f735466cecf":"EB000000-0000-0000-3301-010000000000","ELEMENT":"EB000000-0000-0000-3301-010000000000"}
2026-02-04 11:25:31:665 [c4891baf][HTTP] <-- POST /session/c4891baf-1e7f-45b1-a146-92876275d4b0/element 200 181 ms - 137 
2026-02-04 11:25:31:667 [c4891baf][HTTP] --> GET /session/c4891baf-1e7f-45b1-a146-92876275d4b0/element/EB000000-0000-0000-3301-010000000000/displayed 
2026-02-04 11:25:31:667 [c4891baf][XCUITestDriver@97b8] Driver proxy active, passing request on via HTTP proxy
2026-02-04 11:25:31:667 [c4891baf][XCUITestDriver@97b8] Executing command 'proxyReqRes'
2026-02-04 11:25:31:668 [c4891baf][XCUITestDriver@97b8] Matched '/session/c4891baf-1e7f-45b1-a146-92876275d4b0/element/EB000000-0000-0000-3301-010000000000/displayed' to command name 'elementDisplayed'
2026-02-04 11:25:31:668 [c4891baf][XCUITestDriver@97b8] Proxying [GET /session/c4891baf-1e7f-45b1-a146-92876275d4b0/element/EB000000-0000-0000-3301-010000000000/displayed] to [GET http://127.0.0.1:8100/session/B21BBBF2-DC52-479F-B45D-E1DFF1276168/element/EB000000-0000-0000-3301-010000000000/displayed] with no body
2026-02-04 11:25:31:769 [c4891baf][XCUITestDriver@97b8] Got response with status 200: {"value":true,"sessionId":"B21BBBF2-DC52-479F-B45D-E1DFF1276168"}
2026-02-04 11:25:31:770 [c4891baf][XCUITestDriver@97b8] Replacing sessionId B21BBBF2-DC52-479F-B45D-E1DFF1276168 with c4891baf-1e7f-45b1-a146-92876275d4b0
2026-02-04 11:25:31:770 [c4891baf][HTTP] <-- GET /session/c4891baf-1e7f-45b1-a146-92876275d4b0/element/EB000000-0000-0000-3301-010000000000/displayed 200 103 ms - 14 
2026-02-04 11:25:31:772 [c4891baf][HTTP] --> POST /session/c4891baf-1e7f-45b1-a146-92876275d4b0/element/EB000000-0000-0000-3301-010000000000/value {"text":"7792","value":["7","7","9","2"]}
2026-02-04 11:25:31:773 [c4891baf][BaseDriver] The following arguments are not known and will be ignored: value
2026-02-04 11:25:31:773 [c4891baf][XCUITestDriver@97b8] Calling AppiumDriver.setValue() with args: ["7792","EB000000-0000-0000-3301-010000000000","c4891baf-1e7f-45b1-a146-92876275d4b0"]
2026-02-04 11:25:31:773 [c4891baf][XCUITestDriver@97b8] Executing command 'setValue'
2026-02-04 11:25:31:775 [c4891baf][XCUITestDriver@97b8] Matched '/element/EB000000-0000-0000-3301-010000000000/value' to command name 'setValue'
2026-02-04 11:25:31:776 [c4891baf][XCUITestDriver@97b8] Added 'text' property to 'setValue' request body
2026-02-04 11:25:31:776 [c4891baf][XCUITestDriver@97b8] Proxying [POST /element/EB000000-0000-0000-3301-010000000000/value] to [POST http://127.0.0.1:8100/session/B21BBBF2-DC52-479F-B45D-E1DFF1276168/element/EB000000-0000-0000-3301-010000000000/value] with body: {"value":["7","7","9","2"],"text":"7792"}
2026-02-04 11:25:32:359 [c4891baf][XCUITestDriver@97b8] Got response with status 200: {"value":null,"sessionId":"B21BBBF2-DC52-479F-B45D-E1DFF1276168"}
2026-02-04 11:25:32:360 [c4891baf][XCUITestDriver@97b8] Responding to client with driver.setValue() result: null
2026-02-04 11:25:32:361 [c4891baf][HTTP] <-- POST /session/c4891baf-1e7f-45b1-a146-92876275d4b0/element/EB000000-0000-0000-3301-010000000000/value 200 588 ms - 14 
2026-02-04 11:25:34:366 [c4891baf][HTTP] --> GET /session/c4891baf-1e7f-45b1-a146-92876275d4b0/alert/text 
2026-02-04 11:25:34:366 [c4891baf][XCUITestDriver@97b8] Calling AppiumDriver.getAlertText() with args: ["c4891baf-1e7f-45b1-a146-92876275d4b0"]
2026-02-04 11:25:34:366 [c4891baf][XCUITestDriver@97b8] Executing command 'getAlertText'
2026-02-04 11:25:34:366 [c4891baf][XCUITestDriver@97b8] Matched '/alert/text' to command name 'getAlertText'
2026-02-04 11:25:34:366 [c4891baf][XCUITestDriver@97b8] Proxying [GET /alert/text] to [GET http://127.0.0.1:8100/session/B21BBBF2-DC52-479F-B45D-E1DFF1276168/alert/text] with no body
2026-02-04 11:25:34:712 [c4891baf][XCUITestDriver@97b8] Got response with status 404: {"value":{"error":"no such alert","message":"An attempt was made to operate on a modal dialog when one was not open","traceback":""},"sessionId":"B21BBBF2-DC52-479F-B45D-E1DFF1276168"}
2026-02-04 11:25:34:712 [c4891baf][W3C] Matched W3C error code 'no such alert' to NoSuchAlertError
2026-02-04 11:25:34:713 [c4891baf][XCUITestDriver@97b8] Encountered internal error running command: An attempt was made to operate on a modal dialog when one was not open
ProxyRequestError: Request failed with status code 404
    at JWProxy.proxy (/Users/meezotech/.appium/node_modules/appium-xcuitest-driver/node_modules/@appium/base-driver/lib/jsonwp-proxy/proxy.js:279:13)
    at processTicksAndRejections (node:internal/process/task_queues:103:5)
    at ProtocolConverter.convertAndProxy (/Users/meezotech/.appium/node_modules/appium-xcuitest-driver/node_modules/@appium/base-driver/lib/jsonwp-proxy/protocol-converter.js:309:12)
    at JWProxy.proxyCommand (/Users/meezotech/.appium/node_modules/appium-xcuitest-driver/node_modules/@appium/base-driver/lib/jsonwp-proxy/proxy.js:313:12)
    at JWProxy.command (/Users/meezotech/.appium/node_modules/appium-xcuitest-driver/node_modules/@appium/base-driver/lib/jsonwp-proxy/proxy.js:327:32)
    at XCUITestDriver.proxyCommand (/Users/meezotech/.appium/node_modules/appium-xcuitest-driver/lib/commands/proxy-helper.ts:95:12)
    at XCUITestDriver.getAlertText (/Users/meezotech/.appium/node_modules/appium-xcuitest-driver/lib/commands/alert.ts:11:10)
2026-02-04 11:25:34:714 [c4891baf][HTTP] <-- GET /session/c4891baf-1e7f-45b1-a146-92876275d4b0/alert/text 404 348 ms - 1171 
2026-02-04 11:25:34:716 [c4891baf][HTTP] --> POST /session/c4891baf-1e7f-45b1-a146-92876275d4b0/element {"using":"name","value":"Jeddah"}
2026-02-04 11:25:34:716 [c4891baf][XCUITestDriver@97b8] Calling AppiumDriver.findElement() with args: ["name","Jeddah","c4891baf-1e7f-45b1-a146-92876275d4b0"]
2026-02-04 11:25:34:716 [c4891baf][XCUITestDriver@97b8] Executing command 'findElement'
2026-02-04 11:25:34:717 [c4891baf][XCUITestDriver@97b8] Valid locator strategies for this request: xpath, id, name, class name, -ios predicate string, -ios class chain, accessibility id, css selector
2026-02-04 11:25:34:717 [c4891baf][XCUITestDriver@97b8] Waiting up to 0 ms for condition
2026-02-04 11:25:34:717 [c4891baf][XCUITestDriver@97b8] Matched '/element' to command name 'findElement'
2026-02-04 11:25:34:717 [c4891baf][XCUITestDriver@97b8] Proxying [POST /element] to [POST http://127.0.0.1:8100/session/B21BBBF2-DC52-479F-B45D-E1DFF1276168/element] with body: {"using":"name","value":"Jeddah"}
2026-02-04 11:25:34:853 [c4891baf][XCUITestDriver@97b8] Got response with status 404: {"value":{"error":"no such element","message":"unable to find an element using 'name', value 'Jeddah'","traceback":"(\n\t0   WebDriverAgentLib                   0x0000000116ad3462 FBNoSuchElementErrorResponseForRequest + 290\n\t1   WebDriverAgentLib                   0x0000000116ad3240 +[FBFindElementCommands handleFindElement:] + 352\n\t2   WebDriverAgentLib                   0x0000000116a92ccc -[FBRoute_TargetAction mountRequest:intoResponse:] + 172\n\t3   WebDriverAgentLib                   0x0000000116a79d99 __37-[FBWebServer registerRouteHandlers:]_block_invoke + 489\n\t4   WebDriverAgentLib                   0x0000000116ab5839 -[RoutingHTTPServer handleRoute:withRequest:response:] + 185\n\t5   WebDriverAgentLib                   0x0000000116ab6601 __72-[RoutingHTTPServer routeMethod:withPath:parameters:request:connection:]_block_invoke + 65\n\t6   libdispatch.dylib                   0x00007ff8026847ce _dispatch_client_callout + 6\n\t7   libdispatch.dylib                   0x00007ff80267a942 _dispatch...
2026-02-04 11:25:34:854 [c4891baf][W3C] Matched W3C error code 'no such element' to NoSuchElementError
2026-02-04 11:25:34:854 [c4891baf][XCUITestDriver@97b8] Encountered internal error running command: NoSuchElementError: An element could not be located on the page using the given search parameters.
    at XCUITestDriver.doNativeFind (/Users/meezotech/.appium/node_modules/appium-xcuitest-driver/lib/commands/find.ts:205:13)
    at processTicksAndRejections (node:internal/process/task_queues:103:5)
    at XCUITestDriver.findNativeElementOrElements (/Users/meezotech/.appium/node_modules/appium-xcuitest-driver/lib/commands/find.ts:130:7)
    at XCUITestDriver.findElOrEls (/Users/meezotech/.appium/node_modules/appium-xcuitest-driver/lib/commands/find.ts:54:7)
    at XCUITestDriver.findElOrElsWithProcessing (/usr/local/lib/node_modules/appium/node_modules/@appium/base-driver/lib/basedriver/commands/find.ts:60:12)
    at XCUITestDriver.findElement (/usr/local/lib/node_modules/appium/node_modules/@appium/base-driver/lib/basedriver/commands/find.ts:75:12)
2026-02-04 11:25:34:855 [c4891baf][HTTP] <-- POST /session/c4891baf-1e7f-45b1-a146-92876275d4b0/element 404 139 ms - 1010 
2026-02-04 11:25:35:360 [c4891baf][HTTP] --> POST /session/c4891baf-1e7f-45b1-a146-92876275d4b0/element {"using":"name","value":"Jeddah"}
2026-02-04 11:25:35:361 [c4891baf][XCUITestDriver@97b8] Calling AppiumDriver.findElement() with args: ["name","Jeddah","c4891baf-1e7f-45b1-a146-92876275d4b0"]
2026-02-04 11:25:35:361 [c4891baf][XCUITestDriver@97b8] Executing command 'findElement'
2026-02-04 11:25:35:361 [c4891baf][XCUITestDriver@97b8] Valid locator strategies for this request: xpath, id, name, class name, -ios predicate string, -ios class chain, accessibility id, css selector
2026-02-04 11:25:35:361 [c4891baf][XCUITestDriver@97b8] Waiting up to 0 ms for condition
2026-02-04 11:25:35:361 [c4891baf][XCUITestDriver@97b8] Matched '/element' to command name 'findElement'
2026-02-04 11:25:35:362 [c4891baf][XCUITestDriver@97b8] Proxying [POST /element] to [POST http://127.0.0.1:8100/session/B21BBBF2-DC52-479F-B45D-E1DFF1276168/element] with body: {"using":"name","value":"Jeddah"}
2026-02-04 11:25:37:596 [c4891baf][XCUITestDriver@97b8] Got response with status 404: {"value":{"error":"no such element","message":"unable to find an element using 'name', value 'Jeddah'","traceback":"(\n\t0   WebDriverAgentLib                   0x0000000116ad3462 FBNoSuchElementErrorResponseForRequest + 290\n\t1   WebDriverAgentLib                   0x0000000116ad3240 +[FBFindElementCommands handleFindElement:] + 352\n\t2   WebDriverAgentLib                   0x0000000116a92ccc -[FBRoute_TargetAction mountRequest:intoResponse:] + 172\n\t3   WebDriverAgentLib                   0x0000000116a79d99 __37-[FBWebServer registerRouteHandlers:]_block_invoke + 489\n\t4   WebDriverAgentLib                   0x0000000116ab5839 -[RoutingHTTPServer handleRoute:withRequest:response:] + 185\n\t5   WebDriverAgentLib                   0x0000000116ab6601 __72-[RoutingHTTPServer routeMethod:withPath:parameters:request:connection:]_block_invoke + 65\n\t6   libdispatch.dylib                   0x00007ff8026847ce _dispatch_client_callout + 6\n\t7   libdispatch.dylib                   0x00007ff80267a942 _dispatch...
2026-02-04 11:25:37:597 [c4891baf][W3C] Matched W3C error code 'no such element' to NoSuchElementError
2026-02-04 11:25:37:598 [c4891baf][XCUITestDriver@97b8] Encountered internal error running command: NoSuchElementError: An element could not be located on the page using the given search parameters.
    at XCUITestDriver.doNativeFind (/Users/meezotech/.appium/node_modules/appium-xcuitest-driver/lib/commands/find.ts:205:13)
    at processTicksAndRejections (node:internal/process/task_queues:103:5)
    at XCUITestDriver.findNativeElementOrElements (/Users/meezotech/.appium/node_modules/appium-xcuitest-driver/lib/commands/find.ts:130:7)
    at XCUITestDriver.findElOrEls (/Users/meezotech/.appium/node_modules/appium-xcuitest-driver/lib/commands/find.ts:54:7)
    at XCUITestDriver.findElOrElsWithProcessing (/usr/local/lib/node_modules/appium/node_modules/@appium/base-driver/lib/basedriver/commands/find.ts:60:12)
    at XCUITestDriver.findElement (/usr/local/lib/node_modules/appium/node_modules/@appium/base-driver/lib/basedriver/commands/find.ts:75:12)
2026-02-04 11:25:37:599 [c4891baf][HTTP] <-- POST /session/c4891baf-1e7f-45b1-a146-92876275d4b0/element 404 2239 ms - 1010 
2026-02-04 11:25:38:107 [c4891baf][HTTP] --> POST /session/c4891baf-1e7f-45b1-a146-92876275d4b0/element {"using":"name","value":"Jeddah"}
2026-02-04 11:25:38:107 [c4891baf][XCUITestDriver@97b8] Calling AppiumDriver.findElement() with args: ["name","Jeddah","c4891baf-1e7f-45b1-a146-92876275d4b0"]
2026-02-04 11:25:38:107 [c4891baf][XCUITestDriver@97b8] Executing command 'findElement'
2026-02-04 11:25:38:108 [c4891baf][XCUITestDriver@97b8] Valid locator strategies for this request: xpath, id, name, class name, -ios predicate string, -ios class chain, accessibility id, css selector
2026-02-04 11:25:38:109 [c4891baf][XCUITestDriver@97b8] Waiting up to 0 ms for condition
2026-02-04 11:25:38:109 [c4891baf][XCUITestDriver@97b8] Matched '/element' to command name 'findElement'
2026-02-04 11:25:38:109 [c4891baf][XCUITestDriver@97b8] Proxying [POST /element] to [POST http://127.0.0.1:8100/session/B21BBBF2-DC52-479F-B45D-E1DFF1276168/element] with body: {"using":"name","value":"Jeddah"}
2026-02-04 11:25:39:164 [c4891baf][XCUITestDriver@97b8] Got response with status 200: {"value":{"ELEMENT":"1E010000-0000-0000-3301-010000000000","element-6066-11e4-a52e-4f735466cecf":"1E010000-0000-0000-3301-010000000000"},"sessionId":"B21BBBF2-DC52-479F-B45D-E1DFF1276168"}
2026-02-04 11:25:39:165 [c4891baf][XCUITestDriver@97b8] Responding to client with driver.findElement() result: {"element-6066-11e4-a52e-4f735466cecf":"1E010000-0000-0000-3301-010000000000","ELEMENT":"1E010000-0000-0000-3301-010000000000"}
2026-02-04 11:25:39:165 [c4891baf][HTTP] <-- POST /session/c4891baf-1e7f-45b1-a146-92876275d4b0/element 200 1058 ms - 137 
2026-02-04 11:25:39:167 [c4891baf][HTTP] --> GET /session/c4891baf-1e7f-45b1-a146-92876275d4b0/element/1E010000-0000-0000-3301-010000000000/displayed 
2026-02-04 11:25:39:167 [c4891baf][XCUITestDriver@97b8] Driver proxy active, passing request on via HTTP proxy
2026-02-04 11:25:39:167 [c4891baf][XCUITestDriver@97b8] Executing command 'proxyReqRes'
2026-02-04 11:25:39:168 [c4891baf][XCUITestDriver@97b8] Matched '/session/c4891baf-1e7f-45b1-a146-92876275d4b0/element/1E010000-0000-0000-3301-010000000000/displayed' to command name 'elementDisplayed'
2026-02-04 11:25:39:168 [c4891baf][XCUITestDriver@97b8] Proxying [GET /session/c4891baf-1e7f-45b1-a146-92876275d4b0/element/1E010000-0000-0000-3301-010000000000/displayed] to [GET http://127.0.0.1:8100/session/B21BBBF2-DC52-479F-B45D-E1DFF1276168/element/1E010000-0000-0000-3301-010000000000/displayed] with no body
2026-02-04 11:25:40:936 [c4891baf][XCUITestDriver@97b8] Got response with status 200: {"value":true,"sessionId":"B21BBBF2-DC52-479F-B45D-E1DFF1276168"}
2026-02-04 11:25:40:936 [c4891baf][XCUITestDriver@97b8] Replacing sessionId B21BBBF2-DC52-479F-B45D-E1DFF1276168 with c4891baf-1e7f-45b1-a146-92876275d4b0
2026-02-04 11:25:40:937 [c4891baf][HTTP] <-- GET /session/c4891baf-1e7f-45b1-a146-92876275d4b0/element/1E010000-0000-0000-3301-010000000000/displayed 200 1770 ms - 14 
2026-02-04 11:25:40:939 [c4891baf][HTTP] --> GET /session/c4891baf-1e7f-45b1-a146-92876275d4b0/element/1E010000-0000-0000-3301-010000000000/enabled 
2026-02-04 11:25:40:939 [c4891baf][XCUITestDriver@97b8] Driver proxy active, passing request on via HTTP proxy
2026-02-04 11:25:40:939 [c4891baf][XCUITestDriver@97b8] Executing command 'proxyReqRes'
2026-02-04 11:25:40:940 [c4891baf][XCUITestDriver@97b8] Matched '/session/c4891baf-1e7f-45b1-a146-92876275d4b0/element/1E010000-0000-0000-3301-010000000000/enabled' to command name 'elementEnabled'
2026-02-04 11:25:40:941 [c4891baf][XCUITestDriver@97b8] Proxying [GET /session/c4891baf-1e7f-45b1-a146-92876275d4b0/element/1E010000-0000-0000-3301-010000000000/enabled] to [GET http://127.0.0.1:8100/session/B21BBBF2-DC52-479F-B45D-E1DFF1276168/element/1E010000-0000-0000-3301-010000000000/enabled] with no body
2026-02-04 11:25:41:665 [c4891baf][XCUITestDriver@97b8] Got response with status 200: {"value":true,"sessionId":"B21BBBF2-DC52-479F-B45D-E1DFF1276168"}
2026-02-04 11:25:41:666 [c4891baf][XCUITestDriver@97b8] Replacing sessionId B21BBBF2-DC52-479F-B45D-E1DFF1276168 with c4891baf-1e7f-45b1-a146-92876275d4b0
2026-02-04 11:25:41:666 [c4891baf][HTTP] <-- GET /session/c4891baf-1e7f-45b1-a146-92876275d4b0/element/1E010000-0000-0000-3301-010000000000/enabled 200 727 ms - 14 
2026-02-04 11:25:41:668 [c4891baf][HTTP] --> POST /session/c4891baf-1e7f-45b1-a146-92876275d4b0/element/1E010000-0000-0000-3301-010000000000/click {}
2026-02-04 11:25:41:669 [c4891baf][XCUITestDriver@97b8] Driver proxy active, passing request on via HTTP proxy
2026-02-04 11:25:41:669 [c4891baf][XCUITestDriver@97b8] Executing command 'proxyReqRes'
2026-02-04 11:25:41:670 [c4891baf][XCUITestDriver@97b8] Matched '/session/c4891baf-1e7f-45b1-a146-92876275d4b0/element/1E010000-0000-0000-3301-010000000000/click' to command name 'click'
2026-02-04 11:25:41:670 [c4891baf][XCUITestDriver@97b8] Proxying [POST /session/c4891baf-1e7f-45b1-a146-92876275d4b0/element/1E010000-0000-0000-3301-010000000000/click] to [POST http://127.0.0.1:8100/session/B21BBBF2-DC52-479F-B45D-E1DFF1276168/element/1E010000-0000-0000-3301-010000000000/click] with body: {}
2026-02-04 11:25:43:054 [c4891baf][XCUITestDriver@97b8] Got response with status 200: {"value":null,"sessionId":"B21BBBF2-DC52-479F-B45D-E1DFF1276168"}
2026-02-04 11:25:43:054 [c4891baf][XCUITestDriver@97b8] Replacing sessionId B21BBBF2-DC52-479F-B45D-E1DFF1276168 with c4891baf-1e7f-45b1-a146-92876275d4b0
2026-02-04 11:25:43:054 [c4891baf][HTTP] <-- POST /session/c4891baf-1e7f-45b1-a146-92876275d4b0/element/1E010000-0000-0000-3301-010000000000/click 200 1386 ms - 14 
2026-02-04 11:25:43:057 [c4891baf][HTTP] --> POST /session/c4891baf-1e7f-45b1-a146-92876275d4b0/element {"using":"name","value":"Jeddah"}
2026-02-04 11:25:43:057 [c4891baf][XCUITestDriver@97b8] Calling AppiumDriver.findElement() with args: ["name","Jeddah","c4891baf-1e7f-45b1-a146-92876275d4b0"]
2026-02-04 11:25:43:057 [c4891baf][XCUITestDriver@97b8] Executing command 'findElement'
2026-02-04 11:25:43:057 [c4891baf][XCUITestDriver@97b8] Valid locator strategies for this request: xpath, id, name, class name, -ios predicate string, -ios class chain, accessibility id, css selector
2026-02-04 11:25:43:058 [c4891baf][XCUITestDriver@97b8] Waiting up to 0 ms for condition
2026-02-04 11:25:43:058 [c4891baf][XCUITestDriver@97b8] Matched '/element' to command name 'findElement'
2026-02-04 11:25:43:059 [c4891baf][XCUITestDriver@97b8] Proxying [POST /element] to [POST http://127.0.0.1:8100/session/B21BBBF2-DC52-479F-B45D-E1DFF1276168/element] with body: {"using":"name","value":"Jeddah"}
2026-02-04 11:25:43:172 [c4891baf][XCUITestDriver@97b8] Got response with status 404: {"value":{"error":"no such element","message":"unable to find an element using 'name', value 'Jeddah'","traceback":"(\n\t0   WebDriverAgentLib                   0x0000000116ad3462 FBNoSuchElementErrorResponseForRequest + 290\n\t1   WebDriverAgentLib                   0x0000000116ad3240 +[FBFindElementCommands handleFindElement:] + 352\n\t2   WebDriverAgentLib                   0x0000000116a92ccc -[FBRoute_TargetAction mountRequest:intoResponse:] + 172\n\t3   WebDriverAgentLib                   0x0000000116a79d99 __37-[FBWebServer registerRouteHandlers:]_block_invoke + 489\n\t4   WebDriverAgentLib                   0x0000000116ab5839 -[RoutingHTTPServer handleRoute:withRequest:response:] + 185\n\t5   WebDriverAgentLib                   0x0000000116ab6601 __72-[RoutingHTTPServer routeMethod:withPath:parameters:request:connection:]_block_invoke + 65\n\t6   libdispatch.dylib                   0x00007ff8026847ce _dispatch_client_callout + 6\n\t7   libdispatch.dylib                   0x00007ff80267a942 _dispatch...
2026-02-04 11:25:43:172 [c4891baf][W3C] Matched W3C error code 'no such element' to NoSuchElementError
2026-02-04 11:25:43:173 [c4891baf][XCUITestDriver@97b8] Encountered internal error running command: NoSuchElementError: An element could not be located on the page using the given search parameters.
    at XCUITestDriver.doNativeFind (/Users/meezotech/.appium/node_modules/appium-xcuitest-driver/lib/commands/find.ts:205:13)
    at processTicksAndRejections (node:internal/process/task_queues:103:5)
    at XCUITestDriver.findNativeElementOrElements (/Users/meezotech/.appium/node_modules/appium-xcuitest-driver/lib/commands/find.ts:130:7)
    at XCUITestDriver.findElOrEls (/Users/meezotech/.appium/node_modules/appium-xcuitest-driver/lib/commands/find.ts:54:7)
    at XCUITestDriver.findElOrElsWithProcessing (/usr/local/lib/node_modules/appium/node_modules/@appium/base-driver/lib/basedriver/commands/find.ts:60:12)
    at XCUITestDriver.findElement (/usr/local/lib/node_modules/appium/node_modules/@appium/base-driver/lib/basedriver/commands/find.ts:75:12)
2026-02-04 11:25:43:173 [c4891baf][HTTP] <-- POST /session/c4891baf-1e7f-45b1-a146-92876275d4b0/element 404 117 ms - 1010 
2026-02-04 11:25:43:676 [c4891baf][HTTP] --> POST /session/c4891baf-1e7f-45b1-a146-92876275d4b0/element {"using":"name","value":"Jeddah"}
2026-02-04 11:25:43:676 [c4891baf][XCUITestDriver@97b8] Calling AppiumDriver.findElement() with args: ["name","Jeddah","c4891baf-1e7f-45b1-a146-92876275d4b0"]
2026-02-04 11:25:43:676 [c4891baf][XCUITestDriver@97b8] Executing command 'findElement'
2026-02-04 11:25:43:677 [c4891baf][XCUITestDriver@97b8] Valid locator strategies for this request: xpath, id, name, class name, -ios predicate string, -ios class chain, accessibility id, css selector
2026-02-04 11:25:43:677 [c4891baf][XCUITestDriver@97b8] Waiting up to 0 ms for condition
2026-02-04 11:25:43:677 [c4891baf][XCUITestDriver@97b8] Matched '/element' to command name 'findElement'
2026-02-04 11:25:43:677 [c4891baf][XCUITestDriver@97b8] Proxying [POST /element] to [POST http://127.0.0.1:8100/session/B21BBBF2-DC52-479F-B45D-E1DFF1276168/element] with body: {"using":"name","value":"Jeddah"}
2026-02-04 11:25:44:070 [c4891baf][XCUITestDriver@97b8] Got response with status 200: {"value":{"ELEMENT":"E0010000-0000-0000-3301-010000000000","element-6066-11e4-a52e-4f735466cecf":"E0010000-0000-0000-3301-010000000000"},"sessionId":"B21BBBF2-DC52-479F-B45D-E1DFF1276168"}
2026-02-04 11:25:44:070 [c4891baf][XCUITestDriver@97b8] Responding to client with driver.findElement() result: {"element-6066-11e4-a52e-4f735466cecf":"E0010000-0000-0000-3301-010000000000","ELEMENT":"E0010000-0000-0000-3301-010000000000"}
2026-02-04 11:25:44:070 [c4891baf][HTTP] <-- POST /session/c4891baf-1e7f-45b1-a146-92876275d4b0/element 200 394 ms - 137 
2026-02-04 11:25:44:072 [c4891baf][HTTP] --> GET /session/c4891baf-1e7f-45b1-a146-92876275d4b0/element/E0010000-0000-0000-3301-010000000000/displayed 
2026-02-04 11:25:44:072 [c4891baf][XCUITestDriver@97b8] Driver proxy active, passing request on via HTTP proxy
2026-02-04 11:25:44:072 [c4891baf][XCUITestDriver@97b8] Executing command 'proxyReqRes'
2026-02-04 11:25:44:073 [c4891baf][XCUITestDriver@97b8] Matched '/session/c4891baf-1e7f-45b1-a146-92876275d4b0/element/E0010000-0000-0000-3301-010000000000/displayed' to command name 'elementDisplayed'
2026-02-04 11:25:44:073 [c4891baf][XCUITestDriver@97b8] Proxying [GET /session/c4891baf-1e7f-45b1-a146-92876275d4b0/element/E0010000-0000-0000-3301-010000000000/displayed] to [GET http://127.0.0.1:8100/session/B21BBBF2-DC52-479F-B45D-E1DFF1276168/element/E0010000-0000-0000-3301-010000000000/displayed] with no body
2026-02-04 11:25:44:293 [c4891baf][XCUITestDriver@97b8] Got response with status 200: {"value":true,"sessionId":"B21BBBF2-DC52-479F-B45D-E1DFF1276168"}
2026-02-04 11:25:44:294 [c4891baf][XCUITestDriver@97b8] Replacing sessionId B21BBBF2-DC52-479F-B45D-E1DFF1276168 with c4891baf-1e7f-45b1-a146-92876275d4b0
2026-02-04 11:25:44:294 [c4891baf][HTTP] <-- GET /session/c4891baf-1e7f-45b1-a146-92876275d4b0/element/E0010000-0000-0000-3301-010000000000/displayed 200 222 ms - 14 
2026-02-04 11:25:44:296 [c4891baf][HTTP] --> GET /session/c4891baf-1e7f-45b1-a146-92876275d4b0/element/E0010000-0000-0000-3301-010000000000/enabled 
2026-02-04 11:25:44:296 [c4891baf][XCUITestDriver@97b8] Driver proxy active, passing request on via HTTP proxy
2026-02-04 11:25:44:296 [c4891baf][XCUITestDriver@97b8] Executing command 'proxyReqRes'
2026-02-04 11:25:44:297 [c4891baf][XCUITestDriver@97b8] Matched '/session/c4891baf-1e7f-45b1-a146-92876275d4b0/element/E0010000-0000-0000-3301-010000000000/enabled' to command name 'elementEnabled'
2026-02-04 11:25:44:297 [c4891baf][XCUITestDriver@97b8] Proxying [GET /session/c4891baf-1e7f-45b1-a146-92876275d4b0/element/E0010000-0000-0000-3301-010000000000/enabled] to [GET http://127.0.0.1:8100/session/B21BBBF2-DC52-479F-B45D-E1DFF1276168/element/E0010000-0000-0000-3301-010000000000/enabled] with no body
2026-02-04 11:25:44:552 [c4891baf][XCUITestDriver@97b8] Got response with status 200: {"value":true,"sessionId":"B21BBBF2-DC52-479F-B45D-E1DFF1276168"}
2026-02-04 11:25:44:552 [c4891baf][XCUITestDriver@97b8] Replacing sessionId B21BBBF2-DC52-479F-B45D-E1DFF1276168 with c4891baf-1e7f-45b1-a146-92876275d4b0
2026-02-04 11:25:44:552 [c4891baf][HTTP] <-- GET /session/c4891baf-1e7f-45b1-a146-92876275d4b0/element/E0010000-0000-0000-3301-010000000000/enabled 200 256 ms - 14 
2026-02-04 11:25:44:554 [c4891baf][HTTP] --> POST /session/c4891baf-1e7f-45b1-a146-92876275d4b0/element/E0010000-0000-0000-3301-010000000000/click {}
2026-02-04 11:25:44:554 [c4891baf][XCUITestDriver@97b8] Driver proxy active, passing request on via HTTP proxy
2026-02-04 11:25:44:554 [c4891baf][XCUITestDriver@97b8] Executing command 'proxyReqRes'
2026-02-04 11:25:44:555 [c4891baf][XCUITestDriver@97b8] Matched '/session/c4891baf-1e7f-45b1-a146-92876275d4b0/element/E0010000-0000-0000-3301-010000000000/click' to command name 'click'
2026-02-04 11:25:44:556 [c4891baf][XCUITestDriver@97b8] Proxying [POST /session/c4891baf-1e7f-45b1-a146-92876275d4b0/element/E0010000-0000-0000-3301-010000000000/click] to [POST http://127.0.0.1:8100/session/B21BBBF2-DC52-479F-B45D-E1DFF1276168/element/E0010000-0000-0000-3301-010000000000/click] with body: {}
2026-02-04 11:25:45:340 [c4891baf][XCUITestDriver@97b8] Got response with status 200: {"value":null,"sessionId":"B21BBBF2-DC52-479F-B45D-E1DFF1276168"}
2026-02-04 11:25:45:340 [c4891baf][XCUITestDriver@97b8] Replacing sessionId B21BBBF2-DC52-479F-B45D-E1DFF1276168 with c4891baf-1e7f-45b1-a146-92876275d4b0
2026-02-04 11:25:45:341 [c4891baf][HTTP] <-- POST /session/c4891baf-1e7f-45b1-a146-92876275d4b0/element/E0010000-0000-0000-3301-010000000000/click 200 786 ms - 14 
2026-02-04 11:25:45:342 [c4891baf][HTTP] --> POST /session/c4891baf-1e7f-45b1-a146-92876275d4b0/element {"using":"name","value":"Next"}
2026-02-04 11:25:45:343 [c4891baf][XCUITestDriver@97b8] Calling AppiumDriver.findElement() with args: ["name","Next","c4891baf-1e7f-45b1-a146-92876275d4b0"]
2026-02-04 11:25:45:343 [c4891baf][XCUITestDriver@97b8] Executing command 'findElement'
2026-02-04 11:25:45:343 [c4891baf][XCUITestDriver@97b8] Valid locator strategies for this request: xpath, id, name, class name, -ios predicate string, -ios class chain, accessibility id, css selector
2026-02-04 11:25:45:343 [c4891baf][XCUITestDriver@97b8] Waiting up to 0 ms for condition
2026-02-04 11:25:45:343 [c4891baf][XCUITestDriver@97b8] Matched '/element' to command name 'findElement'
2026-02-04 11:25:45:344 [c4891baf][XCUITestDriver@97b8] Proxying [POST /element] to [POST http://127.0.0.1:8100/session/B21BBBF2-DC52-479F-B45D-E1DFF1276168/element] with body: {"using":"name","value":"Next"}
2026-02-04 11:25:45:490 [c4891baf][XCUITestDriver@97b8] Got response with status 200: {"value":{"ELEMENT":"DC010000-0000-0000-3301-010000000000","element-6066-11e4-a52e-4f735466cecf":"DC010000-0000-0000-3301-010000000000"},"sessionId":"B21BBBF2-DC52-479F-B45D-E1DFF1276168"}
2026-02-04 11:25:45:490 [c4891baf][XCUITestDriver@97b8] Responding to client with driver.findElement() result: {"element-6066-11e4-a52e-4f735466cecf":"DC010000-0000-0000-3301-010000000000","ELEMENT":"DC010000-0000-0000-3301-010000000000"}
2026-02-04 11:25:45:491 [c4891baf][HTTP] <-- POST /session/c4891baf-1e7f-45b1-a146-92876275d4b0/element 200 148 ms - 137 
2026-02-04 11:25:45:492 [c4891baf][HTTP] --> GET /session/c4891baf-1e7f-45b1-a146-92876275d4b0/element/DC010000-0000-0000-3301-010000000000/displayed 
2026-02-04 11:25:45:493 [c4891baf][XCUITestDriver@97b8] Driver proxy active, passing request on via HTTP proxy
2026-02-04 11:25:45:493 [c4891baf][XCUITestDriver@97b8] Executing command 'proxyReqRes'
2026-02-04 11:25:45:493 [c4891baf][XCUITestDriver@97b8] Matched '/session/c4891baf-1e7f-45b1-a146-92876275d4b0/element/DC010000-0000-0000-3301-010000000000/displayed' to command name 'elementDisplayed'
2026-02-04 11:25:45:494 [c4891baf][XCUITestDriver@97b8] Proxying [GET /session/c4891baf-1e7f-45b1-a146-92876275d4b0/element/DC010000-0000-0000-3301-010000000000/displayed] to [GET http://127.0.0.1:8100/session/B21BBBF2-DC52-479F-B45D-E1DFF1276168/element/DC010000-0000-0000-3301-010000000000/displayed] with no body
2026-02-04 11:25:45:590 [c4891baf][XCUITestDriver@97b8] Got response with status 200: {"value":true,"sessionId":"B21BBBF2-DC52-479F-B45D-E1DFF1276168"}
2026-02-04 11:25:45:590 [c4891baf][XCUITestDriver@97b8] Replacing sessionId B21BBBF2-DC52-479F-B45D-E1DFF1276168 with c4891baf-1e7f-45b1-a146-92876275d4b0
2026-02-04 11:25:45:591 [c4891baf][HTTP] <-- GET /session/c4891baf-1e7f-45b1-a146-92876275d4b0/element/DC010000-0000-0000-3301-010000000000/displayed 200 98 ms - 14 
2026-02-04 11:25:45:593 [c4891baf][HTTP] --> GET /session/c4891baf-1e7f-45b1-a146-92876275d4b0/element/DC010000-0000-0000-3301-010000000000/enabled 
2026-02-04 11:25:45:593 [c4891baf][XCUITestDriver@97b8] Driver proxy active, passing request on via HTTP proxy
2026-02-04 11:25:45:594 [c4891baf][XCUITestDriver@97b8] Executing command 'proxyReqRes'
2026-02-04 11:25:45:594 [c4891baf][XCUITestDriver@97b8] Matched '/session/c4891baf-1e7f-45b1-a146-92876275d4b0/element/DC010000-0000-0000-3301-010000000000/enabled' to command name 'elementEnabled'
2026-02-04 11:25:45:595 [c4891baf][XCUITestDriver@97b8] Proxying [GET /session/c4891baf-1e7f-45b1-a146-92876275d4b0/element/DC010000-0000-0000-3301-010000000000/enabled] to [GET http://127.0.0.1:8100/session/B21BBBF2-DC52-479F-B45D-E1DFF1276168/element/DC010000-0000-0000-3301-010000000000/enabled] with no body
2026-02-04 11:25:45:788 [c4891baf][XCUITestDriver@97b8] Got response with status 200: {"value":true,"sessionId":"B21BBBF2-DC52-479F-B45D-E1DFF1276168"}
2026-02-04 11:25:45:788 [c4891baf][XCUITestDriver@97b8] Replacing sessionId B21BBBF2-DC52-479F-B45D-E1DFF1276168 with c4891baf-1e7f-45b1-a146-92876275d4b0
2026-02-04 11:25:45:788 [c4891baf][HTTP] <-- GET /session/c4891baf-1e7f-45b1-a146-92876275d4b0/element/DC010000-0000-0000-3301-010000000000/enabled 200 195 ms - 14 
2026-02-04 11:25:45:790 [c4891baf][HTTP] --> POST /session/c4891baf-1e7f-45b1-a146-92876275d4b0/element/DC010000-0000-0000-3301-010000000000/click {}
2026-02-04 11:25:45:790 [c4891baf][XCUITestDriver@97b8] Driver proxy active, passing request on via HTTP proxy
2026-02-04 11:25:45:790 [c4891baf][XCUITestDriver@97b8] Executing command 'proxyReqRes'
2026-02-04 11:25:45:791 [c4891baf][XCUITestDriver@97b8] Matched '/session/c4891baf-1e7f-45b1-a146-92876275d4b0/element/DC010000-0000-0000-3301-010000000000/click' to command name 'click'
2026-02-04 11:25:45:791 [c4891baf][XCUITestDriver@97b8] Proxying [POST /session/c4891baf-1e7f-45b1-a146-92876275d4b0/element/DC010000-0000-0000-3301-010000000000/click] to [POST http://127.0.0.1:8100/session/B21BBBF2-DC52-479F-B45D-E1DFF1276168/element/DC010000-0000-0000-3301-010000000000/click] with body: {}
2026-02-04 11:25:46:388 [c4891baf][XCUITestDriver@97b8] Got response with status 200: {"value":null,"sessionId":"B21BBBF2-DC52-479F-B45D-E1DFF1276168"}
2026-02-04 11:25:46:389 [c4891baf][XCUITestDriver@97b8] Replacing sessionId B21BBBF2-DC52-479F-B45D-E1DFF1276168 with c4891baf-1e7f-45b1-a146-92876275d4b0
2026-02-04 11:25:46:389 [c4891baf][HTTP] <-- POST /session/c4891baf-1e7f-45b1-a146-92876275d4b0/element/DC010000-0000-0000-3301-010000000000/click 200 599 ms - 14 
2026-02-04 11:25:48:392 [c4891baf][HTTP] --> POST /session/c4891baf-1e7f-45b1-a146-92876275d4b0/element {"using":"name","value":"Me\nTab 5 of 5"}
2026-02-04 11:25:48:392 [c4891baf][XCUITestDriver@97b8] Calling AppiumDriver.findElement() with args: ["name","Me\nTab 5 of 5","c4891baf-1e7f-45b1-a146-92876275d4b0"]
2026-02-04 11:25:48:392 [c4891baf][XCUITestDriver@97b8] Executing command 'findElement'
2026-02-04 11:25:48:392 [c4891baf][XCUITestDriver@97b8] Valid locator strategies for this request: xpath, id, name, class name, -ios predicate string, -ios class chain, accessibility id, css selector
2026-02-04 11:25:48:392 [c4891baf][XCUITestDriver@97b8] Waiting up to 0 ms for condition
2026-02-04 11:25:48:393 [c4891baf][XCUITestDriver@97b8] Matched '/element' to command name 'findElement'
2026-02-04 11:25:48:393 [c4891baf][XCUITestDriver@97b8] Proxying [POST /element] to [POST http://127.0.0.1:8100/session/B21BBBF2-DC52-479F-B45D-E1DFF1276168/element] with body: {"using":"name","value":"Me\nTab 5 of 5"}
2026-02-04 11:25:49:240 [c4891baf][XCUITestDriver@97b8] Got response with status 200: {"value":{"ELEMENT":"EE010000-0000-0000-3301-010000000000","element-6066-11e4-a52e-4f735466cecf":"EE010000-0000-0000-3301-010000000000"},"sessionId":"B21BBBF2-DC52-479F-B45D-E1DFF1276168"}
2026-02-04 11:25:49:240 [c4891baf][XCUITestDriver@97b8] Responding to client with driver.findElement() result: {"element-6066-11e4-a52e-4f735466cecf":"EE010000-0000-0000-3301-010000000000","ELEMENT":"EE010000-0000-0000-3301-010000000000"}
2026-02-04 11:25:49:241 [c4891baf][HTTP] <-- POST /session/c4891baf-1e7f-45b1-a146-92876275d4b0/element 200 849 ms - 137 
2026-02-04 11:25:49:243 [c4891baf][HTTP] --> GET /session/c4891baf-1e7f-45b1-a146-92876275d4b0/element/EE010000-0000-0000-3301-010000000000/displayed 
2026-02-04 11:25:49:243 [c4891baf][XCUITestDriver@97b8] Driver proxy active, passing request on via HTTP proxy
2026-02-04 11:25:49:243 [c4891baf][XCUITestDriver@97b8] Executing command 'proxyReqRes'
2026-02-04 11:25:49:244 [c4891baf][XCUITestDriver@97b8] Matched '/session/c4891baf-1e7f-45b1-a146-92876275d4b0/element/EE010000-0000-0000-3301-010000000000/displayed' to command name 'elementDisplayed'
2026-02-04 11:25:49:245 [c4891baf][XCUITestDriver@97b8] Proxying [GET /session/c4891baf-1e7f-45b1-a146-92876275d4b0/element/EE010000-0000-0000-3301-010000000000/displayed] to [GET http://127.0.0.1:8100/session/B21BBBF2-DC52-479F-B45D-E1DFF1276168/element/EE010000-0000-0000-3301-010000000000/displayed] with no body
2026-02-04 11:25:49:544 [c4891baf][XCUITestDriver@97b8] Got response with status 200: {"value":true,"sessionId":"B21BBBF2-DC52-479F-B45D-E1DFF1276168"}
2026-02-04 11:25:49:544 [c4891baf][XCUITestDriver@97b8] Replacing sessionId B21BBBF2-DC52-479F-B45D-E1DFF1276168 with c4891baf-1e7f-45b1-a146-92876275d4b0
2026-02-04 11:25:49:545 [c4891baf][HTTP] <-- GET /session/c4891baf-1e7f-45b1-a146-92876275d4b0/element/EE010000-0000-0000-3301-010000000000/displayed 200 302 ms - 14 
2026-02-04 11:25:49:547 [c4891baf][HTTP] --> DELETE /session/c4891baf-1e7f-45b1-a146-92876275d4b0 
2026-02-04 11:25:49:547 [c4891baf][XCUITestDriver@97b8] Calling AppiumDriver.deleteSession() with args: ["c4891baf-1e7f-45b1-a146-92876275d4b0"]
2026-02-04 11:25:49:547 [c4891baf][AppiumDriver@a33e] Event 'quitSessionRequested' logged at 1770204349547 (16:25:49 GMT+0500 (Pakistan Standard Time))
2026-02-04 11:25:49:547 [c4891baf][AppiumDriver@a33e] Removing session c4891baf-1e7f-45b1-a146-92876275d4b0 from our master session list
2026-02-04 11:25:49:548 [c4891baf][XCUITestDriver@97b8] Proxying [DELETE /session/c4891baf-1e7f-45b1-a146-92876275d4b0] to [DELETE http://127.0.0.1:8100/session/B21BBBF2-DC52-479F-B45D-E1DFF1276168] with no body
2026-02-04 11:25:50:580 [c4891baf][XCUITestDriver@97b8] Got response with status 200: {"value":null,"sessionId":null}
2026-02-04 11:25:50:581 [c4891baf][DevCon Factory] Releasing connections for BF288222-4428-4E67-8878-2DAC2732FE3A device on any port number
2026-02-04 11:25:50:581 [c4891baf][DevCon Factory] Found cached connections to release: ["BF288222-4428-4E67-8878-2DAC2732FE3A:8100","BF288222-4428-4E67-8878-2DAC2732FE3A:9100"]
2026-02-04 11:25:50:581 [c4891baf][DevCon Factory] Cached connections count: 0
2026-02-04 11:25:50:581 [c4891baf][XCUITestDriver@97b8] Not clearing log files. Use `clearSystemFiles` capability to turn on.
2026-02-04 11:25:50:581 [c4891baf][XCUITestDriver@97b8] Stopping iOS log capture
2026-02-04 11:25:50:590 [c4891baf][AppiumDriver@a33e] Event 'quitSessionFinished' logged at 1770204350590 (16:25:50 GMT+0500 (Pakistan Standard Time))
2026-02-04 11:25:50:590 [c4891baf][AppiumDriver@a33e] Received response: null
2026-02-04 11:25:50:590 [c4891baf][AppiumDriver@a33e] But deleting session, so not returning
2026-02-04 11:25:50:590 [c4891baf][AppiumDriver@a33e] Responding to client with driver.deleteSession() result: null
2026-02-04 11:25:50:591 [c4891baf][HTTP] <-- DELETE /session/c4891baf-1e7f-45b1-a146-92876275d4b0 200 1044 ms - 14 
2026-02-04 11:25:50:593 [HTTP] Request idempotency key: 618bc668-3fbb-4bb6-8e86-a5ce68daede1
2026-02-04 11:25:50:593 [HTTP] --> POST /session {"capabilities":{"firstMatch":[{}],"alwaysMatch":{"appium:automationName":"XCUITest","platformName":"iOS","appium:platformVersion":"17.0","appium:deviceName":"iPhone 17","appium:udid":"BF288222-4428-4E67-8878-2DAC2732FE3A","appium:bundleId":"com.yumealz.uat","appium:noReset":false,"appium:showXcodeLog":false,"appium:wdaStartupRetries":1,"appium:autoAcceptAlerts":true}}}
2026-02-04 11:25:50:594 [AppiumDriver@a33e] Calling AppiumDriver.createSession() with args: [{"firstMatch":[{}],"alwaysMatch":{"appium:automationName":"XCUITest","platformName":"iOS","appium:platformVersion":"17.0","appium:deviceName":"iPhone 17","appium:udid":"BF288222-4428-4E67-8878-2DAC2732FE3A","appium:bundleId":"com.yumealz.uat","appium:noReset":false,"appium:showXcodeLog":false,"appium:wdaStartupRetries":1,"appium:autoAcceptAlerts":true}},{"firstMatch":[{}],"alwaysMatch":{"appium:automationName":"XCUITest","platformName":"iOS","appium:platformVersion":"17.0","appium:deviceName":"iPhone 17","appium:udid":"BF288222-4428-4E67-8878-2DAC2732FE3A","appium:bundleId":"com.yumealz.uat","appium:noReset":false,"appium:showXcodeLog":false,"appium:wdaStartupRetries":1,"appium:autoAcceptAlerts":true}},{"firstMatch":[{}],"alwaysMatch":{"appium:automationName":"XCUITest","platformName":"iOS","appium:platformVersion":"17.0","appium:deviceName":"iPhone 17","appium:udid":"BF288222-4428-4E67-8878-2DAC2732FE3A","appium:bundleId":"com.yumealz.uat","appium:noReset":false,"appium:showXcodeLog":false,"appium:wdaSta...
2026-02-04 11:25:50:594 [AppiumDriver@a33e] Event 'newSessionRequested' logged at 1770204350594 (16:25:50 GMT+0500 (Pakistan Standard Time))
2026-02-04 11:25:50:594 [Appium] Attempting to find matching driver for automationName 'XCUITest' and platformName 'iOS'
2026-02-04 11:25:50:595 [Appium] The 'xcuitest' driver was installed and matched caps.
2026-02-04 11:25:50:595 [Appium] Will require it at /Users/meezotech/.appium/node_modules/appium-xcuitest-driver
2026-02-04 11:25:50:596 [Appium] Requiring driver at /Users/meezotech/.appium/node_modules/appium-xcuitest-driver/build/lib/index.js
2026-02-04 11:25:50:596 [AppiumDriver@a33e] Appium v3.1.2 creating new XCUITestDriver (v10.15.0) session
2026-02-04 11:25:50:596 [AppiumDriver@a33e] Checking BaseDriver versions for Appium and XCUITestDriver
2026-02-04 11:25:50:596 [AppiumDriver@a33e] Appium's BaseDriver version is 10.1.2
2026-02-04 11:25:50:596 [AppiumDriver@a33e] XCUITestDriver's BaseDriver version is 10.1.2
2026-02-04 11:25:50:597 [XCUITestDriver@fe5b] 
2026-02-04 11:25:50:597 [XCUITestDriver@fe5b] Creating session with W3C capabilities: {
  "alwaysMatch": {
    "platformName": "iOS",
    "appium:automationName": "XCUITest",
    "appium:platformVersion": "17.0",
    "appium:deviceName": "iPhone 17",
    "appium:udid": "BF288222-4428-4E67-8878-2DAC2732FE3A",
    "appium:bundleId": "com.yumealz.uat",
    "appium:noReset": false,
    "appium:showXcodeLog": false,
    "appium:wdaStartupRetries": 1,
    "appium:autoAcceptAlerts": true
  },
  "firstMatch": [
    {}
  ]
}
2026-02-04 11:25:50:600 [3d067a68][XCUITestDriver@fe5b] Session created with session id: 3d067a68-b09a-4b25-957c-63e77c336bf2
2026-02-04 11:25:50:613 [3d067a68][XCUITest] Current user: 'meezotech'
2026-02-04 11:25:50:617 [3d067a68][XCUITestDriver@fe5b] Available real devices: 
2026-02-04 11:25:51:052 [3d067a68][XCUITestDriver@fe5b] Constructing iOS simulator for Xcode version 26.1 with udid 'BF288222-4428-4E67-8878-2DAC2732FE3A'
2026-02-04 11:25:51:052 [3d067a68][XCUITestDriver@fe5b] Determining device to run tests on: udid: 'BF288222-4428-4E67-8878-2DAC2732FE3A', real device: false
2026-02-04 11:25:51:052 [3d067a68][XCUITestDriver@fe5b] Event 'xcodeDetailsRetrieved' logged at 1770204351052 (16:25:51 GMT+0500 (Pakistan Standard Time))
2026-02-04 11:25:51:053 [3d067a68][XCUITestDriver@fe5b] Event 'appConfigured' logged at 1770204351052 (16:25:51 GMT+0500 (Pakistan Standard Time))
2026-02-04 11:25:51:053 [3d067a68][XCUITestDriver@fe5b] Event 'resetStarted' logged at 1770204351053 (16:25:51 GMT+0500 (Pakistan Standard Time))
2026-02-04 11:25:51:309 [3d067a68][simctl] Error running 'terminate': An error was encountered processing the command (domain=NSPOSIXErrorDomain, code=3):
Simulator device failed to terminate com.yumealz.uat.
found nothing to terminate
Underlying error (domain=NSPOSIXErrorDomain, code=3):
	The request to terminate "com.yumealz.uat" failed. found nothing to terminate
	found nothing to terminate
2026-02-04 11:25:51:310 [3d067a68][XCUITestDriver@fe5b] Reset: failed to terminate Simulator application with id "com.yumealz.uat"
2026-02-04 11:25:51:684 [3d067a68][XCUITestDriver@fe5b] Found 62 com.yumealz.uat app files to scrub
2026-02-04 11:25:51:948 [3d067a68][simctl] Error running 'terminate': An error was encountered processing the command (domain=NSPOSIXErrorDomain, code=3):
Simulator device failed to terminate com.yumealz.uat.
found nothing to terminate
Underlying error (domain=NSPOSIXErrorDomain, code=3):
	The request to terminate "com.yumealz.uat" failed. found nothing to terminate
	found nothing to terminate
2026-02-04 11:25:51:957 [3d067a68][XCUITestDriver@fe5b] Event 'resetComplete' logged at 1770204351957 (16:25:51 GMT+0500 (Pakistan Standard Time))
2026-02-04 11:25:51:957 [3d067a68][XCUITestDriver@fe5b] Using WDA path: '/Users/meezotech/.appium/node_modules/appium-xcuitest-driver/node_modules/appium-webdriveragent'
2026-02-04 11:25:51:957 [3d067a68][XCUITestDriver@fe5b] Using WDA agent: '/Users/meezotech/.appium/node_modules/appium-xcuitest-driver/node_modules/appium-webdriveragent/WebDriverAgent.xcodeproj'
2026-02-04 11:25:52:211 [3d067a68][XCUITestDriver@fe5b] Starting log capture for iOS Simulator with udid 'BF288222-4428-4E67-8878-2DAC2732FE3A' via simctl using the following arguments 'log stream --style compact'
2026-02-04 11:25:53:459 [3d067a68][XCUITestDriver@fe5b] Event 'logCaptureStarted' logged at 1770204353459 (16:25:53 GMT+0500 (Pakistan Standard Time))
2026-02-04 11:25:53:459 [3d067a68][XCUITestDriver@fe5b] Setting up simulator
2026-02-04 11:25:53:459 [3d067a68][XCUITestDriver@fe5b] Setting preferences of BF288222-4428-4E67-8878-2DAC2732FE3A Simulator to {"ConnectHardwareKeyboard":false}
2026-02-04 11:25:53:459 [3d067a68][XCUITestDriver@fe5b] Setting common Simulator preferences to {"RotateWindowWhenSignaledByGuest":true,"StartLastDeviceOnLaunch":false,"DetachOnWindowClose":false,"AttachBootedOnStart":true,"ConnectHardwareKeyboard":false,"PasteboardAutomaticSync":false}
2026-02-04 11:25:53:511 [3d067a68][XCUITestDriver@fe5b] Updated BF288222-4428-4E67-8878-2DAC2732FE3A Simulator preferences at '/Users/meezotech/Library/Preferences/com.apple.iphonesimulator.plist' with {"RotateWindowWhenSignaledByGuest":true,"StartLastDeviceOnLaunch":false,"DetachOnWindowClose":false,"AttachBootedOnStart":true,"ConnectHardwareKeyboard":false,"PasteboardAutomaticSync":false,"DevicePreferences":{"BF288222-4428-4E67-8878-2DAC2732FE3A":{"SimulatorExternalDisplay":2114,"ConnectHardwareKeyboard":false,"ChromeTint":"","SimulatorWindowOrientation":"Portrait","SimulatorWindowGeometry":{"12ADE5F9-49F4-4C5F-B805-F5CEDB4BEE82":{"WindowCenter":"{1453.5, 543.5}","WindowScale":0.9582417582417583}},"SimulatorWindowRotationAngle":0}}}
2026-02-04 11:25:53:830 [3d067a68][XCUITestDriver@fe5b] Got Simulator UI client PID: 69788
2026-02-04 11:25:53:830 [3d067a68][XCUITestDriver@fe5b] Both Simulator with UDID 'BF288222-4428-4E67-8878-2DAC2732FE3A' and the UI client are currently running
2026-02-04 11:25:53:831 [3d067a68][XCUITestDriver@fe5b] Event 'simStarted' logged at 1770204353831 (16:25:53 GMT+0500 (Pakistan Standard Time))
2026-02-04 11:25:54:358 [3d067a68][XCUITestDriver@fe5b] No obsolete cached processes from previous WDA sessions listening on port 8100 have been found
2026-02-04 11:25:54:358 [3d067a68][DevCon Factory] Requesting connection for device BF288222-4428-4E67-8878-2DAC2732FE3A on local port 8100
2026-02-04 11:25:54:358 [3d067a68][DevCon Factory] Cached connections count: 0
2026-02-04 11:25:54:358 [3d067a68][DevCon Factory] Successfully requested the connection for BF288222-4428-4E67-8878-2DAC2732FE3A:8100
2026-02-04 11:25:54:359 [3d067a68][XCUITestDriver@fe5b] Starting WebDriverAgent initialization with the synchronization key 'XCUITestDriver'
2026-02-04 11:25:54:359 [3d067a68][WD Proxy] NoSessionProxy options: {"server":"127.0.0.1","port":8100,"base":"","timeout":3000,"scheme":"http","reqBasePath":"","sessionId":null}
2026-02-04 11:25:54:359 [3d067a68][WD Proxy] Matched '/status' to command name 'getStatus'
2026-02-04 11:25:54:360 [3d067a68][WD Proxy] Proxying [GET /status] to [GET http://127.0.0.1:8100/status] with no body
2026-02-04 11:25:54:363 [3d067a68][WD Proxy] Got response with status 200: {"value":{"build":{"upgradedAt":"1768811601436","version":"11.1.0","time":"Jan 28 2026 13:44:49","productBundleIdentifier":"com.facebook.WebDriverAgentRunner"},"os":{"testmanagerdVersion":65535,"name":"iOS","sdkVersion":"26.1","version":"26.1"},"device":"iphone","ios":{"simulatorVersion":"26.1","ip":"192.168.0.102"},"message":"WebDriverAgent is ready to accept commands","state":"success","ready":true},"sessionId":null}
2026-02-04 11:25:54:364 [3d067a68][XCUITestDriver@fe5b] Upgrade timestamp of the currently bundled WDA: 1768811601436
2026-02-04 11:25:54:364 [3d067a68][XCUITestDriver@fe5b] Upgrade timestamp of the WDA on the device: 1768811601436
2026-02-04 11:25:54:364 [3d067a68][XCUITestDriver@fe5b] Will reuse previously cached WDA instance at 'http://127.0.0.1:8100/' with 'com.facebook.WebDriverAgentRunner'. Set the wdaLocalPort capability to a value different from 8100 if this is an undesired behavior.
2026-02-04 11:25:54:364 [3d067a68][XCUITestDriver@fe5b] Trying to start WebDriverAgent 1 times with 10000ms interval
2026-02-04 11:25:54:364 [3d067a68][XCUITestDriver@fe5b] Event 'wdaStartAttempted' logged at 1770204354364 (16:25:54 GMT+0500 (Pakistan Standard Time))
2026-02-04 11:25:54:364 [3d067a68][XCUITestDriver@fe5b] Using provided WebdriverAgent at 'http://127.0.0.1:8100/'
2026-02-04 11:25:54:364 [3d067a68][XCUITestDriver@fe5b] JWProxy options: {"scheme":"http","server":"127.0.0.1","port":8100,"base":"","timeout":240000,"keepAlive":true,"reqBasePath":"","sessionId":null}
2026-02-04 11:25:54:365 [3d067a68][XCUITestDriver@fe5b] NoSessionProxy options: {"scheme":"http","server":"127.0.0.1","port":8100,"base":"","timeout":240000,"keepAlive":true,"reqBasePath":"","sessionId":null}
2026-02-04 11:25:54:365 [3d067a68][WD Proxy] NoSessionProxy options: {"server":"127.0.0.1","port":8100,"base":"","timeout":3000,"scheme":"http","reqBasePath":"","sessionId":null}
2026-02-04 11:25:54:365 [3d067a68][WD Proxy] Matched '/status' to command name 'getStatus'
2026-02-04 11:25:54:365 [3d067a68][WD Proxy] Proxying [GET /status] to [GET http://127.0.0.1:8100/status] with no body
2026-02-04 11:25:54:368 [3d067a68][WD Proxy] Got response with status 200: {"value":{"build":{"upgradedAt":"1768811601436","version":"11.1.0","time":"Jan 28 2026 13:44:49","productBundleIdentifier":"com.facebook.WebDriverAgentRunner"},"os":{"testmanagerdVersion":65535,"name":"iOS","sdkVersion":"26.1","version":"26.1"},"device":"iphone","ios":{"simulatorVersion":"26.1","ip":"192.168.0.102"},"message":"WebDriverAgent is ready to accept commands","state":"success","ready":true},"sessionId":null}
2026-02-04 11:25:54:368 [3d067a68][XCUITestDriver@fe5b] Event 'wdaSessionAttempted' logged at 1770204354368 (16:25:54 GMT+0500 (Pakistan Standard Time))
2026-02-04 11:25:54:369 [3d067a68][XCUITestDriver@fe5b] Sending createSession command to WDA
2026-02-04 11:25:54:369 [3d067a68][XCUITestDriver@fe5b] Matched '/session' to command name 'createSession'
2026-02-04 11:25:54:369 [3d067a68][XCUITestDriver@fe5b] Proxying [POST /session] to [POST http://127.0.0.1:8100/session] with body: {"capabilities":{"firstMatch":[{"bundleId":"com.yumealz.uat","arguments":[],"environment":{},"eventloopIdleDelaySec":0,"shouldWaitForQuiescence":true,"shouldUseTestManagerForVisibilityDetection":false,"maxTypingFrequency":60,"shouldUseSingletonTestManager":true,"shouldTerminateApp":true,"forceAppLaunch":true,"useNativeCachingStrategy":true,"forceSimulatorSoftwareKeyboardPresence":true,"defaultAlertAction":"accept"}],"alwaysMatch":{}}}
2026-02-04 11:25:55:117 [3d067a68][XCUITestDriver@fe5b] Parsed BUILD_DIR configuration value: '/Users/meezotech/.appium/node_modules/appium-xcuitest-driver/node_modules/appium-webdriveragent/build'
2026-02-04 11:25:55:117 [3d067a68][XCUITestDriver@fe5b] Got derived data root: '/Users/meezotech/.appium/node_modules/appium-xcuitest-driver/node_modules'
2026-02-04 11:25:58:932 [3d067a68][XCUITestDriver@fe5b] Got response with status 200: {"value":{"sessionId":"355D2C86-BA04-4748-92D8-B6E0999EC2B2","capabilities":{"sdkVersion":"26.1","device":"iphone"}},"sessionId":"355D2C86-BA04-4748-92D8-B6E0999EC2B2"}
2026-02-04 11:25:58:932 [3d067a68][XCUITestDriver@fe5b] Determined the downstream protocol as 'W3C'
2026-02-04 11:25:58:933 [3d067a68][XCUITestDriver@fe5b] WDA session startup took 4564ms
2026-02-04 11:25:58:933 [3d067a68][XCUITestDriver@fe5b] Event 'wdaSessionStarted' logged at 1770204358933 (16:25:58 GMT+0500 (Pakistan Standard Time))
2026-02-04 11:25:58:933 [3d067a68][XCUITestDriver@fe5b] WebDriverAgent version: '11.1.0'
2026-02-04 11:25:58:933 [3d067a68][XCUITestDriver@fe5b] Event 'wdaStarted' logged at 1770204358933 (16:25:58 GMT+0500 (Pakistan Standard Time))
2026-02-04 11:25:58:933 [3d067a68][BaseDriver] The value of 'elementResponseAttributes' setting did not change. Skipping the update for it
2026-02-04 11:25:58:933 [3d067a68][BaseDriver] The value of 'shouldUseCompactResponses' setting did not change. Skipping the update for it
2026-02-04 11:25:58:933 [3d067a68][XCUITestDriver@fe5b] Forwarding MJPEG server port 9100 to local port 9100
2026-02-04 11:25:58:933 [3d067a68][DevCon Factory] Requesting connection for device BF288222-4428-4E67-8878-2DAC2732FE3A on local port 9100, device port 9100
2026-02-04 11:25:58:933 [3d067a68][DevCon Factory] Cached connections count: 1
2026-02-04 11:25:58:933 [3d067a68][DevCon Factory] Successfully requested the connection for BF288222-4428-4E67-8878-2DAC2732FE3A:9100
2026-02-04 11:25:58:934 [3d067a68][AppiumDriver@a33e] New XCUITestDriver session created successfully, session 3d067a68-b09a-4b25-957c-63e77c336bf2 added to master session list
2026-02-04 11:25:58:934 [3d067a68][AppiumDriver@a33e] Event 'newSessionStarted' logged at 1770204358934 (16:25:58 GMT+0500 (Pakistan Standard Time))
2026-02-04 11:25:58:934 [3d067a68][XCUITestDriver@fe5b] Cached the protocol value 'W3C' for the new session 3d067a68-b09a-4b25-957c-63e77c336bf2
2026-02-04 11:25:58:934 [3d067a68][XCUITestDriver@fe5b] Responding to client with driver.createSession() result: {"capabilities":{"webStorageEnabled":false,"locationContextEnabled":false,"browserName":"","platform":"MAC","javascriptEnabled":true,"databaseEnabled":false,"takesScreenshot":true,"networkConnectionEnabled":false,"platformName":"iOS","automationName":"XCUITest","platformVersion":"17.0","deviceName":"iPhone 17","udid":"BF288222-4428-4E67-8878-2DAC2732FE3A","bundleId":"com.yumealz.uat","noReset":false,"showXcodeLog":false,"wdaStartupRetries":1,"autoAcceptAlerts":true}}
2026-02-04 11:25:58:934 [3d067a68][HTTP] <-- POST /session 200 8341 ms - 532 
2026-02-04 11:25:58:936 [3d067a68][HTTP] --> POST /session/3d067a68-b09a-4b25-957c-63e77c336bf2/element {"using":"name","value":"Skip"}
2026-02-04 11:25:58:937 [3d067a68][XCUITestDriver@fe5b] Calling AppiumDriver.findElement() with args: ["name","Skip","3d067a68-b09a-4b25-957c-63e77c336bf2"]
2026-02-04 11:25:58:937 [3d067a68][XCUITestDriver@fe5b] Executing command 'findElement'
2026-02-04 11:25:58:937 [3d067a68][XCUITestDriver@fe5b] Valid locator strategies for this request: xpath, id, name, class name, -ios predicate string, -ios class chain, accessibility id, css selector
2026-02-04 11:25:58:937 [3d067a68][XCUITestDriver@fe5b] Waiting up to 0 ms for condition
2026-02-04 11:25:58:937 [3d067a68][XCUITestDriver@fe5b] Matched '/element' to command name 'findElement'
2026-02-04 11:25:58:938 [3d067a68][XCUITestDriver@fe5b] Proxying [POST /element] to [POST http://127.0.0.1:8100/session/355D2C86-BA04-4748-92D8-B6E0999EC2B2/element] with body: {"using":"name","value":"Skip"}
2026-02-04 11:25:59:266 [ef24e10f][HTTP] --> GET /session/ef24e10f-2c50-45c3-8819-1f78563223c6/timeouts 
2026-02-04 11:25:59:267 [ef24e10f][AppiumDriver@a33e] Encountered internal error running command: NoSuchDriverError: A session is either terminated or not started
    at asyncHandler (/usr/local/lib/node_modules/appium/node_modules/@appium/base-driver/lib/protocol/protocol.ts:329:15)
    at /usr/local/lib/node_modules/appium/node_modules/@appium/base-driver/lib/protocol/protocol.ts:524:15
    at Layer.handleRequest (/usr/local/lib/node_modules/appium/node_modules/router/lib/layer.js:152:17)
    at next (/usr/local/lib/node_modules/appium/node_modules/router/lib/route.js:157:13)
    at Route.dispatch (/usr/local/lib/node_modules/appium/node_modules/router/lib/route.js:117:3)
    at handle (/usr/local/lib/node_modules/appium/node_modules/router/index.js:435:11)
    at Layer.handleRequest (/usr/local/lib/node_modules/appium/node_modules/router/lib/layer.js:152:17)
    at /usr/local/lib/node_modules/appium/node_modules/router/index.js:295:15
    at param (/usr/local/lib/node_modules/appium/node_modules/router/index.js:600:14)
    at param (/usr/local/lib/node_modules/appium/node_modules/router/index.js:610:14)
    at processParams (/usr/local/lib/node_modules/appium/node_modules/router/index.js:664:3)
    at next (/usr/local/lib/node_modules/appium/node_modules/router/index.js:291:5)
    at logger (/usr/local/lib/node_modules/appium/node_modules/morgan/index.js:144:5)
    at Layer.handleRequest (/usr/local/lib/node_modules/appium/node_modules/router/lib/layer.js:152:17)
    at trimPrefix (/usr/local/lib/node_modules/appium/node_modules/router/index.js:342:13)
    at /usr/local/lib/node_modules/appium/node_modules/router/index.js:297:9
    at processParams (/usr/local/lib/node_modules/appium/node_modules/router/index.js:582:12)
    at next (/usr/local/lib/node_modules/appium/node_modules/router/index.js:291:5)
    at read (/usr/local/lib/node_modules/appium/node_modules/body-parser/lib/read.js:54:5)
    at jsonParser (/usr/local/lib/node_modules/appium/node_modules/body-parser/lib/types/json.js:90:5)
    at Layer.handleRequest (/usr/local/lib/node_modules/appium/node_modules/router/lib/layer.js:152:17)
    at trimPrefix (/usr/local/lib/node_modules/appium/node_modules/router/index.js:342:13)
2026-02-04 11:25:59:268 [ef24e10f][HTTP] <-- GET /session/ef24e10f-2c50-45c3-8819-1f78563223c6/timeouts 404 1 ms - 2263 
2026-02-04 11:26:00:593 [3d067a68][XCUITestDriver@fe5b] Got response with status 404: {"value":{"error":"no such element","message":"unable to find an element using 'name', value 'Skip'","traceback":"(\n\t0   WebDriverAgentLib                   0x0000000116ad3462 FBNoSuchElementErrorResponseForRequest + 290\n\t1   WebDriverAgentLib                   0x0000000116ad3240 +[FBFindElementCommands handleFindElement:] + 352\n\t2   WebDriverAgentLib                   0x0000000116a92ccc -[FBRoute_TargetAction mountRequest:intoResponse:] + 172\n\t3   WebDriverAgentLib                   0x0000000116a79d99 __37-[FBWebServer registerRouteHandlers:]_block_invoke + 489\n\t4   WebDriverAgentLib                   0x0000000116ab5839 -[RoutingHTTPServer handleRoute:withRequest:response:] + 185\n\t5   WebDriverAgentLib                   0x0000000116ab6601 __72-[RoutingHTTPServer routeMethod:withPath:parameters:request:connection:]_block_invoke + 65\n\t6   libdispatch.dylib                   0x00007ff8026847ce _dispatch_client_callout + 6\n\t7   libdispatch.dylib                   0x00007ff80267a942 _dispatch_a...
2026-02-04 11:26:00:593 [3d067a68][W3C] Matched W3C error code 'no such element' to NoSuchElementError
2026-02-04 11:26:00:594 [3d067a68][XCUITestDriver@fe5b] Encountered internal error running command: NoSuchElementError: An element could not be located on the page using the given search parameters.
    at XCUITestDriver.doNativeFind (/Users/meezotech/.appium/node_modules/appium-xcuitest-driver/lib/commands/find.ts:205:13)
    at processTicksAndRejections (node:internal/process/task_queues:103:5)
    at XCUITestDriver.findNativeElementOrElements (/Users/meezotech/.appium/node_modules/appium-xcuitest-driver/lib/commands/find.ts:130:7)
    at XCUITestDriver.findElOrEls (/Users/meezotech/.appium/node_modules/appium-xcuitest-driver/lib/commands/find.ts:54:7)
    at XCUITestDriver.findElOrElsWithProcessing (/usr/local/lib/node_modules/appium/node_modules/@appium/base-driver/lib/basedriver/commands/find.ts:60:12)
    at XCUITestDriver.findElement (/usr/local/lib/node_modules/appium/node_modules/@appium/base-driver/lib/basedriver/commands/find.ts:75:12)
2026-02-04 11:26:00:594 [3d067a68][HTTP] <-- POST /session/3d067a68-b09a-4b25-957c-63e77c336bf2/element 404 1658 ms - 1010 
2026-02-04 11:26:01:102 [3d067a68][HTTP] --> POST /session/3d067a68-b09a-4b25-957c-63e77c336bf2/element {"using":"name","value":"Skip"}
2026-02-04 11:26:01:102 [3d067a68][XCUITestDriver@fe5b] Calling AppiumDriver.findElement() with args: ["name","Skip","3d067a68-b09a-4b25-957c-63e77c336bf2"]
2026-02-04 11:26:01:102 [3d067a68][XCUITestDriver@fe5b] Executing command 'findElement'
2026-02-04 11:26:01:103 [3d067a68][XCUITestDriver@fe5b] Valid locator strategies for this request: xpath, id, name, class name, -ios predicate string, -ios class chain, accessibility id, css selector
2026-02-04 11:26:01:103 [3d067a68][XCUITestDriver@fe5b] Waiting up to 0 ms for condition
2026-02-04 11:26:01:103 [3d067a68][XCUITestDriver@fe5b] Matched '/element' to command name 'findElement'
2026-02-04 11:26:01:103 [3d067a68][XCUITestDriver@fe5b] Proxying [POST /element] to [POST http://127.0.0.1:8100/session/355D2C86-BA04-4748-92D8-B6E0999EC2B2/element] with body: {"using":"name","value":"Skip"}
2026-02-04 11:26:01:139 [3d067a68][XCUITestDriver@fe5b] Got response with status 404: {"value":{"error":"no such element","message":"unable to find an element using 'name', value 'Skip'","traceback":"(\n\t0   WebDriverAgentLib                   0x0000000116ad3462 FBNoSuchElementErrorResponseForRequest + 290\n\t1   WebDriverAgentLib                   0x0000000116ad3240 +[FBFindElementCommands handleFindElement:] + 352\n\t2   WebDriverAgentLib                   0x0000000116a92ccc -[FBRoute_TargetAction mountRequest:intoResponse:] + 172\n\t3   WebDriverAgentLib                   0x0000000116a79d99 __37-[FBWebServer registerRouteHandlers:]_block_invoke + 489\n\t4   WebDriverAgentLib                   0x0000000116ab5839 -[RoutingHTTPServer handleRoute:withRequest:response:] + 185\n\t5   WebDriverAgentLib                   0x0000000116ab6601 __72-[RoutingHTTPServer routeMethod:withPath:parameters:request:connection:]_block_invoke + 65\n\t6   libdispatch.dylib                   0x00007ff8026847ce _dispatch_client_callout + 6\n\t7   libdispatch.dylib                   0x00007ff80267a942 _dispatch_a...
2026-02-04 11:26:01:140 [3d067a68][W3C] Matched W3C error code 'no such element' to NoSuchElementError
2026-02-04 11:26:01:140 [3d067a68][XCUITestDriver@fe5b] Encountered internal error running command: NoSuchElementError: An element could not be located on the page using the given search parameters.
    at XCUITestDriver.doNativeFind (/Users/meezotech/.appium/node_modules/appium-xcuitest-driver/lib/commands/find.ts:205:13)
    at processTicksAndRejections (node:internal/process/task_queues:103:5)
    at XCUITestDriver.findNativeElementOrElements (/Users/meezotech/.appium/node_modules/appium-xcuitest-driver/lib/commands/find.ts:130:7)
    at XCUITestDriver.findElOrEls (/Users/meezotech/.appium/node_modules/appium-xcuitest-driver/lib/commands/find.ts:54:7)
    at XCUITestDriver.findElOrElsWithProcessing (/usr/local/lib/node_modules/appium/node_modules/@appium/base-driver/lib/basedriver/commands/find.ts:60:12)
    at XCUITestDriver.findElement (/usr/local/lib/node_modules/appium/node_modules/@appium/base-driver/lib/basedriver/commands/find.ts:75:12)
2026-02-04 11:26:01:141 [3d067a68][HTTP] <-- POST /session/3d067a68-b09a-4b25-957c-63e77c336bf2/element 404 39 ms - 1010 
2026-02-04 11:26:01:645 [3d067a68][HTTP] --> POST /session/3d067a68-b09a-4b25-957c-63e77c336bf2/element {"using":"name","value":"Skip"}
2026-02-04 11:26:01:645 [3d067a68][XCUITestDriver@fe5b] Calling AppiumDriver.findElement() with args: ["name","Skip","3d067a68-b09a-4b25-957c-63e77c336bf2"]
2026-02-04 11:26:01:645 [3d067a68][XCUITestDriver@fe5b] Executing command 'findElement'
2026-02-04 11:26:01:646 [3d067a68][XCUITestDriver@fe5b] Valid locator strategies for this request: xpath, id, name, class name, -ios predicate string, -ios class chain, accessibility id, css selector
2026-02-04 11:26:01:646 [3d067a68][XCUITestDriver@fe5b] Waiting up to 0 ms for condition
2026-02-04 11:26:01:646 [3d067a68][XCUITestDriver@fe5b] Matched '/element' to command name 'findElement'
2026-02-04 11:26:01:646 [3d067a68][XCUITestDriver@fe5b] Proxying [POST /element] to [POST http://127.0.0.1:8100/session/355D2C86-BA04-4748-92D8-B6E0999EC2B2/element] with body: {"using":"name","value":"Skip"}
2026-02-04 11:26:01:685 [3d067a68][XCUITestDriver@fe5b] Got response with status 404: {"value":{"error":"no such element","message":"unable to find an element using 'name', value 'Skip'","traceback":"(\n\t0   WebDriverAgentLib                   0x0000000116ad3462 FBNoSuchElementErrorResponseForRequest + 290\n\t1   WebDriverAgentLib                   0x0000000116ad3240 +[FBFindElementCommands handleFindElement:] + 352\n\t2   WebDriverAgentLib                   0x0000000116a92ccc -[FBRoute_TargetAction mountRequest:intoResponse:] + 172\n\t3   WebDriverAgentLib                   0x0000000116a79d99 __37-[FBWebServer registerRouteHandlers:]_block_invoke + 489\n\t4   WebDriverAgentLib                   0x0000000116ab5839 -[RoutingHTTPServer handleRoute:withRequest:response:] + 185\n\t5   WebDriverAgentLib                   0x0000000116ab6601 __72-[RoutingHTTPServer routeMethod:withPath:parameters:request:connection:]_block_invoke + 65\n\t6   libdispatch.dylib                   0x00007ff8026847ce _dispatch_client_callout + 6\n\t7   libdispatch.dylib                   0x00007ff80267a942 _dispatch_a...
2026-02-04 11:26:01:686 [3d067a68][W3C] Matched W3C error code 'no such element' to NoSuchElementError
2026-02-04 11:26:01:687 [3d067a68][XCUITestDriver@fe5b] Encountered internal error running command: NoSuchElementError: An element could not be located on the page using the given search parameters.
    at XCUITestDriver.doNativeFind (/Users/meezotech/.appium/node_modules/appium-xcuitest-driver/lib/commands/find.ts:205:13)
    at processTicksAndRejections (node:internal/process/task_queues:103:5)
    at XCUITestDriver.findNativeElementOrElements (/Users/meezotech/.appium/node_modules/appium-xcuitest-driver/lib/commands/find.ts:130:7)
    at XCUITestDriver.findElOrEls (/Users/meezotech/.appium/node_modules/appium-xcuitest-driver/lib/commands/find.ts:54:7)
    at XCUITestDriver.findElOrElsWithProcessing (/usr/local/lib/node_modules/appium/node_modules/@appium/base-driver/lib/basedriver/commands/find.ts:60:12)
    at XCUITestDriver.findElement (/usr/local/lib/node_modules/appium/node_modules/@appium/base-driver/lib/basedriver/commands/find.ts:75:12)
2026-02-04 11:26:01:687 [3d067a68][HTTP] <-- POST /session/3d067a68-b09a-4b25-957c-63e77c336bf2/element 404 42 ms - 1010 
2026-02-04 11:26:02:192 [3d067a68][HTTP] --> POST /session/3d067a68-b09a-4b25-957c-63e77c336bf2/element {"using":"name","value":"Skip"}
2026-02-04 11:26:02:193 [3d067a68][XCUITestDriver@fe5b] Calling AppiumDriver.findElement() with args: ["name","Skip","3d067a68-b09a-4b25-957c-63e77c336bf2"]
2026-02-04 11:26:02:193 [3d067a68][XCUITestDriver@fe5b] Executing command 'findElement'
2026-02-04 11:26:02:193 [3d067a68][XCUITestDriver@fe5b] Valid locator strategies for this request: xpath, id, name, class name, -ios predicate string, -ios class chain, accessibility id, css selector
2026-02-04 11:26:02:193 [3d067a68][XCUITestDriver@fe5b] Waiting up to 0 ms for condition
2026-02-04 11:26:02:193 [3d067a68][XCUITestDriver@fe5b] Matched '/element' to command name 'findElement'
2026-02-04 11:26:02:193 [3d067a68][XCUITestDriver@fe5b] Proxying [POST /element] to [POST http://127.0.0.1:8100/session/355D2C86-BA04-4748-92D8-B6E0999EC2B2/element] with body: {"using":"name","value":"Skip"}
2026-02-04 11:26:02:225 [3d067a68][XCUITestDriver@fe5b] Got response with status 404: {"value":{"error":"no such element","message":"unable to find an element using 'name', value 'Skip'","traceback":"(\n\t0   WebDriverAgentLib                   0x0000000116ad3462 FBNoSuchElementErrorResponseForRequest + 290\n\t1   WebDriverAgentLib                   0x0000000116ad3240 +[FBFindElementCommands handleFindElement:] + 352\n\t2   WebDriverAgentLib                   0x0000000116a92ccc -[FBRoute_TargetAction mountRequest:intoResponse:] + 172\n\t3   WebDriverAgentLib                   0x0000000116a79d99 __37-[FBWebServer registerRouteHandlers:]_block_invoke + 489\n\t4   WebDriverAgentLib                   0x0000000116ab5839 -[RoutingHTTPServer handleRoute:withRequest:response:] + 185\n\t5   WebDriverAgentLib                   0x0000000116ab6601 __72-[RoutingHTTPServer routeMethod:withPath:parameters:request:connection:]_block_invoke + 65\n\t6   libdispatch.dylib                   0x00007ff8026847ce _dispatch_client_callout + 6\n\t7   libdispatch.dylib                   0x00007ff80267a942 _dispatch_a...
2026-02-04 11:26:02:225 [3d067a68][W3C] Matched W3C error code 'no such element' to NoSuchElementError
2026-02-04 11:26:02:226 [3d067a68][XCUITestDriver@fe5b] Encountered internal error running command: NoSuchElementError: An element could not be located on the page using the given search parameters.
    at XCUITestDriver.doNativeFind (/Users/meezotech/.appium/node_modules/appium-xcuitest-driver/lib/commands/find.ts:205:13)
    at processTicksAndRejections (node:internal/process/task_queues:103:5)
    at XCUITestDriver.findNativeElementOrElements (/Users/meezotech/.appium/node_modules/appium-xcuitest-driver/lib/commands/find.ts:130:7)
    at XCUITestDriver.findElOrEls (/Users/meezotech/.appium/node_modules/appium-xcuitest-driver/lib/commands/find.ts:54:7)
    at XCUITestDriver.findElOrElsWithProcessing (/usr/local/lib/node_modules/appium/node_modules/@appium/base-driver/lib/basedriver/commands/find.ts:60:12)
    at XCUITestDriver.findElement (/usr/local/lib/node_modules/appium/node_modules/@appium/base-driver/lib/basedriver/commands/find.ts:75:12)
2026-02-04 11:26:02:226 [3d067a68][HTTP] <-- POST /session/3d067a68-b09a-4b25-957c-63e77c336bf2/element 404 34 ms - 1010 
2026-02-04 11:26:02:730 [3d067a68][HTTP] --> POST /session/3d067a68-b09a-4b25-957c-63e77c336bf2/element {"using":"name","value":"Skip"}
2026-02-04 11:26:02:730 [3d067a68][XCUITestDriver@fe5b] Calling AppiumDriver.findElement() with args: ["name","Skip","3d067a68-b09a-4b25-957c-63e77c336bf2"]
2026-02-04 11:26:02:731 [3d067a68][XCUITestDriver@fe5b] Executing command 'findElement'
2026-02-04 11:26:02:731 [3d067a68][XCUITestDriver@fe5b] Valid locator strategies for this request: xpath, id, name, class name, -ios predicate string, -ios class chain, accessibility id, css selector
2026-02-04 11:26:02:731 [3d067a68][XCUITestDriver@fe5b] Waiting up to 0 ms for condition
2026-02-04 11:26:02:731 [3d067a68][XCUITestDriver@fe5b] Matched '/element' to command name 'findElement'
2026-02-04 11:26:02:731 [3d067a68][XCUITestDriver@fe5b] Proxying [POST /element] to [POST http://127.0.0.1:8100/session/355D2C86-BA04-4748-92D8-B6E0999EC2B2/element] with body: {"using":"name","value":"Skip"}
2026-02-04 11:26:02:765 [3d067a68][XCUITestDriver@fe5b] Got response with status 404: {"value":{"error":"no such element","message":"unable to find an element using 'name', value 'Skip'","traceback":"(\n\t0   WebDriverAgentLib                   0x0000000116ad3462 FBNoSuchElementErrorResponseForRequest + 290\n\t1   WebDriverAgentLib                   0x0000000116ad3240 +[FBFindElementCommands handleFindElement:] + 352\n\t2   WebDriverAgentLib                   0x0000000116a92ccc -[FBRoute_TargetAction mountRequest:intoResponse:] + 172\n\t3   WebDriverAgentLib                   0x0000000116a79d99 __37-[FBWebServer registerRouteHandlers:]_block_invoke + 489\n\t4   WebDriverAgentLib                   0x0000000116ab5839 -[RoutingHTTPServer handleRoute:withRequest:response:] + 185\n\t5   WebDriverAgentLib                   0x0000000116ab6601 __72-[RoutingHTTPServer routeMethod:withPath:parameters:request:connection:]_block_invoke + 65\n\t6   libdispatch.dylib                   0x00007ff8026847ce _dispatch_client_callout + 6\n\t7   libdispatch.dylib                   0x00007ff80267a942 _dispatch_a...
2026-02-04 11:26:02:765 [3d067a68][W3C] Matched W3C error code 'no such element' to NoSuchElementError
2026-02-04 11:26:02:766 [3d067a68][XCUITestDriver@fe5b] Encountered internal error running command: NoSuchElementError: An element could not be located on the page using the given search parameters.
    at XCUITestDriver.doNativeFind (/Users/meezotech/.appium/node_modules/appium-xcuitest-driver/lib/commands/find.ts:205:13)
    at processTicksAndRejections (node:internal/process/task_queues:103:5)
    at XCUITestDriver.findNativeElementOrElements (/Users/meezotech/.appium/node_modules/appium-xcuitest-driver/lib/commands/find.ts:130:7)
    at XCUITestDriver.findElOrEls (/Users/meezotech/.appium/node_modules/appium-xcuitest-driver/lib/commands/find.ts:54:7)
    at XCUITestDriver.findElOrElsWithProcessing (/usr/local/lib/node_modules/appium/node_modules/@appium/base-driver/lib/basedriver/commands/find.ts:60:12)
    at XCUITestDriver.findElement (/usr/local/lib/node_modules/appium/node_modules/@appium/base-driver/lib/basedriver/commands/find.ts:75:12)
2026-02-04 11:26:02:766 [3d067a68][HTTP] <-- POST /session/3d067a68-b09a-4b25-957c-63e77c336bf2/element 404 36 ms - 1010 
2026-02-04 11:26:03:273 [3d067a68][HTTP] --> POST /session/3d067a68-b09a-4b25-957c-63e77c336bf2/element {"using":"name","value":"Skip"}
2026-02-04 11:26:03:273 [3d067a68][XCUITestDriver@fe5b] Calling AppiumDriver.findElement() with args: ["name","Skip","3d067a68-b09a-4b25-957c-63e77c336bf2"]
2026-02-04 11:26:03:273 [3d067a68][XCUITestDriver@fe5b] Executing command 'findElement'
2026-02-04 11:26:03:273 [3d067a68][XCUITestDriver@fe5b] Valid locator strategies for this request: xpath, id, name, class name, -ios predicate string, -ios class chain, accessibility id, css selector
2026-02-04 11:26:03:273 [3d067a68][XCUITestDriver@fe5b] Waiting up to 0 ms for condition
2026-02-04 11:26:03:273 [3d067a68][XCUITestDriver@fe5b] Matched '/element' to command name 'findElement'
2026-02-04 11:26:03:274 [3d067a68][XCUITestDriver@fe5b] Proxying [POST /element] to [POST http://127.0.0.1:8100/session/355D2C86-BA04-4748-92D8-B6E0999EC2B2/element] with body: {"using":"name","value":"Skip"}
2026-02-04 11:26:03:405 [3d067a68][XCUITestDriver@fe5b] Got response with status 404: {"value":{"error":"no such element","message":"unable to find an element using 'name', value 'Skip'","traceback":"(\n\t0   WebDriverAgentLib                   0x0000000116ad3462 FBNoSuchElementErrorResponseForRequest + 290\n\t1   WebDriverAgentLib                   0x0000000116ad3240 +[FBFindElementCommands handleFindElement:] + 352\n\t2   WebDriverAgentLib                   0x0000000116a92ccc -[FBRoute_TargetAction mountRequest:intoResponse:] + 172\n\t3   WebDriverAgentLib                   0x0000000116a79d99 __37-[FBWebServer registerRouteHandlers:]_block_invoke + 489\n\t4   WebDriverAgentLib                   0x0000000116ab5839 -[RoutingHTTPServer handleRoute:withRequest:response:] + 185\n\t5   WebDriverAgentLib                   0x0000000116ab6601 __72-[RoutingHTTPServer routeMethod:withPath:parameters:request:connection:]_block_invoke + 65\n\t6   libdispatch.dylib                   0x00007ff8026847ce _dispatch_client_callout + 6\n\t7   libdispatch.dylib                   0x00007ff80267a942 _dispatch_a...
2026-02-04 11:26:03:406 [3d067a68][W3C] Matched W3C error code 'no such element' to NoSuchElementError
2026-02-04 11:26:03:406 [3d067a68][XCUITestDriver@fe5b] Encountered internal error running command: NoSuchElementError: An element could not be located on the page using the given search parameters.
    at XCUITestDriver.doNativeFind (/Users/meezotech/.appium/node_modules/appium-xcuitest-driver/lib/commands/find.ts:205:13)
    at processTicksAndRejections (node:internal/process/task_queues:103:5)
    at XCUITestDriver.findNativeElementOrElements (/Users/meezotech/.appium/node_modules/appium-xcuitest-driver/lib/commands/find.ts:130:7)
    at XCUITestDriver.findElOrEls (/Users/meezotech/.appium/node_modules/appium-xcuitest-driver/lib/commands/find.ts:54:7)
    at XCUITestDriver.findElOrElsWithProcessing (/usr/local/lib/node_modules/appium/node_modules/@appium/base-driver/lib/basedriver/commands/find.ts:60:12)
    at XCUITestDriver.findElement (/usr/local/lib/node_modules/appium/node_modules/@appium/base-driver/lib/basedriver/commands/find.ts:75:12)
2026-02-04 11:26:03:407 [3d067a68][HTTP] <-- POST /session/3d067a68-b09a-4b25-957c-63e77c336bf2/element 404 134 ms - 1010 
2026-02-04 11:26:03:912 [3d067a68][HTTP] --> POST /session/3d067a68-b09a-4b25-957c-63e77c336bf2/element {"using":"name","value":"Skip"}
2026-02-04 11:26:03:913 [3d067a68][XCUITestDriver@fe5b] Calling AppiumDriver.findElement() with args: ["name","Skip","3d067a68-b09a-4b25-957c-63e77c336bf2"]
2026-02-04 11:26:03:913 [3d067a68][XCUITestDriver@fe5b] Executing command 'findElement'
2026-02-04 11:26:03:913 [3d067a68][XCUITestDriver@fe5b] Valid locator strategies for this request: xpath, id, name, class name, -ios predicate string, -ios class chain, accessibility id, css selector
2026-02-04 11:26:03:913 [3d067a68][XCUITestDriver@fe5b] Waiting up to 0 ms for condition
2026-02-04 11:26:03:913 [3d067a68][XCUITestDriver@fe5b] Matched '/element' to command name 'findElement'
2026-02-04 11:26:03:914 [3d067a68][XCUITestDriver@fe5b] Proxying [POST /element] to [POST http://127.0.0.1:8100/session/355D2C86-BA04-4748-92D8-B6E0999EC2B2/element] with body: {"using":"name","value":"Skip"}
2026-02-04 11:26:04:014 [3d067a68][XCUITestDriver@fe5b] Got response with status 200: {"value":{"ELEMENT":"19000000-0000-0000-0602-010000000000","element-6066-11e4-a52e-4f735466cecf":"19000000-0000-0000-0602-010000000000"},"sessionId":"355D2C86-BA04-4748-92D8-B6E0999EC2B2"}
2026-02-04 11:26:04:014 [3d067a68][XCUITestDriver@fe5b] Responding to client with driver.findElement() result: {"element-6066-11e4-a52e-4f735466cecf":"19000000-0000-0000-0602-010000000000","ELEMENT":"19000000-0000-0000-0602-010000000000"}
2026-02-04 11:26:04:014 [3d067a68][HTTP] <-- POST /session/3d067a68-b09a-4b25-957c-63e77c336bf2/element 200 102 ms - 137 
2026-02-04 11:26:04:015 [3d067a68][HTTP] --> GET /session/3d067a68-b09a-4b25-957c-63e77c336bf2/element/19000000-0000-0000-0602-010000000000/displayed 
2026-02-04 11:26:04:016 [3d067a68][XCUITestDriver@fe5b] Driver proxy active, passing request on via HTTP proxy
2026-02-04 11:26:04:016 [3d067a68][XCUITestDriver@fe5b] Executing command 'proxyReqRes'
2026-02-04 11:26:04:016 [3d067a68][XCUITestDriver@fe5b] Matched '/session/3d067a68-b09a-4b25-957c-63e77c336bf2/element/19000000-0000-0000-0602-010000000000/displayed' to command name 'elementDisplayed'
2026-02-04 11:26:04:016 [3d067a68][XCUITestDriver@fe5b] Proxying [GET /session/3d067a68-b09a-4b25-957c-63e77c336bf2/element/19000000-0000-0000-0602-010000000000/displayed] to [GET http://127.0.0.1:8100/session/355D2C86-BA04-4748-92D8-B6E0999EC2B2/element/19000000-0000-0000-0602-010000000000/displayed] with no body
2026-02-04 11:26:04:076 [3d067a68][XCUITestDriver@fe5b] Got response with status 200: {"value":true,"sessionId":"355D2C86-BA04-4748-92D8-B6E0999EC2B2"}
2026-02-04 11:26:04:076 [3d067a68][XCUITestDriver@fe5b] Replacing sessionId 355D2C86-BA04-4748-92D8-B6E0999EC2B2 with 3d067a68-b09a-4b25-957c-63e77c336bf2
2026-02-04 11:26:04:077 [3d067a68][HTTP] <-- GET /session/3d067a68-b09a-4b25-957c-63e77c336bf2/element/19000000-0000-0000-0602-010000000000/displayed 200 61 ms - 14 
2026-02-04 11:26:04:078 [3d067a68][HTTP] --> GET /session/3d067a68-b09a-4b25-957c-63e77c336bf2/element/19000000-0000-0000-0602-010000000000/enabled 
2026-02-04 11:26:04:078 [3d067a68][XCUITestDriver@fe5b] Driver proxy active, passing request on via HTTP proxy
2026-02-04 11:26:04:078 [3d067a68][XCUITestDriver@fe5b] Executing command 'proxyReqRes'
2026-02-04 11:26:04:079 [3d067a68][XCUITestDriver@fe5b] Matched '/session/3d067a68-b09a-4b25-957c-63e77c336bf2/element/19000000-0000-0000-0602-010000000000/enabled' to command name 'elementEnabled'
2026-02-04 11:26:04:079 [3d067a68][XCUITestDriver@fe5b] Proxying [GET /session/3d067a68-b09a-4b25-957c-63e77c336bf2/element/19000000-0000-0000-0602-010000000000/enabled] to [GET http://127.0.0.1:8100/session/355D2C86-BA04-4748-92D8-B6E0999EC2B2/element/19000000-0000-0000-0602-010000000000/enabled] with no body
2026-02-04 11:26:04:126 [3d067a68][XCUITestDriver@fe5b] Got response with status 200: {"value":true,"sessionId":"355D2C86-BA04-4748-92D8-B6E0999EC2B2"}
2026-02-04 11:26:04:126 [3d067a68][XCUITestDriver@fe5b] Replacing sessionId 355D2C86-BA04-4748-92D8-B6E0999EC2B2 with 3d067a68-b09a-4b25-957c-63e77c336bf2
2026-02-04 11:26:04:127 [3d067a68][HTTP] <-- GET /session/3d067a68-b09a-4b25-957c-63e77c336bf2/element/19000000-0000-0000-0602-010000000000/enabled 200 49 ms - 14 
2026-02-04 11:26:04:128 [3d067a68][HTTP] --> POST /session/3d067a68-b09a-4b25-957c-63e77c336bf2/element/19000000-0000-0000-0602-010000000000/click {}
2026-02-04 11:26:04:128 [3d067a68][XCUITestDriver@fe5b] Driver proxy active, passing request on via HTTP proxy
2026-02-04 11:26:04:128 [3d067a68][XCUITestDriver@fe5b] Executing command 'proxyReqRes'
2026-02-04 11:26:04:129 [3d067a68][XCUITestDriver@fe5b] Matched '/session/3d067a68-b09a-4b25-957c-63e77c336bf2/element/19000000-0000-0000-0602-010000000000/click' to command name 'click'
2026-02-04 11:26:04:129 [3d067a68][XCUITestDriver@fe5b] Proxying [POST /session/3d067a68-b09a-4b25-957c-63e77c336bf2/element/19000000-0000-0000-0602-010000000000/click] to [POST http://127.0.0.1:8100/session/355D2C86-BA04-4748-92D8-B6E0999EC2B2/element/19000000-0000-0000-0602-010000000000/click] with body: {}
2026-02-04 11:26:04:727 [3d067a68][XCUITestDriver@fe5b] Got response with status 200: {"value":null,"sessionId":"355D2C86-BA04-4748-92D8-B6E0999EC2B2"}
2026-02-04 11:26:04:727 [3d067a68][XCUITestDriver@fe5b] Replacing sessionId 355D2C86-BA04-4748-92D8-B6E0999EC2B2 with 3d067a68-b09a-4b25-957c-63e77c336bf2
2026-02-04 11:26:04:728 [3d067a68][HTTP] <-- POST /session/3d067a68-b09a-4b25-957c-63e77c336bf2/element/19000000-0000-0000-0602-010000000000/click 200 600 ms - 14 
2026-02-04 11:26:04:729 [3d067a68][HTTP] --> POST /session/3d067a68-b09a-4b25-957c-63e77c336bf2/element {"using":"name","value":"Home\nTab 1 of 5"}
2026-02-04 11:26:04:729 [3d067a68][XCUITestDriver@fe5b] Calling AppiumDriver.findElement() with args: ["name","Home\nTab 1 of 5","3d067a68-b09a-4b25-957c-63e77c336bf2"]
2026-02-04 11:26:04:729 [3d067a68][XCUITestDriver@fe5b] Executing command 'findElement'
2026-02-04 11:26:04:729 [3d067a68][XCUITestDriver@fe5b] Valid locator strategies for this request: xpath, id, name, class name, -ios predicate string, -ios class chain, accessibility id, css selector
2026-02-04 11:26:04:730 [3d067a68][XCUITestDriver@fe5b] Waiting up to 0 ms for condition
2026-02-04 11:26:04:730 [3d067a68][XCUITestDriver@fe5b] Matched '/element' to command name 'findElement'
2026-02-04 11:26:04:730 [3d067a68][XCUITestDriver@fe5b] Proxying [POST /element] to [POST http://127.0.0.1:8100/session/355D2C86-BA04-4748-92D8-B6E0999EC2B2/element] with body: {"using":"name","value":"Home\nTab 1 of 5"}
2026-02-04 11:26:04:930 [3d067a68][XCUITestDriver@fe5b] Got response with status 404: {"value":{"error":"no such element","message":"unable to find an element using 'name', value 'Home\nTab 1 of 5'","traceback":"(\n\t0   WebDriverAgentLib                   0x0000000116ad3462 FBNoSuchElementErrorResponseForRequest + 290\n\t1   WebDriverAgentLib                   0x0000000116ad3240 +[FBFindElementCommands handleFindElement:] + 352\n\t2   WebDriverAgentLib                   0x0000000116a92ccc -[FBRoute_TargetAction mountRequest:intoResponse:] + 172\n\t3   WebDriverAgentLib                   0x0000000116a79d99 __37-[FBWebServer registerRouteHandlers:]_block_invoke + 489\n\t4   WebDriverAgentLib                   0x0000000116ab5839 -[RoutingHTTPServer handleRoute:withRequest:response:] + 185\n\t5   WebDriverAgentLib                   0x0000000116ab6601 __72-[RoutingHTTPServer routeMethod:withPath:parameters:request:connection:]_block_invoke + 65\n\t6   libdispatch.dylib                   0x00007ff8026847ce _dispatch_client_callout + 6\n\t7   libdispatch.dylib                   0x00007ff80267a942...
2026-02-04 11:26:04:930 [3d067a68][W3C] Matched W3C error code 'no such element' to NoSuchElementError
2026-02-04 11:26:04:931 [3d067a68][XCUITestDriver@fe5b] Encountered internal error running command: NoSuchElementError: An element could not be located on the page using the given search parameters.
    at XCUITestDriver.doNativeFind (/Users/meezotech/.appium/node_modules/appium-xcuitest-driver/lib/commands/find.ts:205:13)
    at processTicksAndRejections (node:internal/process/task_queues:103:5)
    at XCUITestDriver.findNativeElementOrElements (/Users/meezotech/.appium/node_modules/appium-xcuitest-driver/lib/commands/find.ts:130:7)
    at XCUITestDriver.findElOrEls (/Users/meezotech/.appium/node_modules/appium-xcuitest-driver/lib/commands/find.ts:54:7)
    at XCUITestDriver.findElOrElsWithProcessing (/usr/local/lib/node_modules/appium/node_modules/@appium/base-driver/lib/basedriver/commands/find.ts:60:12)
    at XCUITestDriver.findElement (/usr/local/lib/node_modules/appium/node_modules/@appium/base-driver/lib/basedriver/commands/find.ts:75:12)
2026-02-04 11:26:04:931 [3d067a68][HTTP] <-- POST /session/3d067a68-b09a-4b25-957c-63e77c336bf2/element 404 202 ms - 1010 
2026-02-04 11:26:05:433 [3d067a68][HTTP] --> POST /session/3d067a68-b09a-4b25-957c-63e77c336bf2/element {"using":"name","value":"Home\nTab 1 of 5"}
2026-02-04 11:26:05:434 [3d067a68][XCUITestDriver@fe5b] Calling AppiumDriver.findElement() with args: ["name","Home\nTab 1 of 5","3d067a68-b09a-4b25-957c-63e77c336bf2"]
2026-02-04 11:26:05:434 [3d067a68][XCUITestDriver@fe5b] Executing command 'findElement'
2026-02-04 11:26:05:434 [3d067a68][XCUITestDriver@fe5b] Valid locator strategies for this request: xpath, id, name, class name, -ios predicate string, -ios class chain, accessibility id, css selector
2026-02-04 11:26:05:434 [3d067a68][XCUITestDriver@fe5b] Waiting up to 0 ms for condition
2026-02-04 11:26:05:434 [3d067a68][XCUITestDriver@fe5b] Matched '/element' to command name 'findElement'
2026-02-04 11:26:05:434 [3d067a68][XCUITestDriver@fe5b] Proxying [POST /element] to [POST http://127.0.0.1:8100/session/355D2C86-BA04-4748-92D8-B6E0999EC2B2/element] with body: {"using":"name","value":"Home\nTab 1 of 5"}
2026-02-04 11:26:05:492 [3d067a68][XCUITestDriver@fe5b] Got response with status 404: {"value":{"error":"no such element","message":"unable to find an element using 'name', value 'Home\nTab 1 of 5'","traceback":"(\n\t0   WebDriverAgentLib                   0x0000000116ad3462 FBNoSuchElementErrorResponseForRequest + 290\n\t1   WebDriverAgentLib                   0x0000000116ad3240 +[FBFindElementCommands handleFindElement:] + 352\n\t2   WebDriverAgentLib                   0x0000000116a92ccc -[FBRoute_TargetAction mountRequest:intoResponse:] + 172\n\t3   WebDriverAgentLib                   0x0000000116a79d99 __37-[FBWebServer registerRouteHandlers:]_block_invoke + 489\n\t4   WebDriverAgentLib                   0x0000000116ab5839 -[RoutingHTTPServer handleRoute:withRequest:response:] + 185\n\t5   WebDriverAgentLib                   0x0000000116ab6601 __72-[RoutingHTTPServer routeMethod:withPath:parameters:request:connection:]_block_invoke + 65\n\t6   libdispatch.dylib                   0x00007ff8026847ce _dispatch_client_callout + 6\n\t7   libdispatch.dylib                   0x00007ff80267a942...
2026-02-04 11:26:05:493 [3d067a68][W3C] Matched W3C error code 'no such element' to NoSuchElementError
2026-02-04 11:26:05:493 [3d067a68][XCUITestDriver@fe5b] Encountered internal error running command: NoSuchElementError: An element could not be located on the page using the given search parameters.
    at XCUITestDriver.doNativeFind (/Users/meezotech/.appium/node_modules/appium-xcuitest-driver/lib/commands/find.ts:205:13)
    at processTicksAndRejections (node:internal/process/task_queues:103:5)
    at XCUITestDriver.findNativeElementOrElements (/Users/meezotech/.appium/node_modules/appium-xcuitest-driver/lib/commands/find.ts:130:7)
    at XCUITestDriver.findElOrEls (/Users/meezotech/.appium/node_modules/appium-xcuitest-driver/lib/commands/find.ts:54:7)
    at XCUITestDriver.findElOrElsWithProcessing (/usr/local/lib/node_modules/appium/node_modules/@appium/base-driver/lib/basedriver/commands/find.ts:60:12)
    at XCUITestDriver.findElement (/usr/local/lib/node_modules/appium/node_modules/@appium/base-driver/lib/basedriver/commands/find.ts:75:12)
2026-02-04 11:26:05:494 [3d067a68][HTTP] <-- POST /session/3d067a68-b09a-4b25-957c-63e77c336bf2/element 404 60 ms - 1010 
2026-02-04 11:26:05:998 [3d067a68][HTTP] --> POST /session/3d067a68-b09a-4b25-957c-63e77c336bf2/element {"using":"name","value":"Home\nTab 1 of 5"}
2026-02-04 11:26:05:998 [3d067a68][XCUITestDriver@fe5b] Calling AppiumDriver.findElement() with args: ["name","Home\nTab 1 of 5","3d067a68-b09a-4b25-957c-63e77c336bf2"]
2026-02-04 11:26:05:998 [3d067a68][XCUITestDriver@fe5b] Executing command 'findElement'
2026-02-04 11:26:05:998 [3d067a68][XCUITestDriver@fe5b] Valid locator strategies for this request: xpath, id, name, class name, -ios predicate string, -ios class chain, accessibility id, css selector
2026-02-04 11:26:05:999 [3d067a68][XCUITestDriver@fe5b] Waiting up to 0 ms for condition
2026-02-04 11:26:05:999 [3d067a68][XCUITestDriver@fe5b] Matched '/element' to command name 'findElement'
2026-02-04 11:26:05:999 [3d067a68][XCUITestDriver@fe5b] Proxying [POST /element] to [POST http://127.0.0.1:8100/session/355D2C86-BA04-4748-92D8-B6E0999EC2B2/element] with body: {"using":"name","value":"Home\nTab 1 of 5"}
2026-02-04 11:26:06:054 [3d067a68][XCUITestDriver@fe5b] Got response with status 404: {"value":{"error":"no such element","message":"unable to find an element using 'name', value 'Home\nTab 1 of 5'","traceback":"(\n\t0   WebDriverAgentLib                   0x0000000116ad3462 FBNoSuchElementErrorResponseForRequest + 290\n\t1   WebDriverAgentLib                   0x0000000116ad3240 +[FBFindElementCommands handleFindElement:] + 352\n\t2   WebDriverAgentLib                   0x0000000116a92ccc -[FBRoute_TargetAction mountRequest:intoResponse:] + 172\n\t3   WebDriverAgentLib                   0x0000000116a79d99 __37-[FBWebServer registerRouteHandlers:]_block_invoke + 489\n\t4   WebDriverAgentLib                   0x0000000116ab5839 -[RoutingHTTPServer handleRoute:withRequest:response:] + 185\n\t5   WebDriverAgentLib                   0x0000000116ab6601 __72-[RoutingHTTPServer routeMethod:withPath:parameters:request:connection:]_block_invoke + 65\n\t6   libdispatch.dylib                   0x00007ff8026847ce _dispatch_client_callout + 6\n\t7   libdispatch.dylib                   0x00007ff80267a942...
2026-02-04 11:26:06:055 [3d067a68][W3C] Matched W3C error code 'no such element' to NoSuchElementError
2026-02-04 11:26:06:056 [3d067a68][XCUITestDriver@fe5b] Encountered internal error running command: NoSuchElementError: An element could not be located on the page using the given search parameters.
    at XCUITestDriver.doNativeFind (/Users/meezotech/.appium/node_modules/appium-xcuitest-driver/lib/commands/find.ts:205:13)
    at processTicksAndRejections (node:internal/process/task_queues:103:5)
    at XCUITestDriver.findNativeElementOrElements (/Users/meezotech/.appium/node_modules/appium-xcuitest-driver/lib/commands/find.ts:130:7)
    at XCUITestDriver.findElOrEls (/Users/meezotech/.appium/node_modules/appium-xcuitest-driver/lib/commands/find.ts:54:7)
    at XCUITestDriver.findElOrElsWithProcessing (/usr/local/lib/node_modules/appium/node_modules/@appium/base-driver/lib/basedriver/commands/find.ts:60:12)
    at XCUITestDriver.findElement (/usr/local/lib/node_modules/appium/node_modules/@appium/base-driver/lib/basedriver/commands/find.ts:75:12)
2026-02-04 11:26:06:056 [3d067a68][HTTP] <-- POST /session/3d067a68-b09a-4b25-957c-63e77c336bf2/element 404 58 ms - 1010 
2026-02-04 11:26:06:559 [3d067a68][HTTP] --> POST /session/3d067a68-b09a-4b25-957c-63e77c336bf2/element {"using":"name","value":"Home\nTab 1 of 5"}
2026-02-04 11:26:06:560 [3d067a68][XCUITestDriver@fe5b] Calling AppiumDriver.findElement() with args: ["name","Home\nTab 1 of 5","3d067a68-b09a-4b25-957c-63e77c336bf2"]
2026-02-04 11:26:06:560 [3d067a68][XCUITestDriver@fe5b] Executing command 'findElement'
2026-02-04 11:26:06:560 [3d067a68][XCUITestDriver@fe5b] Valid locator strategies for this request: xpath, id, name, class name, -ios predicate string, -ios class chain, accessibility id, css selector
2026-02-04 11:26:06:560 [3d067a68][XCUITestDriver@fe5b] Waiting up to 0 ms for condition
2026-02-04 11:26:06:560 [3d067a68][XCUITestDriver@fe5b] Matched '/element' to command name 'findElement'
2026-02-04 11:26:06:560 [3d067a68][XCUITestDriver@fe5b] Proxying [POST /element] to [POST http://127.0.0.1:8100/session/355D2C86-BA04-4748-92D8-B6E0999EC2B2/element] with body: {"using":"name","value":"Home\nTab 1 of 5"}
2026-02-04 11:26:06:622 [3d067a68][XCUITestDriver@fe5b] Got response with status 404: {"value":{"error":"no such element","message":"unable to find an element using 'name', value 'Home\nTab 1 of 5'","traceback":"(\n\t0   WebDriverAgentLib                   0x0000000116ad3462 FBNoSuchElementErrorResponseForRequest + 290\n\t1   WebDriverAgentLib                   0x0000000116ad3240 +[FBFindElementCommands handleFindElement:] + 352\n\t2   WebDriverAgentLib                   0x0000000116a92ccc -[FBRoute_TargetAction mountRequest:intoResponse:] + 172\n\t3   WebDriverAgentLib                   0x0000000116a79d99 __37-[FBWebServer registerRouteHandlers:]_block_invoke + 489\n\t4   WebDriverAgentLib                   0x0000000116ab5839 -[RoutingHTTPServer handleRoute:withRequest:response:] + 185\n\t5   WebDriverAgentLib                   0x0000000116ab6601 __72-[RoutingHTTPServer routeMethod:withPath:parameters:request:connection:]_block_invoke + 65\n\t6   libdispatch.dylib                   0x00007ff8026847ce _dispatch_client_callout + 6\n\t7   libdispatch.dylib                   0x00007ff80267a942...
2026-02-04 11:26:06:623 [3d067a68][W3C] Matched W3C error code 'no such element' to NoSuchElementError
2026-02-04 11:26:06:623 [3d067a68][XCUITestDriver@fe5b] Encountered internal error running command: NoSuchElementError: An element could not be located on the page using the given search parameters.
    at XCUITestDriver.doNativeFind (/Users/meezotech/.appium/node_modules/appium-xcuitest-driver/lib/commands/find.ts:205:13)
    at processTicksAndRejections (node:internal/process/task_queues:103:5)
    at XCUITestDriver.findNativeElementOrElements (/Users/meezotech/.appium/node_modules/appium-xcuitest-driver/lib/commands/find.ts:130:7)
    at XCUITestDriver.findElOrEls (/Users/meezotech/.appium/node_modules/appium-xcuitest-driver/lib/commands/find.ts:54:7)
    at XCUITestDriver.findElOrElsWithProcessing (/usr/local/lib/node_modules/appium/node_modules/@appium/base-driver/lib/basedriver/commands/find.ts:60:12)
    at XCUITestDriver.findElement (/usr/local/lib/node_modules/appium/node_modules/@appium/base-driver/lib/basedriver/commands/find.ts:75:12)
2026-02-04 11:26:06:624 [3d067a68][HTTP] <-- POST /session/3d067a68-b09a-4b25-957c-63e77c336bf2/element 404 65 ms - 1010 
2026-02-04 11:26:07:129 [3d067a68][HTTP] --> POST /session/3d067a68-b09a-4b25-957c-63e77c336bf2/element {"using":"name","value":"Home\nTab 1 of 5"}
2026-02-04 11:26:07:129 [3d067a68][XCUITestDriver@fe5b] Calling AppiumDriver.findElement() with args: ["name","Home\nTab 1 of 5","3d067a68-b09a-4b25-957c-63e77c336bf2"]
2026-02-04 11:26:07:129 [3d067a68][XCUITestDriver@fe5b] Executing command 'findElement'
2026-02-04 11:26:07:129 [3d067a68][XCUITestDriver@fe5b] Valid locator strategies for this request: xpath, id, name, class name, -ios predicate string, -ios class chain, accessibility id, css selector
2026-02-04 11:26:07:129 [3d067a68][XCUITestDriver@fe5b] Waiting up to 0 ms for condition
2026-02-04 11:26:07:130 [3d067a68][XCUITestDriver@fe5b] Matched '/element' to command name 'findElement'
2026-02-04 11:26:07:130 [3d067a68][XCUITestDriver@fe5b] Proxying [POST /element] to [POST http://127.0.0.1:8100/session/355D2C86-BA04-4748-92D8-B6E0999EC2B2/element] with body: {"using":"name","value":"Home\nTab 1 of 5"}
2026-02-04 11:26:07:189 [3d067a68][XCUITestDriver@fe5b] Got response with status 404: {"value":{"error":"no such element","message":"unable to find an element using 'name', value 'Home\nTab 1 of 5'","traceback":"(\n\t0   WebDriverAgentLib                   0x0000000116ad3462 FBNoSuchElementErrorResponseForRequest + 290\n\t1   WebDriverAgentLib                   0x0000000116ad3240 +[FBFindElementCommands handleFindElement:] + 352\n\t2   WebDriverAgentLib                   0x0000000116a92ccc -[FBRoute_TargetAction mountRequest:intoResponse:] + 172\n\t3   WebDriverAgentLib                   0x0000000116a79d99 __37-[FBWebServer registerRouteHandlers:]_block_invoke + 489\n\t4   WebDriverAgentLib                   0x0000000116ab5839 -[RoutingHTTPServer handleRoute:withRequest:response:] + 185\n\t5   WebDriverAgentLib                   0x0000000116ab6601 __72-[RoutingHTTPServer routeMethod:withPath:parameters:request:connection:]_block_invoke + 65\n\t6   libdispatch.dylib                   0x00007ff8026847ce _dispatch_client_callout + 6\n\t7   libdispatch.dylib                   0x00007ff80267a942...
2026-02-04 11:26:07:189 [3d067a68][W3C] Matched W3C error code 'no such element' to NoSuchElementError
2026-02-04 11:26:07:190 [3d067a68][XCUITestDriver@fe5b] Encountered internal error running command: NoSuchElementError: An element could not be located on the page using the given search parameters.
    at XCUITestDriver.doNativeFind (/Users/meezotech/.appium/node_modules/appium-xcuitest-driver/lib/commands/find.ts:205:13)
    at processTicksAndRejections (node:internal/process/task_queues:103:5)
    at XCUITestDriver.findNativeElementOrElements (/Users/meezotech/.appium/node_modules/appium-xcuitest-driver/lib/commands/find.ts:130:7)
    at XCUITestDriver.findElOrEls (/Users/meezotech/.appium/node_modules/appium-xcuitest-driver/lib/commands/find.ts:54:7)
    at XCUITestDriver.findElOrElsWithProcessing (/usr/local/lib/node_modules/appium/node_modules/@appium/base-driver/lib/basedriver/commands/find.ts:60:12)
    at XCUITestDriver.findElement (/usr/local/lib/node_modules/appium/node_modules/@appium/base-driver/lib/basedriver/commands/find.ts:75:12)
2026-02-04 11:26:07:190 [3d067a68][HTTP] <-- POST /session/3d067a68-b09a-4b25-957c-63e77c336bf2/element 404 62 ms - 1010 
2026-02-04 11:26:07:695 [3d067a68][HTTP] --> POST /session/3d067a68-b09a-4b25-957c-63e77c336bf2/element {"using":"name","value":"Home\nTab 1 of 5"}
2026-02-04 11:26:07:696 [3d067a68][XCUITestDriver@fe5b] Calling AppiumDriver.findElement() with args: ["name","Home\nTab 1 of 5","3d067a68-b09a-4b25-957c-63e77c336bf2"]
2026-02-04 11:26:07:696 [3d067a68][XCUITestDriver@fe5b] Executing command 'findElement'
2026-02-04 11:26:07:696 [3d067a68][XCUITestDriver@fe5b] Valid locator strategies for this request: xpath, id, name, class name, -ios predicate string, -ios class chain, accessibility id, css selector
2026-02-04 11:26:07:696 [3d067a68][XCUITestDriver@fe5b] Waiting up to 0 ms for condition
2026-02-04 11:26:07:696 [3d067a68][XCUITestDriver@fe5b] Matched '/element' to command name 'findElement'
2026-02-04 11:26:07:697 [3d067a68][XCUITestDriver@fe5b] Proxying [POST /element] to [POST http://127.0.0.1:8100/session/355D2C86-BA04-4748-92D8-B6E0999EC2B2/element] with body: {"using":"name","value":"Home\nTab 1 of 5"}
2026-02-04 11:26:07:765 [3d067a68][XCUITestDriver@fe5b] Got response with status 404: {"value":{"error":"no such element","message":"unable to find an element using 'name', value 'Home\nTab 1 of 5'","traceback":"(\n\t0   WebDriverAgentLib                   0x0000000116ad3462 FBNoSuchElementErrorResponseForRequest + 290\n\t1   WebDriverAgentLib                   0x0000000116ad3240 +[FBFindElementCommands handleFindElement:] + 352\n\t2   WebDriverAgentLib                   0x0000000116a92ccc -[FBRoute_TargetAction mountRequest:intoResponse:] + 172\n\t3   WebDriverAgentLib                   0x0000000116a79d99 __37-[FBWebServer registerRouteHandlers:]_block_invoke + 489\n\t4   WebDriverAgentLib                   0x0000000116ab5839 -[RoutingHTTPServer handleRoute:withRequest:response:] + 185\n\t5   WebDriverAgentLib                   0x0000000116ab6601 __72-[RoutingHTTPServer routeMethod:withPath:parameters:request:connection:]_block_invoke + 65\n\t6   libdispatch.dylib                   0x00007ff8026847ce _dispatch_client_callout + 6\n\t7   libdispatch.dylib                   0x00007ff80267a942...
2026-02-04 11:26:07:766 [3d067a68][W3C] Matched W3C error code 'no such element' to NoSuchElementError
2026-02-04 11:26:07:767 [3d067a68][XCUITestDriver@fe5b] Encountered internal error running command: NoSuchElementError: An element could not be located on the page using the given search parameters.
    at XCUITestDriver.doNativeFind (/Users/meezotech/.appium/node_modules/appium-xcuitest-driver/lib/commands/find.ts:205:13)
    at processTicksAndRejections (node:internal/process/task_queues:103:5)
    at XCUITestDriver.findNativeElementOrElements (/Users/meezotech/.appium/node_modules/appium-xcuitest-driver/lib/commands/find.ts:130:7)
    at XCUITestDriver.findElOrEls (/Users/meezotech/.appium/node_modules/appium-xcuitest-driver/lib/commands/find.ts:54:7)
    at XCUITestDriver.findElOrElsWithProcessing (/usr/local/lib/node_modules/appium/node_modules/@appium/base-driver/lib/basedriver/commands/find.ts:60:12)
    at XCUITestDriver.findElement (/usr/local/lib/node_modules/appium/node_modules/@appium/base-driver/lib/basedriver/commands/find.ts:75:12)
2026-02-04 11:26:07:768 [3d067a68][HTTP] <-- POST /session/3d067a68-b09a-4b25-957c-63e77c336bf2/element 404 73 ms - 1010 
2026-02-04 11:26:08:272 [3d067a68][HTTP] --> POST /session/3d067a68-b09a-4b25-957c-63e77c336bf2/element {"using":"name","value":"Home\nTab 1 of 5"}
2026-02-04 11:26:08:273 [3d067a68][XCUITestDriver@fe5b] Calling AppiumDriver.findElement() with args: ["name","Home\nTab 1 of 5","3d067a68-b09a-4b25-957c-63e77c336bf2"]
2026-02-04 11:26:08:273 [3d067a68][XCUITestDriver@fe5b] Executing command 'findElement'
2026-02-04 11:26:08:273 [3d067a68][XCUITestDriver@fe5b] Valid locator strategies for this request: xpath, id, name, class name, -ios predicate string, -ios class chain, accessibility id, css selector
2026-02-04 11:26:08:273 [3d067a68][XCUITestDriver@fe5b] Waiting up to 0 ms for condition
2026-02-04 11:26:08:273 [3d067a68][XCUITestDriver@fe5b] Matched '/element' to command name 'findElement'
2026-02-04 11:26:08:273 [3d067a68][XCUITestDriver@fe5b] Proxying [POST /element] to [POST http://127.0.0.1:8100/session/355D2C86-BA04-4748-92D8-B6E0999EC2B2/element] with body: {"using":"name","value":"Home\nTab 1 of 5"}
2026-02-04 11:26:08:340 [3d067a68][XCUITestDriver@fe5b] Got response with status 404: {"value":{"error":"no such element","message":"unable to find an element using 'name', value 'Home\nTab 1 of 5'","traceback":"(\n\t0   WebDriverAgentLib                   0x0000000116ad3462 FBNoSuchElementErrorResponseForRequest + 290\n\t1   WebDriverAgentLib                   0x0000000116ad3240 +[FBFindElementCommands handleFindElement:] + 352\n\t2   WebDriverAgentLib                   0x0000000116a92ccc -[FBRoute_TargetAction mountRequest:intoResponse:] + 172\n\t3   WebDriverAgentLib                   0x0000000116a79d99 __37-[FBWebServer registerRouteHandlers:]_block_invoke + 489\n\t4   WebDriverAgentLib                   0x0000000116ab5839 -[RoutingHTTPServer handleRoute:withRequest:response:] + 185\n\t5   WebDriverAgentLib                   0x0000000116ab6601 __72-[RoutingHTTPServer routeMethod:withPath:parameters:request:connection:]_block_invoke + 65\n\t6   libdispatch.dylib                   0x00007ff8026847ce _dispatch_client_callout + 6\n\t7   libdispatch.dylib                   0x00007ff80267a942...
2026-02-04 11:26:08:340 [3d067a68][W3C] Matched W3C error code 'no such element' to NoSuchElementError
2026-02-04 11:26:08:341 [3d067a68][XCUITestDriver@fe5b] Encountered internal error running command: NoSuchElementError: An element could not be located on the page using the given search parameters.
    at XCUITestDriver.doNativeFind (/Users/meezotech/.appium/node_modules/appium-xcuitest-driver/lib/commands/find.ts:205:13)
    at processTicksAndRejections (node:internal/process/task_queues:103:5)
    at XCUITestDriver.findNativeElementOrElements (/Users/meezotech/.appium/node_modules/appium-xcuitest-driver/lib/commands/find.ts:130:7)
    at XCUITestDriver.findElOrEls (/Users/meezotech/.appium/node_modules/appium-xcuitest-driver/lib/commands/find.ts:54:7)
    at XCUITestDriver.findElOrElsWithProcessing (/usr/local/lib/node_modules/appium/node_modules/@appium/base-driver/lib/basedriver/commands/find.ts:60:12)
    at XCUITestDriver.findElement (/usr/local/lib/node_modules/appium/node_modules/@appium/base-driver/lib/basedriver/commands/find.ts:75:12)
2026-02-04 11:26:08:341 [3d067a68][HTTP] <-- POST /session/3d067a68-b09a-4b25-957c-63e77c336bf2/element 404 69 ms - 1010 
2026-02-04 11:26:08:844 [3d067a68][HTTP] --> POST /session/3d067a68-b09a-4b25-957c-63e77c336bf2/element {"using":"name","value":"Home\nTab 1 of 5"}
2026-02-04 11:26:08:844 [3d067a68][XCUITestDriver@fe5b] Calling AppiumDriver.findElement() with args: ["name","Home\nTab 1 of 5","3d067a68-b09a-4b25-957c-63e77c336bf2"]
2026-02-04 11:26:08:844 [3d067a68][XCUITestDriver@fe5b] Executing command 'findElement'
2026-02-04 11:26:08:845 [3d067a68][XCUITestDriver@fe5b] Valid locator strategies for this request: xpath, id, name, class name, -ios predicate string, -ios class chain, accessibility id, css selector
2026-02-04 11:26:08:845 [3d067a68][XCUITestDriver@fe5b] Waiting up to 0 ms for condition
2026-02-04 11:26:08:845 [3d067a68][XCUITestDriver@fe5b] Matched '/element' to command name 'findElement'
2026-02-04 11:26:08:845 [3d067a68][XCUITestDriver@fe5b] Proxying [POST /element] to [POST http://127.0.0.1:8100/session/355D2C86-BA04-4748-92D8-B6E0999EC2B2/element] with body: {"using":"name","value":"Home\nTab 1 of 5"}
2026-02-04 11:26:08:907 [3d067a68][XCUITestDriver@fe5b] Got response with status 404: {"value":{"error":"no such element","message":"unable to find an element using 'name', value 'Home\nTab 1 of 5'","traceback":"(\n\t0   WebDriverAgentLib                   0x0000000116ad3462 FBNoSuchElementErrorResponseForRequest + 290\n\t1   WebDriverAgentLib                   0x0000000116ad3240 +[FBFindElementCommands handleFindElement:] + 352\n\t2   WebDriverAgentLib                   0x0000000116a92ccc -[FBRoute_TargetAction mountRequest:intoResponse:] + 172\n\t3   WebDriverAgentLib                   0x0000000116a79d99 __37-[FBWebServer registerRouteHandlers:]_block_invoke + 489\n\t4   WebDriverAgentLib                   0x0000000116ab5839 -[RoutingHTTPServer handleRoute:withRequest:response:] + 185\n\t5   WebDriverAgentLib                   0x0000000116ab6601 __72-[RoutingHTTPServer routeMethod:withPath:parameters:request:connection:]_block_invoke + 65\n\t6   libdispatch.dylib                   0x00007ff8026847ce _dispatch_client_callout + 6\n\t7   libdispatch.dylib                   0x00007ff80267a942...
2026-02-04 11:26:08:907 [3d067a68][W3C] Matched W3C error code 'no such element' to NoSuchElementError
2026-02-04 11:26:08:908 [3d067a68][XCUITestDriver@fe5b] Encountered internal error running command: NoSuchElementError: An element could not be located on the page using the given search parameters.
    at XCUITestDriver.doNativeFind (/Users/meezotech/.appium/node_modules/appium-xcuitest-driver/lib/commands/find.ts:205:13)
    at processTicksAndRejections (node:internal/process/task_queues:103:5)
    at XCUITestDriver.findNativeElementOrElements (/Users/meezotech/.appium/node_modules/appium-xcuitest-driver/lib/commands/find.ts:130:7)
    at XCUITestDriver.findElOrEls (/Users/meezotech/.appium/node_modules/appium-xcuitest-driver/lib/commands/find.ts:54:7)
    at XCUITestDriver.findElOrElsWithProcessing (/usr/local/lib/node_modules/appium/node_modules/@appium/base-driver/lib/basedriver/commands/find.ts:60:12)
    at XCUITestDriver.findElement (/usr/local/lib/node_modules/appium/node_modules/@appium/base-driver/lib/basedriver/commands/find.ts:75:12)
2026-02-04 11:26:08:909 [3d067a68][HTTP] <-- POST /session/3d067a68-b09a-4b25-957c-63e77c336bf2/element 404 65 ms - 1010 
2026-02-04 11:26:09:412 [3d067a68][HTTP] --> POST /session/3d067a68-b09a-4b25-957c-63e77c336bf2/element {"using":"name","value":"Home\nTab 1 of 5"}
2026-02-04 11:26:09:412 [3d067a68][XCUITestDriver@fe5b] Calling AppiumDriver.findElement() with args: ["name","Home\nTab 1 of 5","3d067a68-b09a-4b25-957c-63e77c336bf2"]
2026-02-04 11:26:09:413 [3d067a68][XCUITestDriver@fe5b] Executing command 'findElement'
2026-02-04 11:26:09:413 [3d067a68][XCUITestDriver@fe5b] Valid locator strategies for this request: xpath, id, name, class name, -ios predicate string, -ios class chain, accessibility id, css selector
2026-02-04 11:26:09:413 [3d067a68][XCUITestDriver@fe5b] Waiting up to 0 ms for condition
2026-02-04 11:26:09:413 [3d067a68][XCUITestDriver@fe5b] Matched '/element' to command name 'findElement'
2026-02-04 11:26:09:413 [3d067a68][XCUITestDriver@fe5b] Proxying [POST /element] to [POST http://127.0.0.1:8100/session/355D2C86-BA04-4748-92D8-B6E0999EC2B2/element] with body: {"using":"name","value":"Home\nTab 1 of 5"}
2026-02-04 11:26:09:470 [3d067a68][XCUITestDriver@fe5b] Got response with status 404: {"value":{"error":"no such element","message":"unable to find an element using 'name', value 'Home\nTab 1 of 5'","traceback":"(\n\t0   WebDriverAgentLib                   0x0000000116ad3462 FBNoSuchElementErrorResponseForRequest + 290\n\t1   WebDriverAgentLib                   0x0000000116ad3240 +[FBFindElementCommands handleFindElement:] + 352\n\t2   WebDriverAgentLib                   0x0000000116a92ccc -[FBRoute_TargetAction mountRequest:intoResponse:] + 172\n\t3   WebDriverAgentLib                   0x0000000116a79d99 __37-[FBWebServer registerRouteHandlers:]_block_invoke + 489\n\t4   WebDriverAgentLib                   0x0000000116ab5839 -[RoutingHTTPServer handleRoute:withRequest:response:] + 185\n\t5   WebDriverAgentLib                   0x0000000116ab6601 __72-[RoutingHTTPServer routeMethod:withPath:parameters:request:connection:]_block_invoke + 65\n\t6   libdispatch.dylib                   0x00007ff8026847ce _dispatch_client_callout + 6\n\t7   libdispatch.dylib                   0x00007ff80267a942...
2026-02-04 11:26:09:470 [3d067a68][W3C] Matched W3C error code 'no such element' to NoSuchElementError
2026-02-04 11:26:09:471 [3d067a68][XCUITestDriver@fe5b] Encountered internal error running command: NoSuchElementError: An element could not be located on the page using the given search parameters.
    at XCUITestDriver.doNativeFind (/Users/meezotech/.appium/node_modules/appium-xcuitest-driver/lib/commands/find.ts:205:13)
    at processTicksAndRejections (node:internal/process/task_queues:103:5)
    at XCUITestDriver.findNativeElementOrElements (/Users/meezotech/.appium/node_modules/appium-xcuitest-driver/lib/commands/find.ts:130:7)
    at XCUITestDriver.findElOrEls (/Users/meezotech/.appium/node_modules/appium-xcuitest-driver/lib/commands/find.ts:54:7)
    at XCUITestDriver.findElOrElsWithProcessing (/usr/local/lib/node_modules/appium/node_modules/@appium/base-driver/lib/basedriver/commands/find.ts:60:12)
    at XCUITestDriver.findElement (/usr/local/lib/node_modules/appium/node_modules/@appium/base-driver/lib/basedriver/commands/find.ts:75:12)
2026-02-04 11:26:09:471 [3d067a68][HTTP] <-- POST /session/3d067a68-b09a-4b25-957c-63e77c336bf2/element 404 59 ms - 1010 
2026-02-04 11:26:09:976 [3d067a68][HTTP] --> POST /session/3d067a68-b09a-4b25-957c-63e77c336bf2/element {"using":"name","value":"Home\nTab 1 of 5"}
2026-02-04 11:26:09:976 [3d067a68][XCUITestDriver@fe5b] Calling AppiumDriver.findElement() with args: ["name","Home\nTab 1 of 5","3d067a68-b09a-4b25-957c-63e77c336bf2"]
2026-02-04 11:26:09:977 [3d067a68][XCUITestDriver@fe5b] Executing command 'findElement'
2026-02-04 11:26:09:977 [3d067a68][XCUITestDriver@fe5b] Valid locator strategies for this request: xpath, id, name, class name, -ios predicate string, -ios class chain, accessibility id, css selector
2026-02-04 11:26:09:977 [3d067a68][XCUITestDriver@fe5b] Waiting up to 0 ms for condition
2026-02-04 11:26:09:977 [3d067a68][XCUITestDriver@fe5b] Matched '/element' to command name 'findElement'
2026-02-04 11:26:09:978 [3d067a68][XCUITestDriver@fe5b] Proxying [POST /element] to [POST http://127.0.0.1:8100/session/355D2C86-BA04-4748-92D8-B6E0999EC2B2/element] with body: {"using":"name","value":"Home\nTab 1 of 5"}
2026-02-04 11:26:10:065 [3d067a68][XCUITestDriver@fe5b] Got response with status 404: {"value":{"error":"no such element","message":"unable to find an element using 'name', value 'Home\nTab 1 of 5'","traceback":"(\n\t0   WebDriverAgentLib                   0x0000000116ad3462 FBNoSuchElementErrorResponseForRequest + 290\n\t1   WebDriverAgentLib                   0x0000000116ad3240 +[FBFindElementCommands handleFindElement:] + 352\n\t2   WebDriverAgentLib                   0x0000000116a92ccc -[FBRoute_TargetAction mountRequest:intoResponse:] + 172\n\t3   WebDriverAgentLib                   0x0000000116a79d99 __37-[FBWebServer registerRouteHandlers:]_block_invoke + 489\n\t4   WebDriverAgentLib                   0x0000000116ab5839 -[RoutingHTTPServer handleRoute:withRequest:response:] + 185\n\t5   WebDriverAgentLib                   0x0000000116ab6601 __72-[RoutingHTTPServer routeMethod:withPath:parameters:request:connection:]_block_invoke + 65\n\t6   libdispatch.dylib                   0x00007ff8026847ce _dispatch_client_callout + 6\n\t7   libdispatch.dylib                   0x00007ff80267a942...
2026-02-04 11:26:10:066 [3d067a68][W3C] Matched W3C error code 'no such element' to NoSuchElementError
2026-02-04 11:26:10:067 [3d067a68][XCUITestDriver@fe5b] Encountered internal error running command: NoSuchElementError: An element could not be located on the page using the given search parameters.
    at XCUITestDriver.doNativeFind (/Users/meezotech/.appium/node_modules/appium-xcuitest-driver/lib/commands/find.ts:205:13)
    at processTicksAndRejections (node:internal/process/task_queues:103:5)
    at XCUITestDriver.findNativeElementOrElements (/Users/meezotech/.appium/node_modules/appium-xcuitest-driver/lib/commands/find.ts:130:7)
    at XCUITestDriver.findElOrEls (/Users/meezotech/.appium/node_modules/appium-xcuitest-driver/lib/commands/find.ts:54:7)
    at XCUITestDriver.findElOrElsWithProcessing (/usr/local/lib/node_modules/appium/node_modules/@appium/base-driver/lib/basedriver/commands/find.ts:60:12)
    at XCUITestDriver.findElement (/usr/local/lib/node_modules/appium/node_modules/@appium/base-driver/lib/basedriver/commands/find.ts:75:12)
2026-02-04 11:26:10:068 [3d067a68][HTTP] <-- POST /session/3d067a68-b09a-4b25-957c-63e77c336bf2/element 404 92 ms - 1010 
2026-02-04 11:26:10:069 [3d067a68][HTTP] --> POST /session/3d067a68-b09a-4b25-957c-63e77c336bf2/element {"using":"name","value":"XXXXXXXXX"}
2026-02-04 11:26:10:070 [3d067a68][XCUITestDriver@fe5b] Calling AppiumDriver.findElement() with args: ["name","XXXXXXXXX","3d067a68-b09a-4b25-957c-63e77c336bf2"]
2026-02-04 11:26:10:070 [3d067a68][XCUITestDriver@fe5b] Executing command 'findElement'
2026-02-04 11:26:10:070 [3d067a68][XCUITestDriver@fe5b] Valid locator strategies for this request: xpath, id, name, class name, -ios predicate string, -ios class chain, accessibility id, css selector
2026-02-04 11:26:10:070 [3d067a68][XCUITestDriver@fe5b] Waiting up to 0 ms for condition
2026-02-04 11:26:10:070 [3d067a68][XCUITestDriver@fe5b] Matched '/element' to command name 'findElement'
2026-02-04 11:26:10:070 [3d067a68][XCUITestDriver@fe5b] Proxying [POST /element] to [POST http://127.0.0.1:8100/session/355D2C86-BA04-4748-92D8-B6E0999EC2B2/element] with body: {"using":"name","value":"XXXXXXXXX"}
2026-02-04 11:26:10:219 [3d067a68][XCUITestDriver@fe5b] Got response with status 200: {"value":{"ELEMENT":"37000000-0000-0000-0602-010000000000","element-6066-11e4-a52e-4f735466cecf":"37000000-0000-0000-0602-010000000000"},"sessionId":"355D2C86-BA04-4748-92D8-B6E0999EC2B2"}
2026-02-04 11:26:10:219 [3d067a68][XCUITestDriver@fe5b] Responding to client with driver.findElement() result: {"element-6066-11e4-a52e-4f735466cecf":"37000000-0000-0000-0602-010000000000","ELEMENT":"37000000-0000-0000-0602-010000000000"}
2026-02-04 11:26:10:219 [3d067a68][HTTP] <-- POST /session/3d067a68-b09a-4b25-957c-63e77c336bf2/element 200 150 ms - 137 
2026-02-04 11:26:10:221 [3d067a68][HTTP] --> GET /session/3d067a68-b09a-4b25-957c-63e77c336bf2/element/37000000-0000-0000-0602-010000000000/displayed 
2026-02-04 11:26:10:221 [3d067a68][XCUITestDriver@fe5b] Driver proxy active, passing request on via HTTP proxy
2026-02-04 11:26:10:221 [3d067a68][XCUITestDriver@fe5b] Executing command 'proxyReqRes'
2026-02-04 11:26:10:221 [3d067a68][XCUITestDriver@fe5b] Matched '/session/3d067a68-b09a-4b25-957c-63e77c336bf2/element/37000000-0000-0000-0602-010000000000/displayed' to command name 'elementDisplayed'
2026-02-04 11:26:10:221 [3d067a68][XCUITestDriver@fe5b] Proxying [GET /session/3d067a68-b09a-4b25-957c-63e77c336bf2/element/37000000-0000-0000-0602-010000000000/displayed] to [GET http://127.0.0.1:8100/session/355D2C86-BA04-4748-92D8-B6E0999EC2B2/element/37000000-0000-0000-0602-010000000000/displayed] with no body
2026-02-04 11:26:10:291 [3d067a68][XCUITestDriver@fe5b] Got response with status 200: {"value":true,"sessionId":"355D2C86-BA04-4748-92D8-B6E0999EC2B2"}
2026-02-04 11:26:10:291 [3d067a68][XCUITestDriver@fe5b] Replacing sessionId 355D2C86-BA04-4748-92D8-B6E0999EC2B2 with 3d067a68-b09a-4b25-957c-63e77c336bf2
2026-02-04 11:26:10:291 [3d067a68][HTTP] <-- GET /session/3d067a68-b09a-4b25-957c-63e77c336bf2/element/37000000-0000-0000-0602-010000000000/displayed 200 71 ms - 14 
2026-02-04 11:26:10:302 [3d067a68][HTTP] --> POST /session/3d067a68-b09a-4b25-957c-63e77c336bf2/element/37000000-0000-0000-0602-010000000000/clear {}
2026-02-04 11:26:10:303 [3d067a68][XCUITestDriver@fe5b] Calling AppiumDriver.clear() with args: ["37000000-0000-0000-0602-010000000000","3d067a68-b09a-4b25-957c-63e77c336bf2"]
2026-02-04 11:26:10:303 [3d067a68][XCUITestDriver@fe5b] Executing command 'clear'
2026-02-04 11:26:10:304 [3d067a68][XCUITestDriver@fe5b] Matched '/element/37000000-0000-0000-0602-010000000000/clear' to command name 'clear'
2026-02-04 11:26:10:304 [3d067a68][XCUITestDriver@fe5b] Proxying [POST /element/37000000-0000-0000-0602-010000000000/clear] to [POST http://127.0.0.1:8100/session/355D2C86-BA04-4748-92D8-B6E0999EC2B2/element/37000000-0000-0000-0602-010000000000/clear] with no body
2026-02-04 11:26:10:367 [3d067a68][XCUITestDriver@fe5b] Got response with status 200: {"value":null,"sessionId":"355D2C86-BA04-4748-92D8-B6E0999EC2B2"}
2026-02-04 11:26:10:367 [3d067a68][XCUITestDriver@fe5b] Responding to client with driver.clear() result: null
2026-02-04 11:26:10:367 [3d067a68][HTTP] <-- POST /session/3d067a68-b09a-4b25-957c-63e77c336bf2/element/37000000-0000-0000-0602-010000000000/clear 200 65 ms - 14 
2026-02-04 11:26:10:369 [3d067a68][HTTP] --> POST /session/3d067a68-b09a-4b25-957c-63e77c336bf2/element/37000000-0000-0000-0602-010000000000/value {"text":"566675604","value":["5","6","6","6","7","5","6","0","4"]}
2026-02-04 11:26:10:369 [3d067a68][BaseDriver] The following arguments are not known and will be ignored: value
2026-02-04 11:26:10:369 [3d067a68][XCUITestDriver@fe5b] Calling AppiumDriver.setValue() with args: ["566675604","37000000-0000-0000-0602-010000000000","3d067a68-b09a-4b25-957c-63e77c336bf2"]
2026-02-04 11:26:10:369 [3d067a68][XCUITestDriver@fe5b] Executing command 'setValue'
2026-02-04 11:26:10:370 [3d067a68][XCUITestDriver@fe5b] Matched '/element/37000000-0000-0000-0602-010000000000/value' to command name 'setValue'
2026-02-04 11:26:10:370 [3d067a68][XCUITestDriver@fe5b] Added 'text' property to 'setValue' request body
2026-02-04 11:26:10:370 [3d067a68][XCUITestDriver@fe5b] Proxying [POST /element/37000000-0000-0000-0602-010000000000/value] to [POST http://127.0.0.1:8100/session/355D2C86-BA04-4748-92D8-B6E0999EC2B2/element/37000000-0000-0000-0602-010000000000/value] with body: {"value":["5","6","6","6","7","5","6","0","4"],"text":"566675604"}
2026-02-04 11:26:11:882 [3d067a68][XCUITestDriver@fe5b] Got response with status 200: {"value":null,"sessionId":"355D2C86-BA04-4748-92D8-B6E0999EC2B2"}
2026-02-04 11:26:11:882 [3d067a68][XCUITestDriver@fe5b] Responding to client with driver.setValue() result: null
2026-02-04 11:26:11:883 [3d067a68][HTTP] <-- POST /session/3d067a68-b09a-4b25-957c-63e77c336bf2/element/37000000-0000-0000-0602-010000000000/value 200 1514 ms - 14 
2026-02-04 11:26:27:144 [3d067a68][HTTP] --> POST /session/3d067a68-b09a-4b25-957c-63e77c336bf2/element {"using":"class name","value":"XCUIElementTypeTextField"}
2026-02-04 11:26:27:144 [3d067a68][XCUITestDriver@fe5b] Calling AppiumDriver.findElement() with args: ["class name","XCUIElementTypeTextField","3d067a68-b09a-4b25-957c-63e77c336bf2"]
2026-02-04 11:26:27:144 [3d067a68][XCUITestDriver@fe5b] Executing command 'findElement'
2026-02-04 11:26:27:145 [3d067a68][XCUITestDriver@fe5b] Valid locator strategies for this request: xpath, id, name, class name, -ios predicate string, -ios class chain, accessibility id, css selector
2026-02-04 11:26:27:145 [3d067a68][XCUITestDriver@fe5b] Waiting up to 0 ms for condition
2026-02-04 11:26:27:145 [3d067a68][XCUITestDriver@fe5b] Matched '/element' to command name 'findElement'
2026-02-04 11:26:27:145 [3d067a68][XCUITestDriver@fe5b] Proxying [POST /element] to [POST http://127.0.0.1:8100/session/355D2C86-BA04-4748-92D8-B6E0999EC2B2/element] with body: {"using":"class name","value":"XCUIElementTypeTextField"}
2026-02-04 11:26:27:291 [3d067a68][XCUITestDriver@fe5b] Got response with status 200: {"value":{"ELEMENT":"7D000000-0000-0000-0602-010000000000","element-6066-11e4-a52e-4f735466cecf":"7D000000-0000-0000-0602-010000000000"},"sessionId":"355D2C86-BA04-4748-92D8-B6E0999EC2B2"}
2026-02-04 11:26:27:291 [3d067a68][XCUITestDriver@fe5b] Responding to client with driver.findElement() result: {"element-6066-11e4-a52e-4f735466cecf":"7D000000-0000-0000-0602-010000000000","ELEMENT":"7D000000-0000-0000-0602-010000000000"}
2026-02-04 11:26:27:292 [3d067a68][HTTP] <-- POST /session/3d067a68-b09a-4b25-957c-63e77c336bf2/element 200 148 ms - 137 
2026-02-04 11:26:27:294 [3d067a68][HTTP] --> GET /session/3d067a68-b09a-4b25-957c-63e77c336bf2/element/7D000000-0000-0000-0602-010000000000/displayed 
2026-02-04 11:26:27:294 [3d067a68][XCUITestDriver@fe5b] Driver proxy active, passing request on via HTTP proxy
2026-02-04 11:26:27:294 [3d067a68][XCUITestDriver@fe5b] Executing command 'proxyReqRes'
2026-02-04 11:26:27:294 [3d067a68][XCUITestDriver@fe5b] Matched '/session/3d067a68-b09a-4b25-957c-63e77c336bf2/element/7D000000-0000-0000-0602-010000000000/displayed' to command name 'elementDisplayed'
2026-02-04 11:26:27:295 [3d067a68][XCUITestDriver@fe5b] Proxying [GET /session/3d067a68-b09a-4b25-957c-63e77c336bf2/element/7D000000-0000-0000-0602-010000000000/displayed] to [GET http://127.0.0.1:8100/session/355D2C86-BA04-4748-92D8-B6E0999EC2B2/element/7D000000-0000-0000-0602-010000000000/displayed] with no body
2026-02-04 11:26:27:374 [3d067a68][XCUITestDriver@fe5b] Got response with status 200: {"value":true,"sessionId":"355D2C86-BA04-4748-92D8-B6E0999EC2B2"}
2026-02-04 11:26:27:374 [3d067a68][XCUITestDriver@fe5b] Replacing sessionId 355D2C86-BA04-4748-92D8-B6E0999EC2B2 with 3d067a68-b09a-4b25-957c-63e77c336bf2
2026-02-04 11:26:27:375 [3d067a68][HTTP] <-- GET /session/3d067a68-b09a-4b25-957c-63e77c336bf2/element/7D000000-0000-0000-0602-010000000000/displayed 200 81 ms - 14 
2026-02-04 11:26:27:377 [3d067a68][HTTP] --> POST /session/3d067a68-b09a-4b25-957c-63e77c336bf2/element/7D000000-0000-0000-0602-010000000000/value {"text":"3808","value":["3","8","0","8"]}
2026-02-04 11:26:27:377 [3d067a68][BaseDriver] The following arguments are not known and will be ignored: value
2026-02-04 11:26:27:377 [3d067a68][XCUITestDriver@fe5b] Calling AppiumDriver.setValue() with args: ["3808","7D000000-0000-0000-0602-010000000000","3d067a68-b09a-4b25-957c-63e77c336bf2"]
2026-02-04 11:26:27:378 [3d067a68][XCUITestDriver@fe5b] Executing command 'setValue'
2026-02-04 11:26:27:379 [3d067a68][XCUITestDriver@fe5b] Matched '/element/7D000000-0000-0000-0602-010000000000/value' to command name 'setValue'
2026-02-04 11:26:27:380 [3d067a68][XCUITestDriver@fe5b] Added 'text' property to 'setValue' request body
2026-02-04 11:26:27:380 [3d067a68][XCUITestDriver@fe5b] Proxying [POST /element/7D000000-0000-0000-0602-010000000000/value] to [POST http://127.0.0.1:8100/session/355D2C86-BA04-4748-92D8-B6E0999EC2B2/element/7D000000-0000-0000-0602-010000000000/value] with body: {"value":["3","8","0","8"],"text":"3808"}
2026-02-04 11:26:27:912 [3d067a68][XCUITestDriver@fe5b] Got response with status 200: {"value":null,"sessionId":"355D2C86-BA04-4748-92D8-B6E0999EC2B2"}
2026-02-04 11:26:27:912 [3d067a68][XCUITestDriver@fe5b] Responding to client with driver.setValue() result: null
2026-02-04 11:26:27:913 [3d067a68][HTTP] <-- POST /session/3d067a68-b09a-4b25-957c-63e77c336bf2/element/7D000000-0000-0000-0602-010000000000/value 200 536 ms - 14 
2026-02-04 11:26:29:919 [3d067a68][HTTP] --> GET /session/3d067a68-b09a-4b25-957c-63e77c336bf2/alert/text 
2026-02-04 11:26:29:919 [3d067a68][XCUITestDriver@fe5b] Calling AppiumDriver.getAlertText() with args: ["3d067a68-b09a-4b25-957c-63e77c336bf2"]
2026-02-04 11:26:29:919 [3d067a68][XCUITestDriver@fe5b] Executing command 'getAlertText'
2026-02-04 11:26:29:920 [3d067a68][XCUITestDriver@fe5b] Matched '/alert/text' to command name 'getAlertText'
2026-02-04 11:26:29:920 [3d067a68][XCUITestDriver@fe5b] Proxying [GET /alert/text] to [GET http://127.0.0.1:8100/session/355D2C86-BA04-4748-92D8-B6E0999EC2B2/alert/text] with no body
2026-02-04 11:26:30:206 [3d067a68][XCUITestDriver@fe5b] Got response with status 404: {"value":{"error":"no such alert","message":"An attempt was made to operate on a modal dialog when one was not open","traceback":""},"sessionId":"355D2C86-BA04-4748-92D8-B6E0999EC2B2"}
2026-02-04 11:26:30:206 [3d067a68][W3C] Matched W3C error code 'no such alert' to NoSuchAlertError
2026-02-04 11:26:30:207 [3d067a68][XCUITestDriver@fe5b] Encountered internal error running command: An attempt was made to operate on a modal dialog when one was not open
ProxyRequestError: Request failed with status code 404
    at JWProxy.proxy (/Users/meezotech/.appium/node_modules/appium-xcuitest-driver/node_modules/@appium/base-driver/lib/jsonwp-proxy/proxy.js:279:13)
    at processTicksAndRejections (node:internal/process/task_queues:103:5)
    at ProtocolConverter.convertAndProxy (/Users/meezotech/.appium/node_modules/appium-xcuitest-driver/node_modules/@appium/base-driver/lib/jsonwp-proxy/protocol-converter.js:309:12)
    at JWProxy.proxyCommand (/Users/meezotech/.appium/node_modules/appium-xcuitest-driver/node_modules/@appium/base-driver/lib/jsonwp-proxy/proxy.js:313:12)
    at JWProxy.command (/Users/meezotech/.appium/node_modules/appium-xcuitest-driver/node_modules/@appium/base-driver/lib/jsonwp-proxy/proxy.js:327:32)
    at XCUITestDriver.proxyCommand (/Users/meezotech/.appium/node_modules/appium-xcuitest-driver/lib/commands/proxy-helper.ts:95:12)
    at XCUITestDriver.getAlertText (/Users/meezotech/.appium/node_modules/appium-xcuitest-driver/lib/commands/alert.ts:11:10)
2026-02-04 11:26:30:207 [3d067a68][HTTP] <-- GET /session/3d067a68-b09a-4b25-957c-63e77c336bf2/alert/text 404 288 ms - 1171 
2026-02-04 11:26:30:209 [3d067a68][HTTP] --> POST /session/3d067a68-b09a-4b25-957c-63e77c336bf2/element {"using":"name","value":"Jeddah"}
2026-02-04 11:26:30:209 [3d067a68][XCUITestDriver@fe5b] Calling AppiumDriver.findElement() with args: ["name","Jeddah","3d067a68-b09a-4b25-957c-63e77c336bf2"]
2026-02-04 11:26:30:209 [3d067a68][XCUITestDriver@fe5b] Executing command 'findElement'
2026-02-04 11:26:30:209 [3d067a68][XCUITestDriver@fe5b] Valid locator strategies for this request: xpath, id, name, class name, -ios predicate string, -ios class chain, accessibility id, css selector
2026-02-04 11:26:30:209 [3d067a68][XCUITestDriver@fe5b] Waiting up to 0 ms for condition
2026-02-04 11:26:30:209 [3d067a68][XCUITestDriver@fe5b] Matched '/element' to command name 'findElement'
2026-02-04 11:26:30:210 [3d067a68][XCUITestDriver@fe5b] Proxying [POST /element] to [POST http://127.0.0.1:8100/session/355D2C86-BA04-4748-92D8-B6E0999EC2B2/element] with body: {"using":"name","value":"Jeddah"}
2026-02-04 11:26:30:261 [3d067a68][XCUITestDriver@fe5b] Got response with status 404: {"value":{"error":"no such element","message":"unable to find an element using 'name', value 'Jeddah'","traceback":"(\n\t0   WebDriverAgentLib                   0x0000000116ad3462 FBNoSuchElementErrorResponseForRequest + 290\n\t1   WebDriverAgentLib                   0x0000000116ad3240 +[FBFindElementCommands handleFindElement:] + 352\n\t2   WebDriverAgentLib                   0x0000000116a92ccc -[FBRoute_TargetAction mountRequest:intoResponse:] + 172\n\t3   WebDriverAgentLib                   0x0000000116a79d99 __37-[FBWebServer registerRouteHandlers:]_block_invoke + 489\n\t4   WebDriverAgentLib                   0x0000000116ab5839 -[RoutingHTTPServer handleRoute:withRequest:response:] + 185\n\t5   WebDriverAgentLib                   0x0000000116ab6601 __72-[RoutingHTTPServer routeMethod:withPath:parameters:request:connection:]_block_invoke + 65\n\t6   libdispatch.dylib                   0x00007ff8026847ce _dispatch_client_callout + 6\n\t7   libdispatch.dylib                   0x00007ff80267a942 _dispatch...
2026-02-04 11:26:30:262 [3d067a68][W3C] Matched W3C error code 'no such element' to NoSuchElementError
2026-02-04 11:26:30:263 [3d067a68][XCUITestDriver@fe5b] Encountered internal error running command: NoSuchElementError: An element could not be located on the page using the given search parameters.
    at XCUITestDriver.doNativeFind (/Users/meezotech/.appium/node_modules/appium-xcuitest-driver/lib/commands/find.ts:205:13)
    at processTicksAndRejections (node:internal/process/task_queues:103:5)
    at XCUITestDriver.findNativeElementOrElements (/Users/meezotech/.appium/node_modules/appium-xcuitest-driver/lib/commands/find.ts:130:7)
    at XCUITestDriver.findElOrEls (/Users/meezotech/.appium/node_modules/appium-xcuitest-driver/lib/commands/find.ts:54:7)
    at XCUITestDriver.findElOrElsWithProcessing (/usr/local/lib/node_modules/appium/node_modules/@appium/base-driver/lib/basedriver/commands/find.ts:60:12)
    at XCUITestDriver.findElement (/usr/local/lib/node_modules/appium/node_modules/@appium/base-driver/lib/basedriver/commands/find.ts:75:12)
2026-02-04 11:26:30:263 [3d067a68][HTTP] <-- POST /session/3d067a68-b09a-4b25-957c-63e77c336bf2/element 404 55 ms - 1010 
2026-02-04 11:26:30:767 [3d067a68][HTTP] --> POST /session/3d067a68-b09a-4b25-957c-63e77c336bf2/element {"using":"name","value":"Jeddah"}
2026-02-04 11:26:30:767 [3d067a68][XCUITestDriver@fe5b] Calling AppiumDriver.findElement() with args: ["name","Jeddah","3d067a68-b09a-4b25-957c-63e77c336bf2"]
2026-02-04 11:26:30:768 [3d067a68][XCUITestDriver@fe5b] Executing command 'findElement'
2026-02-04 11:26:30:768 [3d067a68][XCUITestDriver@fe5b] Valid locator strategies for this request: xpath, id, name, class name, -ios predicate string, -ios class chain, accessibility id, css selector
2026-02-04 11:26:30:768 [3d067a68][XCUITestDriver@fe5b] Waiting up to 0 ms for condition
2026-02-04 11:26:30:768 [3d067a68][XCUITestDriver@fe5b] Matched '/element' to command name 'findElement'
2026-02-04 11:26:30:768 [3d067a68][XCUITestDriver@fe5b] Proxying [POST /element] to [POST http://127.0.0.1:8100/session/355D2C86-BA04-4748-92D8-B6E0999EC2B2/element] with body: {"using":"name","value":"Jeddah"}
2026-02-04 11:26:32:457 [3d067a68][XCUITestDriver@fe5b] Got response with status 404: {"value":{"error":"no such element","message":"unable to find an element using 'name', value 'Jeddah'","traceback":"(\n\t0   WebDriverAgentLib                   0x0000000116ad3462 FBNoSuchElementErrorResponseForRequest + 290\n\t1   WebDriverAgentLib                   0x0000000116ad3240 +[FBFindElementCommands handleFindElement:] + 352\n\t2   WebDriverAgentLib                   0x0000000116a92ccc -[FBRoute_TargetAction mountRequest:intoResponse:] + 172\n\t3   WebDriverAgentLib                   0x0000000116a79d99 __37-[FBWebServer registerRouteHandlers:]_block_invoke + 489\n\t4   WebDriverAgentLib                   0x0000000116ab5839 -[RoutingHTTPServer handleRoute:withRequest:response:] + 185\n\t5   WebDriverAgentLib                   0x0000000116ab6601 __72-[RoutingHTTPServer routeMethod:withPath:parameters:request:connection:]_block_invoke + 65\n\t6   libdispatch.dylib                   0x00007ff8026847ce _dispatch_client_callout + 6\n\t7   libdispatch.dylib                   0x00007ff80267a942 _dispatch...
2026-02-04 11:26:32:458 [3d067a68][W3C] Matched W3C error code 'no such element' to NoSuchElementError
2026-02-04 11:26:32:460 [3d067a68][XCUITestDriver@fe5b] Encountered internal error running command: NoSuchElementError: An element could not be located on the page using the given search parameters.
    at XCUITestDriver.doNativeFind (/Users/meezotech/.appium/node_modules/appium-xcuitest-driver/lib/commands/find.ts:205:13)
    at processTicksAndRejections (node:internal/process/task_queues:103:5)
    at XCUITestDriver.findNativeElementOrElements (/Users/meezotech/.appium/node_modules/appium-xcuitest-driver/lib/commands/find.ts:130:7)
    at XCUITestDriver.findElOrEls (/Users/meezotech/.appium/node_modules/appium-xcuitest-driver/lib/commands/find.ts:54:7)
    at XCUITestDriver.findElOrElsWithProcessing (/usr/local/lib/node_modules/appium/node_modules/@appium/base-driver/lib/basedriver/commands/find.ts:60:12)
    at XCUITestDriver.findElement (/usr/local/lib/node_modules/appium/node_modules/@appium/base-driver/lib/basedriver/commands/find.ts:75:12)
2026-02-04 11:26:32:461 [3d067a68][HTTP] <-- POST /session/3d067a68-b09a-4b25-957c-63e77c336bf2/element 404 1693 ms - 1010 
2026-02-04 11:26:32:964 [3d067a68][HTTP] --> POST /session/3d067a68-b09a-4b25-957c-63e77c336bf2/element {"using":"name","value":"Jeddah"}
2026-02-04 11:26:32:964 [3d067a68][XCUITestDriver@fe5b] Calling AppiumDriver.findElement() with args: ["name","Jeddah","3d067a68-b09a-4b25-957c-63e77c336bf2"]
2026-02-04 11:26:32:964 [3d067a68][XCUITestDriver@fe5b] Executing command 'findElement'
2026-02-04 11:26:32:965 [3d067a68][XCUITestDriver@fe5b] Valid locator strategies for this request: xpath, id, name, class name, -ios predicate string, -ios class chain, accessibility id, css selector
2026-02-04 11:26:32:965 [3d067a68][XCUITestDriver@fe5b] Waiting up to 0 ms for condition
2026-02-04 11:26:32:965 [3d067a68][XCUITestDriver@fe5b] Matched '/element' to command name 'findElement'
2026-02-04 11:26:32:966 [3d067a68][XCUITestDriver@fe5b] Proxying [POST /element] to [POST http://127.0.0.1:8100/session/355D2C86-BA04-4748-92D8-B6E0999EC2B2/element] with body: {"using":"name","value":"Jeddah"}
2026-02-04 11:26:33:455 [3d067a68][XCUITestDriver@fe5b] Got response with status 404: {"value":{"error":"no such element","message":"unable to find an element using 'name', value 'Jeddah'","traceback":"(\n\t0   WebDriverAgentLib                   0x0000000116ad3462 FBNoSuchElementErrorResponseForRequest + 290\n\t1   WebDriverAgentLib                   0x0000000116ad3240 +[FBFindElementCommands handleFindElement:] + 352\n\t2   WebDriverAgentLib                   0x0000000116a92ccc -[FBRoute_TargetAction mountRequest:intoResponse:] + 172\n\t3   WebDriverAgentLib                   0x0000000116a79d99 __37-[FBWebServer registerRouteHandlers:]_block_invoke + 489\n\t4   WebDriverAgentLib                   0x0000000116ab5839 -[RoutingHTTPServer handleRoute:withRequest:response:] + 185\n\t5   WebDriverAgentLib                   0x0000000116ab6601 __72-[RoutingHTTPServer routeMethod:withPath:parameters:request:connection:]_block_invoke + 65\n\t6   libdispatch.dylib                   0x00007ff8026847ce _dispatch_client_callout + 6\n\t7   libdispatch.dylib                   0x00007ff80267a942 _dispatch...
2026-02-04 11:26:33:456 [3d067a68][W3C] Matched W3C error code 'no such element' to NoSuchElementError
2026-02-04 11:26:33:457 [3d067a68][XCUITestDriver@fe5b] Encountered internal error running command: NoSuchElementError: An element could not be located on the page using the given search parameters.
    at XCUITestDriver.doNativeFind (/Users/meezotech/.appium/node_modules/appium-xcuitest-driver/lib/commands/find.ts:205:13)
    at processTicksAndRejections (node:internal/process/task_queues:103:5)
    at XCUITestDriver.findNativeElementOrElements (/Users/meezotech/.appium/node_modules/appium-xcuitest-driver/lib/commands/find.ts:130:7)
    at XCUITestDriver.findElOrEls (/Users/meezotech/.appium/node_modules/appium-xcuitest-driver/lib/commands/find.ts:54:7)
    at XCUITestDriver.findElOrElsWithProcessing (/usr/local/lib/node_modules/appium/node_modules/@appium/base-driver/lib/basedriver/commands/find.ts:60:12)
    at XCUITestDriver.findElement (/usr/local/lib/node_modules/appium/node_modules/@appium/base-driver/lib/basedriver/commands/find.ts:75:12)
2026-02-04 11:26:33:458 [3d067a68][HTTP] <-- POST /session/3d067a68-b09a-4b25-957c-63e77c336bf2/element 404 494 ms - 1010 
2026-02-04 11:26:33:963 [3d067a68][HTTP] --> POST /session/3d067a68-b09a-4b25-957c-63e77c336bf2/element {"using":"name","value":"Jeddah"}
2026-02-04 11:26:33:963 [3d067a68][XCUITestDriver@fe5b] Calling AppiumDriver.findElement() with args: ["name","Jeddah","3d067a68-b09a-4b25-957c-63e77c336bf2"]
2026-02-04 11:26:33:963 [3d067a68][XCUITestDriver@fe5b] Executing command 'findElement'
2026-02-04 11:26:33:964 [3d067a68][XCUITestDriver@fe5b] Valid locator strategies for this request: xpath, id, name, class name, -ios predicate string, -ios class chain, accessibility id, css selector
2026-02-04 11:26:33:964 [3d067a68][XCUITestDriver@fe5b] Waiting up to 0 ms for condition
2026-02-04 11:26:33:964 [3d067a68][XCUITestDriver@fe5b] Matched '/element' to command name 'findElement'
2026-02-04 11:26:33:964 [3d067a68][XCUITestDriver@fe5b] Proxying [POST /element] to [POST http://127.0.0.1:8100/session/355D2C86-BA04-4748-92D8-B6E0999EC2B2/element] with body: {"using":"name","value":"Jeddah"}
2026-02-04 11:26:35:530 [3d067a68][XCUITestDriver@fe5b] Got response with status 404: {"value":{"error":"no such element","message":"unable to find an element using 'name', value 'Jeddah'","traceback":"(\n\t0   WebDriverAgentLib                   0x0000000116ad3462 FBNoSuchElementErrorResponseForRequest + 290\n\t1   WebDriverAgentLib                   0x0000000116ad3240 +[FBFindElementCommands handleFindElement:] + 352\n\t2   WebDriverAgentLib                   0x0000000116a92ccc -[FBRoute_TargetAction mountRequest:intoResponse:] + 172\n\t3   WebDriverAgentLib                   0x0000000116a79d99 __37-[FBWebServer registerRouteHandlers:]_block_invoke + 489\n\t4   WebDriverAgentLib                   0x0000000116ab5839 -[RoutingHTTPServer handleRoute:withRequest:response:] + 185\n\t5   WebDriverAgentLib                   0x0000000116ab6601 __72-[RoutingHTTPServer routeMethod:withPath:parameters:request:connection:]_block_invoke + 65\n\t6   libdispatch.dylib                   0x00007ff8026847ce _dispatch_client_callout + 6\n\t7   libdispatch.dylib                   0x00007ff80267a942 _dispatch...
2026-02-04 11:26:35:533 [3d067a68][W3C] Matched W3C error code 'no such element' to NoSuchElementError
2026-02-04 11:26:35:535 [3d067a68][XCUITestDriver@fe5b] Encountered internal error running command: NoSuchElementError: An element could not be located on the page using the given search parameters.
    at XCUITestDriver.doNativeFind (/Users/meezotech/.appium/node_modules/appium-xcuitest-driver/lib/commands/find.ts:205:13)
    at processTicksAndRejections (node:internal/process/task_queues:103:5)
    at XCUITestDriver.findNativeElementOrElements (/Users/meezotech/.appium/node_modules/appium-xcuitest-driver/lib/commands/find.ts:130:7)
    at XCUITestDriver.findElOrEls (/Users/meezotech/.appium/node_modules/appium-xcuitest-driver/lib/commands/find.ts:54:7)
    at XCUITestDriver.findElOrElsWithProcessing (/usr/local/lib/node_modules/appium/node_modules/@appium/base-driver/lib/basedriver/commands/find.ts:60:12)
    at XCUITestDriver.findElement (/usr/local/lib/node_modules/appium/node_modules/@appium/base-driver/lib/basedriver/commands/find.ts:75:12)
2026-02-04 11:26:35:536 [3d067a68][HTTP] <-- POST /session/3d067a68-b09a-4b25-957c-63e77c336bf2/element 404 1573 ms - 1010 
2026-02-04 11:26:36:040 [3d067a68][HTTP] --> POST /session/3d067a68-b09a-4b25-957c-63e77c336bf2/element {"using":"name","value":"Jeddah"}
2026-02-04 11:26:36:040 [3d067a68][XCUITestDriver@fe5b] Calling AppiumDriver.findElement() with args: ["name","Jeddah","3d067a68-b09a-4b25-957c-63e77c336bf2"]
2026-02-04 11:26:36:041 [3d067a68][XCUITestDriver@fe5b] Executing command 'findElement'
2026-02-04 11:26:36:041 [3d067a68][XCUITestDriver@fe5b] Valid locator strategies for this request: xpath, id, name, class name, -ios predicate string, -ios class chain, accessibility id, css selector
2026-02-04 11:26:36:041 [3d067a68][XCUITestDriver@fe5b] Waiting up to 0 ms for condition
2026-02-04 11:26:36:041 [3d067a68][XCUITestDriver@fe5b] Matched '/element' to command name 'findElement'
2026-02-04 11:26:36:041 [3d067a68][XCUITestDriver@fe5b] Proxying [POST /element] to [POST http://127.0.0.1:8100/session/355D2C86-BA04-4748-92D8-B6E0999EC2B2/element] with body: {"using":"name","value":"Jeddah"}
2026-02-04 11:26:36:117 [3d067a68][XCUITestDriver@fe5b] Got response with status 404: {"value":{"error":"no such element","message":"unable to find an element using 'name', value 'Jeddah'","traceback":"(\n\t0   WebDriverAgentLib                   0x0000000116ad3462 FBNoSuchElementErrorResponseForRequest + 290\n\t1   WebDriverAgentLib                   0x0000000116ad3240 +[FBFindElementCommands handleFindElement:] + 352\n\t2   WebDriverAgentLib                   0x0000000116a92ccc -[FBRoute_TargetAction mountRequest:intoResponse:] + 172\n\t3   WebDriverAgentLib                   0x0000000116a79d99 __37-[FBWebServer registerRouteHandlers:]_block_invoke + 489\n\t4   WebDriverAgentLib                   0x0000000116ab5839 -[RoutingHTTPServer handleRoute:withRequest:response:] + 185\n\t5   WebDriverAgentLib                   0x0000000116ab6601 __72-[RoutingHTTPServer routeMethod:withPath:parameters:request:connection:]_block_invoke + 65\n\t6   libdispatch.dylib                   0x00007ff8026847ce _dispatch_client_callout + 6\n\t7   libdispatch.dylib                   0x00007ff80267a942 _dispatch...
2026-02-04 11:26:36:118 [3d067a68][W3C] Matched W3C error code 'no such element' to NoSuchElementError
2026-02-04 11:26:36:118 [3d067a68][XCUITestDriver@fe5b] Encountered internal error running command: NoSuchElementError: An element could not be located on the page using the given search parameters.
    at XCUITestDriver.doNativeFind (/Users/meezotech/.appium/node_modules/appium-xcuitest-driver/lib/commands/find.ts:205:13)
    at processTicksAndRejections (node:internal/process/task_queues:103:5)
    at XCUITestDriver.findNativeElementOrElements (/Users/meezotech/.appium/node_modules/appium-xcuitest-driver/lib/commands/find.ts:130:7)
    at XCUITestDriver.findElOrEls (/Users/meezotech/.appium/node_modules/appium-xcuitest-driver/lib/commands/find.ts:54:7)
    at XCUITestDriver.findElOrElsWithProcessing (/usr/local/lib/node_modules/appium/node_modules/@appium/base-driver/lib/basedriver/commands/find.ts:60:12)
    at XCUITestDriver.findElement (/usr/local/lib/node_modules/appium/node_modules/@appium/base-driver/lib/basedriver/commands/find.ts:75:12)
2026-02-04 11:26:36:119 [3d067a68][HTTP] <-- POST /session/3d067a68-b09a-4b25-957c-63e77c336bf2/element 404 79 ms - 1010 
2026-02-04 11:26:36:623 [3d067a68][HTTP] --> POST /session/3d067a68-b09a-4b25-957c-63e77c336bf2/element {"using":"name","value":"Jeddah"}
2026-02-04 11:26:36:623 [3d067a68][XCUITestDriver@fe5b] Calling AppiumDriver.findElement() with args: ["name","Jeddah","3d067a68-b09a-4b25-957c-63e77c336bf2"]
2026-02-04 11:26:36:623 [3d067a68][XCUITestDriver@fe5b] Executing command 'findElement'
2026-02-04 11:26:36:623 [3d067a68][XCUITestDriver@fe5b] Valid locator strategies for this request: xpath, id, name, class name, -ios predicate string, -ios class chain, accessibility id, css selector
2026-02-04 11:26:36:623 [3d067a68][XCUITestDriver@fe5b] Waiting up to 0 ms for condition
2026-02-04 11:26:36:624 [3d067a68][XCUITestDriver@fe5b] Matched '/element' to command name 'findElement'
2026-02-04 11:26:36:624 [3d067a68][XCUITestDriver@fe5b] Proxying [POST /element] to [POST http://127.0.0.1:8100/session/355D2C86-BA04-4748-92D8-B6E0999EC2B2/element] with body: {"using":"name","value":"Jeddah"}
2026-02-04 11:26:37:155 [3d067a68][XCUITestDriver@fe5b] Got response with status 200: {"value":{"ELEMENT":"AF000000-0000-0000-0602-010000000000","element-6066-11e4-a52e-4f735466cecf":"AF000000-0000-0000-0602-010000000000"},"sessionId":"355D2C86-BA04-4748-92D8-B6E0999EC2B2"}
2026-02-04 11:26:37:155 [3d067a68][XCUITestDriver@fe5b] Responding to client with driver.findElement() result: {"element-6066-11e4-a52e-4f735466cecf":"AF000000-0000-0000-0602-010000000000","ELEMENT":"AF000000-0000-0000-0602-010000000000"}
2026-02-04 11:26:37:156 [3d067a68][HTTP] <-- POST /session/3d067a68-b09a-4b25-957c-63e77c336bf2/element 200 533 ms - 137 
2026-02-04 11:26:37:158 [3d067a68][HTTP] --> GET /session/3d067a68-b09a-4b25-957c-63e77c336bf2/element/AF000000-0000-0000-0602-010000000000/displayed 
2026-02-04 11:26:37:158 [3d067a68][XCUITestDriver@fe5b] Driver proxy active, passing request on via HTTP proxy
2026-02-04 11:26:37:158 [3d067a68][XCUITestDriver@fe5b] Executing command 'proxyReqRes'
2026-02-04 11:26:37:159 [3d067a68][XCUITestDriver@fe5b] Matched '/session/3d067a68-b09a-4b25-957c-63e77c336bf2/element/AF000000-0000-0000-0602-010000000000/displayed' to command name 'elementDisplayed'
2026-02-04 11:26:37:160 [3d067a68][XCUITestDriver@fe5b] Proxying [GET /session/3d067a68-b09a-4b25-957c-63e77c336bf2/element/AF000000-0000-0000-0602-010000000000/displayed] to [GET http://127.0.0.1:8100/session/355D2C86-BA04-4748-92D8-B6E0999EC2B2/element/AF000000-0000-0000-0602-010000000000/displayed] with no body
2026-02-04 11:26:37:286 [3d067a68][XCUITestDriver@fe5b] Got response with status 200: {"value":true,"sessionId":"355D2C86-BA04-4748-92D8-B6E0999EC2B2"}
2026-02-04 11:26:37:286 [3d067a68][XCUITestDriver@fe5b] Replacing sessionId 355D2C86-BA04-4748-92D8-B6E0999EC2B2 with 3d067a68-b09a-4b25-957c-63e77c336bf2
2026-02-04 11:26:37:287 [3d067a68][HTTP] <-- GET /session/3d067a68-b09a-4b25-957c-63e77c336bf2/element/AF000000-0000-0000-0602-010000000000/displayed 200 129 ms - 14 
2026-02-04 11:26:37:289 [3d067a68][HTTP] --> GET /session/3d067a68-b09a-4b25-957c-63e77c336bf2/element/AF000000-0000-0000-0602-010000000000/enabled 
2026-02-04 11:26:37:289 [3d067a68][XCUITestDriver@fe5b] Driver proxy active, passing request on via HTTP proxy
2026-02-04 11:26:37:290 [3d067a68][XCUITestDriver@fe5b] Executing command 'proxyReqRes'
2026-02-04 11:26:37:291 [3d067a68][XCUITestDriver@fe5b] Matched '/session/3d067a68-b09a-4b25-957c-63e77c336bf2/element/AF000000-0000-0000-0602-010000000000/enabled' to command name 'elementEnabled'
2026-02-04 11:26:37:291 [3d067a68][XCUITestDriver@fe5b] Proxying [GET /session/3d067a68-b09a-4b25-957c-63e77c336bf2/element/AF000000-0000-0000-0602-010000000000/enabled] to [GET http://127.0.0.1:8100/session/355D2C86-BA04-4748-92D8-B6E0999EC2B2/element/AF000000-0000-0000-0602-010000000000/enabled] with no body
2026-02-04 11:26:37:476 [3d067a68][XCUITestDriver@fe5b] Got response with status 200: {"value":true,"sessionId":"355D2C86-BA04-4748-92D8-B6E0999EC2B2"}
2026-02-04 11:26:37:476 [3d067a68][XCUITestDriver@fe5b] Replacing sessionId 355D2C86-BA04-4748-92D8-B6E0999EC2B2 with 3d067a68-b09a-4b25-957c-63e77c336bf2
2026-02-04 11:26:37:476 [3d067a68][HTTP] <-- GET /session/3d067a68-b09a-4b25-957c-63e77c336bf2/element/AF000000-0000-0000-0602-010000000000/enabled 200 187 ms - 14 
2026-02-04 11:26:37:478 [3d067a68][HTTP] --> POST /session/3d067a68-b09a-4b25-957c-63e77c336bf2/element/AF000000-0000-0000-0602-010000000000/click {}
2026-02-04 11:26:37:478 [3d067a68][XCUITestDriver@fe5b] Driver proxy active, passing request on via HTTP proxy
2026-02-04 11:26:37:478 [3d067a68][XCUITestDriver@fe5b] Executing command 'proxyReqRes'
2026-02-04 11:26:37:479 [3d067a68][XCUITestDriver@fe5b] Matched '/session/3d067a68-b09a-4b25-957c-63e77c336bf2/element/AF000000-0000-0000-0602-010000000000/click' to command name 'click'
2026-02-04 11:26:37:479 [3d067a68][XCUITestDriver@fe5b] Proxying [POST /session/3d067a68-b09a-4b25-957c-63e77c336bf2/element/AF000000-0000-0000-0602-010000000000/click] to [POST http://127.0.0.1:8100/session/355D2C86-BA04-4748-92D8-B6E0999EC2B2/element/AF000000-0000-0000-0602-010000000000/click] with body: {}
2026-02-04 11:26:38:297 [3d067a68][XCUITestDriver@fe5b] Got response with status 200: {"value":null,"sessionId":"355D2C86-BA04-4748-92D8-B6E0999EC2B2"}
2026-02-04 11:26:38:297 [3d067a68][XCUITestDriver@fe5b] Replacing sessionId 355D2C86-BA04-4748-92D8-B6E0999EC2B2 with 3d067a68-b09a-4b25-957c-63e77c336bf2
2026-02-04 11:26:38:297 [3d067a68][HTTP] <-- POST /session/3d067a68-b09a-4b25-957c-63e77c336bf2/element/AF000000-0000-0000-0602-010000000000/click 200 820 ms - 14 
2026-02-04 11:26:38:299 [3d067a68][HTTP] --> POST /session/3d067a68-b09a-4b25-957c-63e77c336bf2/element {"using":"name","value":"Jeddah"}
2026-02-04 11:26:38:300 [3d067a68][XCUITestDriver@fe5b] Calling AppiumDriver.findElement() with args: ["name","Jeddah","3d067a68-b09a-4b25-957c-63e77c336bf2"]
2026-02-04 11:26:38:300 [3d067a68][XCUITestDriver@fe5b] Executing command 'findElement'
2026-02-04 11:26:38:300 [3d067a68][XCUITestDriver@fe5b] Valid locator strategies for this request: xpath, id, name, class name, -ios predicate string, -ios class chain, accessibility id, css selector
2026-02-04 11:26:38:300 [3d067a68][XCUITestDriver@fe5b] Waiting up to 0 ms for condition
2026-02-04 11:26:38:300 [3d067a68][XCUITestDriver@fe5b] Matched '/element' to command name 'findElement'
2026-02-04 11:26:38:300 [3d067a68][XCUITestDriver@fe5b] Proxying [POST /element] to [POST http://127.0.0.1:8100/session/355D2C86-BA04-4748-92D8-B6E0999EC2B2/element] with body: {"using":"name","value":"Jeddah"}
2026-02-04 11:26:38:986 [3d067a68][XCUITestDriver@fe5b] Got response with status 200: {"value":{"ELEMENT":"AF000000-0000-0000-0602-010000000000","element-6066-11e4-a52e-4f735466cecf":"AF000000-0000-0000-0602-010000000000"},"sessionId":"355D2C86-BA04-4748-92D8-B6E0999EC2B2"}
2026-02-04 11:26:38:986 [3d067a68][XCUITestDriver@fe5b] Responding to client with driver.findElement() result: {"element-6066-11e4-a52e-4f735466cecf":"AF000000-0000-0000-0602-010000000000","ELEMENT":"AF000000-0000-0000-0602-010000000000"}
2026-02-04 11:26:38:986 [3d067a68][HTTP] <-- POST /session/3d067a68-b09a-4b25-957c-63e77c336bf2/element 200 687 ms - 137 
2026-02-04 11:26:38:988 [3d067a68][HTTP] --> GET /session/3d067a68-b09a-4b25-957c-63e77c336bf2/element/AF000000-0000-0000-0602-010000000000/displayed 
2026-02-04 11:26:38:988 [3d067a68][XCUITestDriver@fe5b] Driver proxy active, passing request on via HTTP proxy
2026-02-04 11:26:38:988 [3d067a68][XCUITestDriver@fe5b] Executing command 'proxyReqRes'
2026-02-04 11:26:38:988 [3d067a68][XCUITestDriver@fe5b] Matched '/session/3d067a68-b09a-4b25-957c-63e77c336bf2/element/AF000000-0000-0000-0602-010000000000/displayed' to command name 'elementDisplayed'
2026-02-04 11:26:38:989 [3d067a68][XCUITestDriver@fe5b] Proxying [GET /session/3d067a68-b09a-4b25-957c-63e77c336bf2/element/AF000000-0000-0000-0602-010000000000/displayed] to [GET http://127.0.0.1:8100/session/355D2C86-BA04-4748-92D8-B6E0999EC2B2/element/AF000000-0000-0000-0602-010000000000/displayed] with no body
2026-02-04 11:26:39:088 [3d067a68][XCUITestDriver@fe5b] Got response with status 200: {"value":true,"sessionId":"355D2C86-BA04-4748-92D8-B6E0999EC2B2"}
2026-02-04 11:26:39:088 [3d067a68][XCUITestDriver@fe5b] Replacing sessionId 355D2C86-BA04-4748-92D8-B6E0999EC2B2 with 3d067a68-b09a-4b25-957c-63e77c336bf2
2026-02-04 11:26:39:088 [3d067a68][HTTP] <-- GET /session/3d067a68-b09a-4b25-957c-63e77c336bf2/element/AF000000-0000-0000-0602-010000000000/displayed 200 100 ms - 14 
2026-02-04 11:26:39:090 [3d067a68][HTTP] --> GET /session/3d067a68-b09a-4b25-957c-63e77c336bf2/element/AF000000-0000-0000-0602-010000000000/enabled 
2026-02-04 11:26:39:090 [3d067a68][XCUITestDriver@fe5b] Driver proxy active, passing request on via HTTP proxy
2026-02-04 11:26:39:090 [3d067a68][XCUITestDriver@fe5b] Executing command 'proxyReqRes'
2026-02-04 11:26:39:090 [3d067a68][XCUITestDriver@fe5b] Matched '/session/3d067a68-b09a-4b25-957c-63e77c336bf2/element/AF000000-0000-0000-0602-010000000000/enabled' to command name 'elementEnabled'
2026-02-04 11:26:39:091 [3d067a68][XCUITestDriver@fe5b] Proxying [GET /session/3d067a68-b09a-4b25-957c-63e77c336bf2/element/AF000000-0000-0000-0602-010000000000/enabled] to [GET http://127.0.0.1:8100/session/355D2C86-BA04-4748-92D8-B6E0999EC2B2/element/AF000000-0000-0000-0602-010000000000/enabled] with no body
2026-02-04 11:26:39:159 [3d067a68][XCUITestDriver@fe5b] Got response with status 200: {"value":true,"sessionId":"355D2C86-BA04-4748-92D8-B6E0999EC2B2"}
2026-02-04 11:26:39:159 [3d067a68][XCUITestDriver@fe5b] Replacing sessionId 355D2C86-BA04-4748-92D8-B6E0999EC2B2 with 3d067a68-b09a-4b25-957c-63e77c336bf2
2026-02-04 11:26:39:160 [3d067a68][HTTP] <-- GET /session/3d067a68-b09a-4b25-957c-63e77c336bf2/element/AF000000-0000-0000-0602-010000000000/enabled 200 70 ms - 14 
2026-02-04 11:26:39:162 [3d067a68][HTTP] --> POST /session/3d067a68-b09a-4b25-957c-63e77c336bf2/element/AF000000-0000-0000-0602-010000000000/click {}
2026-02-04 11:26:39:162 [3d067a68][XCUITestDriver@fe5b] Driver proxy active, passing request on via HTTP proxy
2026-02-04 11:26:39:162 [3d067a68][XCUITestDriver@fe5b] Executing command 'proxyReqRes'
2026-02-04 11:26:39:163 [3d067a68][XCUITestDriver@fe5b] Matched '/session/3d067a68-b09a-4b25-957c-63e77c336bf2/element/AF000000-0000-0000-0602-010000000000/click' to command name 'click'
2026-02-04 11:26:39:163 [3d067a68][XCUITestDriver@fe5b] Proxying [POST /session/3d067a68-b09a-4b25-957c-63e77c336bf2/element/AF000000-0000-0000-0602-010000000000/click] to [POST http://127.0.0.1:8100/session/355D2C86-BA04-4748-92D8-B6E0999EC2B2/element/AF000000-0000-0000-0602-010000000000/click] with body: {}
2026-02-04 11:26:39:721 [3d067a68][XCUITestDriver@fe5b] Got response with status 200: {"value":null,"sessionId":"355D2C86-BA04-4748-92D8-B6E0999EC2B2"}
2026-02-04 11:26:39:721 [3d067a68][XCUITestDriver@fe5b] Replacing sessionId 355D2C86-BA04-4748-92D8-B6E0999EC2B2 with 3d067a68-b09a-4b25-957c-63e77c336bf2
2026-02-04 11:26:39:721 [3d067a68][HTTP] <-- POST /session/3d067a68-b09a-4b25-957c-63e77c336bf2/element/AF000000-0000-0000-0602-010000000000/click 200 559 ms - 14 
2026-02-04 11:26:39:723 [3d067a68][HTTP] --> POST /session/3d067a68-b09a-4b25-957c-63e77c336bf2/element {"using":"name","value":"Next"}
2026-02-04 11:26:39:723 [3d067a68][XCUITestDriver@fe5b] Calling AppiumDriver.findElement() with args: ["name","Next","3d067a68-b09a-4b25-957c-63e77c336bf2"]
2026-02-04 11:26:39:723 [3d067a68][XCUITestDriver@fe5b] Executing command 'findElement'
2026-02-04 11:26:39:723 [3d067a68][XCUITestDriver@fe5b] Valid locator strategies for this request: xpath, id, name, class name, -ios predicate string, -ios class chain, accessibility id, css selector
2026-02-04 11:26:39:723 [3d067a68][XCUITestDriver@fe5b] Waiting up to 0 ms for condition
2026-02-04 11:26:39:724 [3d067a68][XCUITestDriver@fe5b] Matched '/element' to command name 'findElement'
2026-02-04 11:26:39:724 [3d067a68][XCUITestDriver@fe5b] Proxying [POST /element] to [POST http://127.0.0.1:8100/session/355D2C86-BA04-4748-92D8-B6E0999EC2B2/element] with body: {"using":"name","value":"Next"}
2026-02-04 11:26:39:869 [3d067a68][XCUITestDriver@fe5b] Got response with status 200: {"value":{"ELEMENT":"AB000000-0000-0000-0602-010000000000","element-6066-11e4-a52e-4f735466cecf":"AB000000-0000-0000-0602-010000000000"},"sessionId":"355D2C86-BA04-4748-92D8-B6E0999EC2B2"}
2026-02-04 11:26:39:869 [3d067a68][XCUITestDriver@fe5b] Responding to client with driver.findElement() result: {"element-6066-11e4-a52e-4f735466cecf":"AB000000-0000-0000-0602-010000000000","ELEMENT":"AB000000-0000-0000-0602-010000000000"}
2026-02-04 11:26:39:870 [3d067a68][HTTP] <-- POST /session/3d067a68-b09a-4b25-957c-63e77c336bf2/element 200 147 ms - 137 
2026-02-04 11:26:39:871 [3d067a68][HTTP] --> GET /session/3d067a68-b09a-4b25-957c-63e77c336bf2/element/AB000000-0000-0000-0602-010000000000/displayed 
2026-02-04 11:26:39:871 [3d067a68][XCUITestDriver@fe5b] Driver proxy active, passing request on via HTTP proxy
2026-02-04 11:26:39:871 [3d067a68][XCUITestDriver@fe5b] Executing command 'proxyReqRes'
2026-02-04 11:26:39:872 [3d067a68][XCUITestDriver@fe5b] Matched '/session/3d067a68-b09a-4b25-957c-63e77c336bf2/element/AB000000-0000-0000-0602-010000000000/displayed' to command name 'elementDisplayed'
2026-02-04 11:26:39:872 [3d067a68][XCUITestDriver@fe5b] Proxying [GET /session/3d067a68-b09a-4b25-957c-63e77c336bf2/element/AB000000-0000-0000-0602-010000000000/displayed] to [GET http://127.0.0.1:8100/session/355D2C86-BA04-4748-92D8-B6E0999EC2B2/element/AB000000-0000-0000-0602-010000000000/displayed] with no body
2026-02-04 11:26:39:971 [3d067a68][XCUITestDriver@fe5b] Got response with status 200: {"value":true,"sessionId":"355D2C86-BA04-4748-92D8-B6E0999EC2B2"}
2026-02-04 11:26:39:971 [3d067a68][XCUITestDriver@fe5b] Replacing sessionId 355D2C86-BA04-4748-92D8-B6E0999EC2B2 with 3d067a68-b09a-4b25-957c-63e77c336bf2
2026-02-04 11:26:39:972 [3d067a68][HTTP] <-- GET /session/3d067a68-b09a-4b25-957c-63e77c336bf2/element/AB000000-0000-0000-0602-010000000000/displayed 200 101 ms - 14 
2026-02-04 11:26:39:976 [3d067a68][HTTP] --> GET /session/3d067a68-b09a-4b25-957c-63e77c336bf2/element/AB000000-0000-0000-0602-010000000000/enabled 
2026-02-04 11:26:39:976 [3d067a68][XCUITestDriver@fe5b] Driver proxy active, passing request on via HTTP proxy
2026-02-04 11:26:39:976 [3d067a68][XCUITestDriver@fe5b] Executing command 'proxyReqRes'
2026-02-04 11:26:39:977 [3d067a68][XCUITestDriver@fe5b] Matched '/session/3d067a68-b09a-4b25-957c-63e77c336bf2/element/AB000000-0000-0000-0602-010000000000/enabled' to command name 'elementEnabled'
2026-02-04 11:26:39:977 [3d067a68][XCUITestDriver@fe5b] Proxying [GET /session/3d067a68-b09a-4b25-957c-63e77c336bf2/element/AB000000-0000-0000-0602-010000000000/enabled] to [GET http://127.0.0.1:8100/session/355D2C86-BA04-4748-92D8-B6E0999EC2B2/element/AB000000-0000-0000-0602-010000000000/enabled] with no body
2026-02-04 11:26:40:057 [3d067a68][XCUITestDriver@fe5b] Got response with status 200: {"value":true,"sessionId":"355D2C86-BA04-4748-92D8-B6E0999EC2B2"}
2026-02-04 11:26:40:057 [3d067a68][XCUITestDriver@fe5b] Replacing sessionId 355D2C86-BA04-4748-92D8-B6E0999EC2B2 with 3d067a68-b09a-4b25-957c-63e77c336bf2
2026-02-04 11:26:40:058 [3d067a68][HTTP] <-- GET /session/3d067a68-b09a-4b25-957c-63e77c336bf2/element/AB000000-0000-0000-0602-010000000000/enabled 200 82 ms - 14 
2026-02-04 11:26:40:060 [3d067a68][HTTP] --> POST /session/3d067a68-b09a-4b25-957c-63e77c336bf2/element/AB000000-0000-0000-0602-010000000000/click {}
2026-02-04 11:26:40:060 [3d067a68][XCUITestDriver@fe5b] Driver proxy active, passing request on via HTTP proxy
2026-02-04 11:26:40:060 [3d067a68][XCUITestDriver@fe5b] Executing command 'proxyReqRes'
2026-02-04 11:26:40:061 [3d067a68][XCUITestDriver@fe5b] Matched '/session/3d067a68-b09a-4b25-957c-63e77c336bf2/element/AB000000-0000-0000-0602-010000000000/click' to command name 'click'
2026-02-04 11:26:40:061 [3d067a68][XCUITestDriver@fe5b] Proxying [POST /session/3d067a68-b09a-4b25-957c-63e77c336bf2/element/AB000000-0000-0000-0602-010000000000/click] to [POST http://127.0.0.1:8100/session/355D2C86-BA04-4748-92D8-B6E0999EC2B2/element/AB000000-0000-0000-0602-010000000000/click] with body: {}
2026-02-04 11:26:40:640 [3d067a68][XCUITestDriver@fe5b] Got response with status 200: {"value":null,"sessionId":"355D2C86-BA04-4748-92D8-B6E0999EC2B2"}
2026-02-04 11:26:40:640 [3d067a68][XCUITestDriver@fe5b] Replacing sessionId 355D2C86-BA04-4748-92D8-B6E0999EC2B2 with 3d067a68-b09a-4b25-957c-63e77c336bf2
2026-02-04 11:26:40:641 [3d067a68][HTTP] <-- POST /session/3d067a68-b09a-4b25-957c-63e77c336bf2/element/AB000000-0000-0000-0602-010000000000/click 200 581 ms - 14 
2026-02-04 11:26:42:648 [3d067a68][HTTP] --> POST /session/3d067a68-b09a-4b25-957c-63e77c336bf2/element {"using":"name","value":"Me\nTab 5 of 5"}
2026-02-04 11:26:42:648 [3d067a68][XCUITestDriver@fe5b] Calling AppiumDriver.findElement() with args: ["name","Me\nTab 5 of 5","3d067a68-b09a-4b25-957c-63e77c336bf2"]
2026-02-04 11:26:42:648 [3d067a68][XCUITestDriver@fe5b] Executing command 'findElement'
2026-02-04 11:26:42:648 [3d067a68][XCUITestDriver@fe5b] Valid locator strategies for this request: xpath, id, name, class name, -ios predicate string, -ios class chain, accessibility id, css selector
2026-02-04 11:26:42:649 [3d067a68][XCUITestDriver@fe5b] Waiting up to 0 ms for condition
2026-02-04 11:26:42:649 [3d067a68][XCUITestDriver@fe5b] Matched '/element' to command name 'findElement'
2026-02-04 11:26:42:649 [3d067a68][XCUITestDriver@fe5b] Proxying [POST /element] to [POST http://127.0.0.1:8100/session/355D2C86-BA04-4748-92D8-B6E0999EC2B2/element] with body: {"using":"name","value":"Me\nTab 5 of 5"}
2026-02-04 11:26:42:701 [3d067a68][XCUITestDriver@fe5b] Got response with status 404: {"value":{"error":"no such element","message":"unable to find an element using 'name', value 'Me\nTab 5 of 5'","traceback":"(\n\t0   WebDriverAgentLib                   0x0000000116ad3462 FBNoSuchElementErrorResponseForRequest + 290\n\t1   WebDriverAgentLib                   0x0000000116ad3240 +[FBFindElementCommands handleFindElement:] + 352\n\t2   WebDriverAgentLib                   0x0000000116a92ccc -[FBRoute_TargetAction mountRequest:intoResponse:] + 172\n\t3   WebDriverAgentLib                   0x0000000116a79d99 __37-[FBWebServer registerRouteHandlers:]_block_invoke + 489\n\t4   WebDriverAgentLib                   0x0000000116ab5839 -[RoutingHTTPServer handleRoute:withRequest:response:] + 185\n\t5   WebDriverAgentLib                   0x0000000116ab6601 __72-[RoutingHTTPServer routeMethod:withPath:parameters:request:connection:]_block_invoke + 65\n\t6   libdispatch.dylib                   0x00007ff8026847ce _dispatch_client_callout + 6\n\t7   libdispatch.dylib                   0x00007ff80267a942 _...
2026-02-04 11:26:42:702 [3d067a68][W3C] Matched W3C error code 'no such element' to NoSuchElementError
2026-02-04 11:26:42:702 [3d067a68][XCUITestDriver@fe5b] Encountered internal error running command: NoSuchElementError: An element could not be located on the page using the given search parameters.
    at XCUITestDriver.doNativeFind (/Users/meezotech/.appium/node_modules/appium-xcuitest-driver/lib/commands/find.ts:205:13)
    at processTicksAndRejections (node:internal/process/task_queues:103:5)
    at XCUITestDriver.findNativeElementOrElements (/Users/meezotech/.appium/node_modules/appium-xcuitest-driver/lib/commands/find.ts:130:7)
    at XCUITestDriver.findElOrEls (/Users/meezotech/.appium/node_modules/appium-xcuitest-driver/lib/commands/find.ts:54:7)
    at XCUITestDriver.findElOrElsWithProcessing (/usr/local/lib/node_modules/appium/node_modules/@appium/base-driver/lib/basedriver/commands/find.ts:60:12)
    at XCUITestDriver.findElement (/usr/local/lib/node_modules/appium/node_modules/@appium/base-driver/lib/basedriver/commands/find.ts:75:12)
2026-02-04 11:26:42:703 [3d067a68][HTTP] <-- POST /session/3d067a68-b09a-4b25-957c-63e77c336bf2/element 404 55 ms - 1010 
2026-02-04 11:26:43:208 [3d067a68][HTTP] --> POST /session/3d067a68-b09a-4b25-957c-63e77c336bf2/element {"using":"name","value":"Me\nTab 5 of 5"}
2026-02-04 11:26:43:208 [3d067a68][XCUITestDriver@fe5b] Calling AppiumDriver.findElement() with args: ["name","Me\nTab 5 of 5","3d067a68-b09a-4b25-957c-63e77c336bf2"]
2026-02-04 11:26:43:209 [3d067a68][XCUITestDriver@fe5b] Executing command 'findElement'
2026-02-04 11:26:43:209 [3d067a68][XCUITestDriver@fe5b] Valid locator strategies for this request: xpath, id, name, class name, -ios predicate string, -ios class chain, accessibility id, css selector
2026-02-04 11:26:43:209 [3d067a68][XCUITestDriver@fe5b] Waiting up to 0 ms for condition
2026-02-04 11:26:43:210 [3d067a68][XCUITestDriver@fe5b] Matched '/element' to command name 'findElement'
2026-02-04 11:26:43:210 [3d067a68][XCUITestDriver@fe5b] Proxying [POST /element] to [POST http://127.0.0.1:8100/session/355D2C86-BA04-4748-92D8-B6E0999EC2B2/element] with body: {"using":"name","value":"Me\nTab 5 of 5"}
2026-02-04 11:26:43:323 [3d067a68][XCUITestDriver@fe5b] Got response with status 404: {"value":{"error":"no such element","message":"unable to find an element using 'name', value 'Me\nTab 5 of 5'","traceback":"(\n\t0   WebDriverAgentLib                   0x0000000116ad3462 FBNoSuchElementErrorResponseForRequest + 290\n\t1   WebDriverAgentLib                   0x0000000116ad3240 +[FBFindElementCommands handleFindElement:] + 352\n\t2   WebDriverAgentLib                   0x0000000116a92ccc -[FBRoute_TargetAction mountRequest:intoResponse:] + 172\n\t3   WebDriverAgentLib                   0x0000000116a79d99 __37-[FBWebServer registerRouteHandlers:]_block_invoke + 489\n\t4   WebDriverAgentLib                   0x0000000116ab5839 -[RoutingHTTPServer handleRoute:withRequest:response:] + 185\n\t5   WebDriverAgentLib                   0x0000000116ab6601 __72-[RoutingHTTPServer routeMethod:withPath:parameters:request:connection:]_block_invoke + 65\n\t6   libdispatch.dylib                   0x00007ff8026847ce _dispatch_client_callout + 6\n\t7   libdispatch.dylib                   0x00007ff80267a942 _...
2026-02-04 11:26:43:324 [3d067a68][W3C] Matched W3C error code 'no such element' to NoSuchElementError
2026-02-04 11:26:43:325 [3d067a68][XCUITestDriver@fe5b] Encountered internal error running command: NoSuchElementError: An element could not be located on the page using the given search parameters.
    at XCUITestDriver.doNativeFind (/Users/meezotech/.appium/node_modules/appium-xcuitest-driver/lib/commands/find.ts:205:13)
    at processTicksAndRejections (node:internal/process/task_queues:103:5)
    at XCUITestDriver.findNativeElementOrElements (/Users/meezotech/.appium/node_modules/appium-xcuitest-driver/lib/commands/find.ts:130:7)
    at XCUITestDriver.findElOrEls (/Users/meezotech/.appium/node_modules/appium-xcuitest-driver/lib/commands/find.ts:54:7)
    at XCUITestDriver.findElOrElsWithProcessing (/usr/local/lib/node_modules/appium/node_modules/@appium/base-driver/lib/basedriver/commands/find.ts:60:12)
    at XCUITestDriver.findElement (/usr/local/lib/node_modules/appium/node_modules/@appium/base-driver/lib/basedriver/commands/find.ts:75:12)
2026-02-04 11:26:43:326 [3d067a68][HTTP] <-- POST /session/3d067a68-b09a-4b25-957c-63e77c336bf2/element 404 118 ms - 1010 
2026-02-04 11:26:43:829 [3d067a68][HTTP] --> POST /session/3d067a68-b09a-4b25-957c-63e77c336bf2/element {"using":"name","value":"Me\nTab 5 of 5"}
2026-02-04 11:26:43:829 [3d067a68][XCUITestDriver@fe5b] Calling AppiumDriver.findElement() with args: ["name","Me\nTab 5 of 5","3d067a68-b09a-4b25-957c-63e77c336bf2"]
2026-02-04 11:26:43:829 [3d067a68][XCUITestDriver@fe5b] Executing command 'findElement'
2026-02-04 11:26:43:829 [3d067a68][XCUITestDriver@fe5b] Valid locator strategies for this request: xpath, id, name, class name, -ios predicate string, -ios class chain, accessibility id, css selector
2026-02-04 11:26:43:829 [3d067a68][XCUITestDriver@fe5b] Waiting up to 0 ms for condition
2026-02-04 11:26:43:829 [3d067a68][XCUITestDriver@fe5b] Matched '/element' to command name 'findElement'
2026-02-04 11:26:43:830 [3d067a68][XCUITestDriver@fe5b] Proxying [POST /element] to [POST http://127.0.0.1:8100/session/355D2C86-BA04-4748-92D8-B6E0999EC2B2/element] with body: {"using":"name","value":"Me\nTab 5 of 5"}
2026-02-04 11:26:43:897 [3d067a68][XCUITestDriver@fe5b] Got response with status 404: {"value":{"error":"no such element","message":"unable to find an element using 'name', value 'Me\nTab 5 of 5'","traceback":"(\n\t0   WebDriverAgentLib                   0x0000000116ad3462 FBNoSuchElementErrorResponseForRequest + 290\n\t1   WebDriverAgentLib                   0x0000000116ad3240 +[FBFindElementCommands handleFindElement:] + 352\n\t2   WebDriverAgentLib                   0x0000000116a92ccc -[FBRoute_TargetAction mountRequest:intoResponse:] + 172\n\t3   WebDriverAgentLib                   0x0000000116a79d99 __37-[FBWebServer registerRouteHandlers:]_block_invoke + 489\n\t4   WebDriverAgentLib                   0x0000000116ab5839 -[RoutingHTTPServer handleRoute:withRequest:response:] + 185\n\t5   WebDriverAgentLib                   0x0000000116ab6601 __72-[RoutingHTTPServer routeMethod:withPath:parameters:request:connection:]_block_invoke + 65\n\t6   libdispatch.dylib                   0x00007ff8026847ce _dispatch_client_callout + 6\n\t7   libdispatch.dylib                   0x00007ff80267a942 _...
2026-02-04 11:26:43:898 [3d067a68][W3C] Matched W3C error code 'no such element' to NoSuchElementError
2026-02-04 11:26:43:898 [3d067a68][XCUITestDriver@fe5b] Encountered internal error running command: NoSuchElementError: An element could not be located on the page using the given search parameters.
    at XCUITestDriver.doNativeFind (/Users/meezotech/.appium/node_modules/appium-xcuitest-driver/lib/commands/find.ts:205:13)
    at processTicksAndRejections (node:internal/process/task_queues:103:5)
    at XCUITestDriver.findNativeElementOrElements (/Users/meezotech/.appium/node_modules/appium-xcuitest-driver/lib/commands/find.ts:130:7)
    at XCUITestDriver.findElOrEls (/Users/meezotech/.appium/node_modules/appium-xcuitest-driver/lib/commands/find.ts:54:7)
    at XCUITestDriver.findElOrElsWithProcessing (/usr/local/lib/node_modules/appium/node_modules/@appium/base-driver/lib/basedriver/commands/find.ts:60:12)
    at XCUITestDriver.findElement (/usr/local/lib/node_modules/appium/node_modules/@appium/base-driver/lib/basedriver/commands/find.ts:75:12)
2026-02-04 11:26:43:899 [3d067a68][HTTP] <-- POST /session/3d067a68-b09a-4b25-957c-63e77c336bf2/element 404 70 ms - 1010 
2026-02-04 11:26:44:403 [3d067a68][HTTP] --> POST /session/3d067a68-b09a-4b25-957c-63e77c336bf2/element {"using":"name","value":"Me\nTab 5 of 5"}
2026-02-04 11:26:44:403 [3d067a68][XCUITestDriver@fe5b] Calling AppiumDriver.findElement() with args: ["name","Me\nTab 5 of 5","3d067a68-b09a-4b25-957c-63e77c336bf2"]
2026-02-04 11:26:44:403 [3d067a68][XCUITestDriver@fe5b] Executing command 'findElement'
2026-02-04 11:26:44:403 [3d067a68][XCUITestDriver@fe5b] Valid locator strategies for this request: xpath, id, name, class name, -ios predicate string, -ios class chain, accessibility id, css selector
2026-02-04 11:26:44:403 [3d067a68][XCUITestDriver@fe5b] Waiting up to 0 ms for condition
2026-02-04 11:26:44:404 [3d067a68][XCUITestDriver@fe5b] Matched '/element' to command name 'findElement'
2026-02-04 11:26:44:404 [3d067a68][XCUITestDriver@fe5b] Proxying [POST /element] to [POST http://127.0.0.1:8100/session/355D2C86-BA04-4748-92D8-B6E0999EC2B2/element] with body: {"using":"name","value":"Me\nTab 5 of 5"}
2026-02-04 11:26:44:692 [3d067a68][XCUITestDriver@fe5b] Got response with status 404: {"value":{"error":"no such element","message":"unable to find an element using 'name', value 'Me\nTab 5 of 5'","traceback":"(\n\t0   WebDriverAgentLib                   0x0000000116ad3462 FBNoSuchElementErrorResponseForRequest + 290\n\t1   WebDriverAgentLib                   0x0000000116ad3240 +[FBFindElementCommands handleFindElement:] + 352\n\t2   WebDriverAgentLib                   0x0000000116a92ccc -[FBRoute_TargetAction mountRequest:intoResponse:] + 172\n\t3   WebDriverAgentLib                   0x0000000116a79d99 __37-[FBWebServer registerRouteHandlers:]_block_invoke + 489\n\t4   WebDriverAgentLib                   0x0000000116ab5839 -[RoutingHTTPServer handleRoute:withRequest:response:] + 185\n\t5   WebDriverAgentLib                   0x0000000116ab6601 __72-[RoutingHTTPServer routeMethod:withPath:parameters:request:connection:]_block_invoke + 65\n\t6   libdispatch.dylib                   0x00007ff8026847ce _dispatch_client_callout + 6\n\t7   libdispatch.dylib                   0x00007ff80267a942 _...
2026-02-04 11:26:44:693 [3d067a68][W3C] Matched W3C error code 'no such element' to NoSuchElementError
2026-02-04 11:26:44:693 [3d067a68][XCUITestDriver@fe5b] Encountered internal error running command: NoSuchElementError: An element could not be located on the page using the given search parameters.
    at XCUITestDriver.doNativeFind (/Users/meezotech/.appium/node_modules/appium-xcuitest-driver/lib/commands/find.ts:205:13)
    at processTicksAndRejections (node:internal/process/task_queues:103:5)
    at XCUITestDriver.findNativeElementOrElements (/Users/meezotech/.appium/node_modules/appium-xcuitest-driver/lib/commands/find.ts:130:7)
    at XCUITestDriver.findElOrEls (/Users/meezotech/.appium/node_modules/appium-xcuitest-driver/lib/commands/find.ts:54:7)
    at XCUITestDriver.findElOrElsWithProcessing (/usr/local/lib/node_modules/appium/node_modules/@appium/base-driver/lib/basedriver/commands/find.ts:60:12)
    at XCUITestDriver.findElement (/usr/local/lib/node_modules/appium/node_modules/@appium/base-driver/lib/basedriver/commands/find.ts:75:12)
2026-02-04 11:26:44:694 [3d067a68][HTTP] <-- POST /session/3d067a68-b09a-4b25-957c-63e77c336bf2/element 404 291 ms - 1010 
2026-02-04 11:26:45:198 [3d067a68][HTTP] --> POST /session/3d067a68-b09a-4b25-957c-63e77c336bf2/element {"using":"name","value":"Me\nTab 5 of 5"}
2026-02-04 11:26:45:198 [3d067a68][XCUITestDriver@fe5b] Calling AppiumDriver.findElement() with args: ["name","Me\nTab 5 of 5","3d067a68-b09a-4b25-957c-63e77c336bf2"]
2026-02-04 11:26:45:198 [3d067a68][XCUITestDriver@fe5b] Executing command 'findElement'
2026-02-04 11:26:45:198 [3d067a68][XCUITestDriver@fe5b] Valid locator strategies for this request: xpath, id, name, class name, -ios predicate string, -ios class chain, accessibility id, css selector
2026-02-04 11:26:45:198 [3d067a68][XCUITestDriver@fe5b] Waiting up to 0 ms for condition
2026-02-04 11:26:45:199 [3d067a68][XCUITestDriver@fe5b] Matched '/element' to command name 'findElement'
2026-02-04 11:26:45:199 [3d067a68][XCUITestDriver@fe5b] Proxying [POST /element] to [POST http://127.0.0.1:8100/session/355D2C86-BA04-4748-92D8-B6E0999EC2B2/element] with body: {"using":"name","value":"Me\nTab 5 of 5"}
2026-02-04 11:26:46:487 [3d067a68][XCUITestDriver@fe5b] Got response with status 200: {"value":{"ELEMENT":"C4000000-0000-0000-0602-010000000000","element-6066-11e4-a52e-4f735466cecf":"C4000000-0000-0000-0602-010000000000"},"sessionId":"355D2C86-BA04-4748-92D8-B6E0999EC2B2"}
2026-02-04 11:26:46:487 [3d067a68][XCUITestDriver@fe5b] Responding to client with driver.findElement() result: {"element-6066-11e4-a52e-4f735466cecf":"C4000000-0000-0000-0602-010000000000","ELEMENT":"C4000000-0000-0000-0602-010000000000"}
2026-02-04 11:26:46:487 [3d067a68][HTTP] <-- POST /session/3d067a68-b09a-4b25-957c-63e77c336bf2/element 200 1289 ms - 137 
2026-02-04 11:26:46:489 [3d067a68][HTTP] --> GET /session/3d067a68-b09a-4b25-957c-63e77c336bf2/element/C4000000-0000-0000-0602-010000000000/displayed 
2026-02-04 11:26:46:489 [3d067a68][XCUITestDriver@fe5b] Driver proxy active, passing request on via HTTP proxy
2026-02-04 11:26:46:489 [3d067a68][XCUITestDriver@fe5b] Executing command 'proxyReqRes'
2026-02-04 11:26:46:490 [3d067a68][XCUITestDriver@fe5b] Matched '/session/3d067a68-b09a-4b25-957c-63e77c336bf2/element/C4000000-0000-0000-0602-010000000000/displayed' to command name 'elementDisplayed'
2026-02-04 11:26:46:490 [3d067a68][XCUITestDriver@fe5b] Proxying [GET /session/3d067a68-b09a-4b25-957c-63e77c336bf2/element/C4000000-0000-0000-0602-010000000000/displayed] to [GET http://127.0.0.1:8100/session/355D2C86-BA04-4748-92D8-B6E0999EC2B2/element/C4000000-0000-0000-0602-010000000000/displayed] with no body
2026-02-04 11:26:46:729 [3d067a68][XCUITestDriver@fe5b] Got response with status 200: {"value":true,"sessionId":"355D2C86-BA04-4748-92D8-B6E0999EC2B2"}
2026-02-04 11:26:46:729 [3d067a68][XCUITestDriver@fe5b] Replacing sessionId 355D2C86-BA04-4748-92D8-B6E0999EC2B2 with 3d067a68-b09a-4b25-957c-63e77c336bf2
2026-02-04 11:26:46:730 [3d067a68][HTTP] <-- GET /session/3d067a68-b09a-4b25-957c-63e77c336bf2/element/C4000000-0000-0000-0602-010000000000/displayed 200 241 ms - 14 
2026-02-04 11:26:46:732 [3d067a68][HTTP] --> DELETE /session/3d067a68-b09a-4b25-957c-63e77c336bf2 
2026-02-04 11:26:46:732 [3d067a68][XCUITestDriver@fe5b] Calling AppiumDriver.deleteSession() with args: ["3d067a68-b09a-4b25-957c-63e77c336bf2"]
2026-02-04 11:26:46:732 [3d067a68][AppiumDriver@a33e] Event 'quitSessionRequested' logged at 1770204406732 (16:26:46 GMT+0500 (Pakistan Standard Time))
2026-02-04 11:26:46:732 [3d067a68][AppiumDriver@a33e] Removing session 3d067a68-b09a-4b25-957c-63e77c336bf2 from our master session list
2026-02-04 11:26:46:733 [3d067a68][XCUITestDriver@fe5b] Proxying [DELETE /session/3d067a68-b09a-4b25-957c-63e77c336bf2] to [DELETE http://127.0.0.1:8100/session/355D2C86-BA04-4748-92D8-B6E0999EC2B2] with no body
2026-02-04 11:26:47:762 [3d067a68][XCUITestDriver@fe5b] Got response with status 200: {"value":null,"sessionId":null}
2026-02-04 11:26:47:762 [3d067a68][DevCon Factory] Releasing connections for BF288222-4428-4E67-8878-2DAC2732FE3A device on any port number
2026-02-04 11:26:47:762 [3d067a68][DevCon Factory] Found cached connections to release: ["BF288222-4428-4E67-8878-2DAC2732FE3A:8100","BF288222-4428-4E67-8878-2DAC2732FE3A:9100"]
2026-02-04 11:26:47:762 [3d067a68][DevCon Factory] Cached connections count: 0
2026-02-04 11:26:47:762 [3d067a68][XCUITestDriver@fe5b] Not clearing log files. Use `clearSystemFiles` capability to turn on.
2026-02-04 11:26:47:762 [3d067a68][XCUITestDriver@fe5b] Stopping iOS log capture
2026-02-04 11:26:47:774 [3d067a68][AppiumDriver@a33e] Event 'quitSessionFinished' logged at 1770204407774 (16:26:47 GMT+0500 (Pakistan Standard Time))
2026-02-04 11:26:47:775 [3d067a68][AppiumDriver@a33e] Received response: null
2026-02-04 11:26:47:775 [3d067a68][AppiumDriver@a33e] But deleting session, so not returning
2026-02-04 11:26:47:775 [3d067a68][AppiumDriver@a33e] Responding to client with driver.deleteSession() result: null
2026-02-04 11:26:47:775 [3d067a68][HTTP] <-- DELETE /session/3d067a68-b09a-4b25-957c-63e77c336bf2 200 1043 ms - 14 
2026-02-04 11:26:47:912 [Appium] Received SIGTERM - shutting down
